article_id,group_name,mention_instances,sentence_mentions,active_voice_mentions,passive_voice_mentions,quote_count,quoted_mentions,dehumanizing_count,criminalizing_count,collectivizing_count,erasure_of_civilian_status_count,incitement_displacement_count,incitement_destruction_count,discrediting_journalists_count,censorship_repression_count,victimizing_count,humanizing_count,active_voice_rate,passive_voice_rate,quoted_context_rate,dehumanization_score
2023_10_07_antworten-auf-die-wichtigsten-fragen-zum-krieg,israelis,20,20,15,1,2,1,0,1,0,0,0,0,0,0,0,1,0.75,0.05,0.05,1.0
2023_10_07_antworten-auf-die-wichtigsten-fragen-zum-krieg,palestinians,7,6,4,0,2,1,0,0,0,0,0,0,0,0,0,0,0.5714,0.0,0.1429,0.0
2023_10_07_biden-die-usa-stehen-an-der-seite-israels,general_journalists,1,1,0,0,2,1,0,0,0,0,0,0,0,0,0,0,0.0,0.0,1.0,0.0
2023_10_07_biden-die-usa-stehen-an-der-seite-israels,israelis,37,36,23,0,42,14,0,0,0,0,0,0,0,0,0,3,0.6216,0.0,0.3784,-3.0
2023_10_07_biden-die-usa-stehen-an-der-seite-israels,palestinians,5,5,2,0,4,1,0,0,0,0,0,0,0,0,0,0,0.4,0.0,0.2,0.0
2023_10_07_chronologie-eines-schier-endlosen-konflikts,israelis,81,72,51,5,4,6,0,0,4,0,0,0,0,0,0,4,0.6296,0.0617,0.0741,6.5
2023_10_07_chronologie-eines-schier-endlosen-konflikts,palestinians,35,33,17,3,2,4,0,0,10,0,1,0,0,0,0,2,0.4857,0.0857,0.1143,22.0
2023_10_07_ein-angriff-brutal-und-perfide,israelis,10,9,6,0,2,1,0,0,0,0,0,1,0,0,1,0,0.6,0.0,0.1,3.0
2023_10_07_ein-angriff-brutal-und-perfide,palestinians,3,3,2,0,0,0,0,0,0,0,1,0,0,0,1,0,0.6667,0.0,0.0,3.0
2023_10_07_ein-angriff-der-an-ein-altes-trauma-r-hrt,israelis,16,16,11,1,2,1,0,0,0,0,0,0,0,0,0,0,0.6875,0.0625,0.0625,0.5
2023_10_07_ein-angriff-der-an-ein-altes-trauma-r-hrt,palestinians,4,4,4,0,0,0,0,0,0,0,0,0,0,0,0,0,1.0,0.0,0.0,0.0
2023_10_07_eine-neue-eskalation-der-gewalt,israelis,11,11,4,1,2,1,0,0,0,0,0,0,0,0,0,0,0.3636,0.0909,0.0909,0.5
2023_10_07_eine-neue-eskalation-der-gewalt,palestinians,7,7,7,0,2,1,0,0,0,0,0,0,0,0,0,0,1.0,0.0,0.1429,0.0
2023_10_07_mindestens-300-tote-in-israel-nach-attacken-aus-gaza,israelis,2,2,1,0,2,1,0,0,0,0,0,0,0,0,0,0,0.5,0.0,0.5,0.0
2023_10_07_mindestens-300-tote-in-israel-nach-attacken-aus-gaza,palestinians,2,2,1,0,0,0,0,0,0,0,0,0,0,0,0,0,0.5,0.0,0.0,0.0
2023_10_07_stadt-im-schatten,israelis,7,7,4,0,1,0,0,0,0,0,0,0,0,0,0,0,0.5714,0.0,0.0,0.0
2023_10_07_stadt-im-schatten,palestinians,1,1,1,0,0,0,0,0,0,0,0,0,0,0,0,0,1.0,0.0,0.0,0.0
2023_10_08_der-meister-der-m-rtyrer,israelis,13,12,7,1,0,1,0,0,0,0,0,0,0,0,0,2,0.5385,0.0769,0.0769,-1.5
2023_10_08_der-meister-der-m-rtyrer,palestinians,2,2,1,0,0,1,0,0,0,0,0,0,0,0,0,0,0.5,0.0,0.5,0.0
2023_10_08_die-ann-herung-mit-dem-k-nigreich-wird-gestoppt,general_journalists,1,1,0,0,2,1,0,0,0,0,0,0,0,0,0,0,0.0,0.0,1.0,0.0
2023_10_08_die-ann-herung-mit-dem-k-nigreich-wird-gestoppt,israelis,17,16,13,1,5,2,0,0,1,0,0,0,0,0,0,0,0.7647,0.0588,0.1176,2.5
2023_10_08_die-ann-herung-mit-dem-k-nigreich-wird-gestoppt,palestinians,7,6,4,0,2,1,0,0,2,0,0,0,0,0,0,0,0.5714,0.0,0.1429,4.0
2023_10_08_israel-erlebt-einen-9-11-moment-wie-konnte-es-dazu-kommen,israelis,25,22,20,3,6,3,0,0,0,0,0,0,0,0,0,0,0.8,0.12,0.12,1.5
2023_10_08_israel-erlebt-einen-9-11-moment-wie-konnte-es-dazu-kommen,palestinians,10,10,5,2,0,0,0,0,0,0,0,0,0,0,0,0,0.5,0.2,0.0,1.0
2023_10_08_nachrichten-am-08-oktober-2023,israelis,5,5,4,1,0,0,0,0,1,0,0,0,0,0,0,0,0.8,0.2,0.0,2.5
2023_10_08_nachrichten-am-08-oktober-2023,palestinians,3,3,2,0,0,0,0,0,1,0,0,0,0,0,0,0,0.6667,0.0,0.0,2.0
2023_10_08_und-dann-heulen-die-sirenen,israelis,7,7,3,1,0,0,0,0,0,0,0,0,0,0,0,0,0.4286,0.1429,0.0,0.5
2023_10_08_und-dann-heulen-die-sirenen,palestinians,1,1,1,0,0,0,0,0,0,0,0,0,0,0,0,0,1.0,0.0,0.0,0.0
2023_10_08_verwundbarkeit-und-verantwortung,israelis,9,8,5,0,0,0,0,0,0,0,0,0,0,0,1,0,0.5556,0.0,0.0,0.5
2023_10_08_verwundbarkeit-und-verantwortung,palestinians,1,1,1,0,0,0,0,0,0,0,0,0,0,0,0,0,1.0,0.0,0.0,0.0
2023_10_08_zerst-rung-und-trauer,israelis,5,5,0,0,0,0,0,0,0,0,0,0,0,0,0,0,0.0,0.0,0.0,0.0
2023_10_08_zerst-rung-und-trauer,palestinians,4,4,2,0,0,0,0,0,0,0,0,0,0,0,1,0,0.5,0.0,0.0,0.5
2023_10_09_260-tote-nach-hamas-angriff-auf-musikfestival,general_journalists,3,3,2,0,0,0,0,0,0,0,0,0,0,0,0,0,0.6667,0.0,0.0,0.0
2023_10_09_260-tote-nach-hamas-angriff-auf-musikfestival,israelis,4,4,1,0,2,1,0,0,0,0,0,0,0,0,0,0,0.25,0.0,0.25,0.0
2023_10_09_260-tote-nach-hamas-angriff-auf-musikfestival,palestinians,1,1,0,0,2,1,0,0,0,0,0,0,0,0,0,0,0.0,0.0,1.0,0.0
2023_10_09_biden-muss-seine-priorit-ten-neu-berdenken,israelis,17,15,12,1,0,1,0,0,0,0,0,0,0,0,0,0,0.7059,0.0588,0.0588,0.5
2023_10_09_biden-muss-seine-priorit-ten-neu-berdenken,palestinians,2,2,1,0,0,0,0,0,0,0,0,0,0,0,0,2,0.5,0.0,0.0,-2.0
2023_10_09_die-drahtzieher-in-teheran,israelis,22,20,9,1,0,5,0,0,1,0,0,0,0,0,0,2,0.4091,0.0455,0.2273,0.5
2023_10_09_die-drahtzieher-in-teheran,palestinians,6,6,2,0,0,2,0,0,1,0,0,0,0,0,0,0,0.3333,0.0,0.3333,2.0
2023_10_09_die-grenze-der-meinungsfreiheit,israelis,2,2,1,0,2,1,0,0,0,0,0,0,0,0,0,0,0.5,0.0,0.5,0.0
2023_10_09_die-grenze-der-meinungsfreiheit,palestinians,1,1,0,0,2,1,0,0,0,0,0,0,0,0,0,0,0.0,0.0,1.0,0.0
2023_10_09_die-gro-e-ann-herung-liegt-auf-eis,general_journalists,1,1,0,0,0,1,0,0,0,0,0,0,0,0,0,0,0.0,0.0,1.0,0.0
2023_10_09_die-gro-e-ann-herung-liegt-auf-eis,israelis,16,15,14,0,0,4,0,0,1,0,0,0,0,0,0,2,0.875,0.0,0.25,0.0
2023_10_09_die-gro-e-ann-herung-liegt-auf-eis,palestinians,7,6,4,0,0,1,0,0,2,0,0,0,0,0,0,0,0.5714,0.0,0.1429,4.0
2023_10_09_im-windschatten-der-katastrophe,general_journalists,1,1,0,0,0,0,0,0,0,0,0,0,0,0,0,0,0.0,0.0,0.0,0.0
2023_10_09_im-windschatten-der-katastrophe,israelis,17,17,9,1,0,4,0,0,0,0,0,0,0,0,0,0,0.5294,0.0588,0.2353,0.5
2023_10_09_im-windschatten-der-katastrophe,palestinians,2,2,1,0,0,0,0,0,0,0,0,0,0,0,0,0,0.5,0.0,0.0,0.0
2023_10_09_israel-stellt-sich-auf-langen-krieg-ein,general_journalists,1,1,1,0,0,0,0,0,0,0,0,0,0,0,0,0,1.0,0.0,0.0,0.0
2023_10_09_israel-stellt-sich-auf-langen-krieg-ein,israelis,13,12,7,1,0,1,0,0,0,0,0,0,0,0,0,2,0.5385,0.0769,0.0769,-1.5
2023_10_09_israel-stellt-sich-auf-langen-krieg-ein,palestinians,2,2,1,0,0,0,0,0,0,0,0,0,0,0,0,0,0.5,0.0,0.0,0.0
2023_10_09_jahia-sinwar,israelis,11,10,6,1,0,1,0,0,0,0,0,0,0,0,0,2,0.5455,0.0909,0.0909,-1.5
2023_10_09_jahia-sinwar,palestinians,2,2,1,0,0,0,0,0,0,0,0,0,0,0,0,0,0.5,0.0,0.0,0.0
2023_10_09_nachrichten-am-9-oktober-2023,israelis,4,4,2,0,2,1,0,0,0,0,0,0,0,0,0,0,0.5,0.0,0.25,0.0
2023_10_09_nachrichten-am-9-oktober-2023,palestinians,1,1,0,0,0,0,0,0,0,0,0,0,0,0,0,0,0.0,0.0,0.0,0.0
2023_10_09_radikale-ideologie,israelis,9,9,6,0,0,0,0,0,0,0,0,0,0,0,0,0,0.6667,0.0,0.0,0.0
2023_10_09_radikale-ideologie,palestinians,3,3,2,0,0,0,0,0,0,0,0,0,0,0,0,0,0.6667,0.0,0.0,0.0
2023_10_09_so-verwundet,israelis,8,7,5,0,0,0,0,0,0,0,0,0,0,0,1,0,0.625,0.0,0.0,0.5
2023_10_09_so-verwundet,palestinians,1,1,1,0,0,0,0,0,0,0,0,0,0,0,0,0,1.0,0.0,0.0,0.0
2023_10_09_welche-rolle-spielte-teheran-beim-angriff-der-hamas,israelis,14,14,7,1,0,0,0,0,0,0,0,0,0,0,0,0,0.5,0.0714,0.0,0.5
2023_10_09_welche-rolle-spielte-teheran-beim-angriff-der-hamas,palestinians,4,4,2,0,2,1,0,0,0,0,0,0,0,0,0,0,0.5,0.0,0.25,0.0
2023_10_09_wir-versuchen-alles-um-meinen-eltern-zu-helfen,general_journalists,2,2,1,0,0,0,0,0,0,0,0,0,0,0,0,0,0.5,0.0,0.0,0.0
2023_10_09_wir-versuchen-alles-um-meinen-eltern-zu-helfen,israelis,8,8,7,1,3,1,0,0,0,0,0,0,0,0,0,0,0.875,0.125,0.125,0.5
2023_10_09_wir-versuchen-alles-um-meinen-eltern-zu-helfen,palestinians,5,5,3,0,5,2,0,0,0,0,0,0,0,0,0,2,0.6,0.0,0.4,-2.0
2023_10_09_zu-trauer-und-wut-kommt-dem-tigung,israelis,19,19,11,2,0,1,0,0,0,0,0,0,0,0,2,0,0.5789,0.1053,0.0526,2.0
2023_10_09_zu-trauer-und-wut-kommt-dem-tigung,palestinians,8,8,5,1,0,0,0,0,0,0,0,0,0,0,0,0,0.625,0.125,0.0,0.5
2023_10_10_applaus-der-gegen-das-gesetz-verst-t,israelis,2,2,2,0,0,0,0,0,0,0,0,0,0,0,0,0,1.0,0.0,0.0,0.0
2023_10_10_applaus-der-gegen-das-gesetz-verst-t,palestinians,3,3,1,0,0,1,0,0,0,0,0,0,0,0,0,0,0.3333,0.0,0.3333,0.0
2023_10_10_ausw-rtiges-amt-will-deutsche-ausfliegen-lassen,israelis,2,2,2,0,0,0,0,0,0,0,0,0,0,0,0,0,1.0,0.0,0.0,0.0
2023_10_10_der-ewigkeitsfluch,israelis,6,6,5,0,0,0,0,0,0,0,0,0,0,0,0,0,0.8333,0.0,0.0,0.0
2023_10_10_der-ewigkeitsfluch,palestinians,2,2,1,0,0,0,0,0,0,0,0,0,0,0,0,0,0.5,0.0,0.0,0.0
2023_10_10_der-hass-der-nicht-vergeht,israelis,6,6,3,0,0,0,0,0,1,0,0,0,0,0,0,0,0.5,0.0,0.0,2.0
2023_10_10_der-hass-der-nicht-vergeht,palestinians,11,11,7,2,0,0,0,0,2,0,0,0,0,0,0,0,0.6364,0.1818,0.0,5.0
2023_10_10_es-wird-keinen-strom-geben-keine-lebensmittel-keinen-treibstoff,general_journalists,1,1,0,0,0,0,0,0,0,0,0,0,0,0,0,0,0.0,0.0,0.0,0.0
2023_10_10_es-wird-keinen-strom-geben-keine-lebensmittel-keinen-treibstoff,israelis,19,18,11,1,0,6,0,0,0,0,0,0,0,0,0,0,0.5789,0.0526,0.3158,0.5
2023_10_10_es-wird-keinen-strom-geben-keine-lebensmittel-keinen-treibstoff,palestinians,2,2,2,0,0,0,0,0,0,0,0,0,0,0,0,0,1.0,0.0,0.0,0.0
2023_10_10_eu-und-deutschland-stoppen-hilfsgelder,israelis,5,5,2,0,0,1,0,0,1,0,0,0,0,0,0,0,0.4,0.0,0.2,2.0
2023_10_10_eu-und-deutschland-stoppen-hilfsgelder,palestinians,5,4,1,0,0,0,0,0,2,0,0,0,0,0,0,0,0.2,0.0,0.0,4.0
2023_10_10_europa-blamiert-sich-was-sonst,israelis,2,2,2,0,0,0,0,0,1,0,0,0,0,0,0,2,1.0,0.0,0.0,0.0
2023_10_10_europa-blamiert-sich-was-sonst,palestinians,3,3,2,0,0,0,0,0,2,0,0,0,0,0,0,2,0.6667,0.0,0.0,2.0
2023_10_10_freiheiten-und-grenzen,israelis,3,3,1,0,0,1,0,0,0,0,0,0,0,0,0,0,0.3333,0.0,0.3333,0.0
2023_10_10_freiheiten-und-grenzen,palestinians,1,1,0,0,0,1,0,0,0,0,0,0,0,0,0,0,0.0,0.0,1.0,0.0
2023_10_10_hetze-gegen-israel-polizei-und-staatsanw-lte-ermitteln,israelis,13,12,6,1,28,9,0,0,0,0,0,0,0,0,0,2,0.4615,0.0769,0.6923,-1.5
2023_10_10_hetze-gegen-israel-polizei-und-staatsanw-lte-ermitteln,palestinians,4,4,2,1,10,4,0,0,0,0,0,0,0,0,0,2,0.5,0.25,1.0,-1.5
2023_10_10_ich-stehe-vor-euch-mit-gebrochenem-herzen,israelis,23,20,14,3,0,17,0,0,0,0,0,0,0,0,0,0,0.6087,0.1304,0.7391,1.5
2023_10_10_ich-stehe-vor-euch-mit-gebrochenem-herzen,palestinians,6,6,4,1,0,4,0,0,0,0,0,0,0,0,0,0,0.6667,0.1667,0.6667,0.5
2023_10_10_im-sog-des-moralischen-abgrunds,israelis,8,8,5,1,2,1,0,0,0,0,0,0,0,0,0,0,0.625,0.125,0.125,0.5
2023_10_10_im-sog-des-moralischen-abgrunds,palestinians,3,3,3,0,0,0,0,0,0,1,0,0,0,0,0,1,1.0,0.0,0.0,1.0
2023_10_10_in-einem-verwundeten-land,israelis,15,15,8,3,0,2,0,0,0,0,0,0,0,0,0,0,0.5333,0.2,0.1333,1.5
2023_10_10_in-einem-verwundeten-land,palestinians,3,3,2,0,0,0,0,0,0,0,0,0,0,0,0,0,0.6667,0.0,0.0,0.0
2023_10_10_israel-trifft-vorbereitungen-f-r-eine-bodenoffensive,israelis,26,21,18,0,6,3,0,0,0,0,0,0,0,0,0,0,0.6923,0.0,0.1154,0.0
2023_10_10_israel-trifft-vorbereitungen-f-r-eine-bodenoffensive,palestinians,3,3,2,1,0,0,0,0,1,0,0,0,0,0,0,0,0.6667,0.3333,0.0,2.5
2023_10_10_krieg-in-nahost-gibt-es-hoffnung-f-r-die-israelischen-geiseln-in-gaza,israelis,3,3,0,0,4,1,0,0,0,0,0,0,0,0,0,0,0.0,0.0,0.3333,0.0
2023_10_10_krieg-in-nahost-gibt-es-hoffnung-f-r-die-israelischen-geiseln-in-gaza,palestinians,2,2,1,0,2,1,0,0,0,0,0,0,0,0,0,0,0.5,0.0,0.5,0.0
2023_10_10_sanktionen-f-r-hamas-unterst-tzer-gefordert,israelis,5,5,2,0,7,2,0,0,0,0,0,0,0,0,0,0,0.4,0.0,0.4,0.0
2023_10_10_sanktionen-f-r-hamas-unterst-tzer-gefordert,palestinians,6,5,2,0,10,5,0,0,0,0,0,0,0,0,0,4,0.3333,0.0,0.8333,-4.0
2023_10_10_seit-dem-holocaust-nicht-mehr-erlebt,general_journalists,1,1,0,0,0,0,0,0,0,0,0,0,0,0,0,0,0.0,0.0,0.0,0.0
2023_10_10_seit-dem-holocaust-nicht-mehr-erlebt,israelis,18,17,11,0,0,3,0,0,0,0,0,0,0,0,0,0,0.6111,0.0,0.1667,0.0
2023_10_10_seit-dem-holocaust-nicht-mehr-erlebt,palestinians,1,1,1,0,0,1,0,0,0,0,0,0,0,0,0,0,1.0,0.0,1.0,0.0
2023_10_10_spurlos-verschwunden,general_journalists,2,2,1,0,0,0,0,0,0,0,0,0,0,0,0,0,0.5,0.0,0.0,0.0
2023_10_10_spurlos-verschwunden,israelis,9,9,7,2,0,0,0,0,0,0,0,0,0,0,0,0,0.7778,0.2222,0.0,1.0
2023_10_10_spurlos-verschwunden,palestinians,3,3,2,0,0,0,0,0,0,0,0,0,0,0,0,2,0.6667,0.0,0.0,-2.0
2023_10_10_warum-erdo-an-vermitteln-will,israelis,18,15,11,0,14,5,0,0,1,0,0,0,0,0,0,2,0.6111,0.0,0.2778,0.0
2023_10_10_warum-erdo-an-vermitteln-will,palestinians,7,7,4,0,6,1,0,0,2,0,0,0,0,0,0,0,0.5714,0.0,0.1429,4.0
2023_10_10_welche-rolle-spielt-teheran,israelis,13,13,5,0,0,2,0,0,0,0,0,0,0,0,0,0,0.3846,0.0,0.1538,0.0
2023_10_10_welche-rolle-spielt-teheran,palestinians,5,5,2,0,0,2,0,0,0,0,0,0,0,0,0,0,0.4,0.0,0.4,0.0
2023_10_11_aus-tr-mmern-eine-neue-welt-flicken,general_journalists,1,1,0,0,0,0,0,0,0,0,0,0,0,0,1,0,0.0,0.0,0.0,0.5
2023_10_11_aus-tr-mmern-eine-neue-welt-flicken,israelis,14,12,6,2,0,0,0,0,0,0,0,0,0,0,0,4,0.4286,0.1429,0.0,-3.0
2023_10_11_aus-tr-mmern-eine-neue-welt-flicken,palestinians,7,6,3,0,0,0,0,0,0,0,0,0,0,0,0,0,0.4286,0.0,0.0,0.0
2023_10_11_beste-absichten-gro-es-chaos,israelis,4,4,4,0,0,1,0,0,0,0,0,0,0,0,0,0,1.0,0.0,0.25,0.0
2023_10_11_beste-absichten-gro-es-chaos,palestinians,6,6,4,0,0,1,0,0,2,0,0,0,0,0,0,0,0.6667,0.0,0.1667,4.0
2023_10_11_die-sprache-die-elon-musk-versteht,general_journalists,1,1,1,0,0,0,0,0,0,0,0,0,0,0,0,0,1.0,0.0,0.0,0.0
2023_10_11_die-sprache-die-elon-musk-versteht,israelis,1,1,0,0,0,0,0,0,0,0,0,0,0,0,0,0,0.0,0.0,0.0,0.0
2023_10_11_die-sprache-die-elon-musk-versteht,palestinians,2,2,1,0,0,0,0,0,0,0,0,0,0,0,0,0,0.5,0.0,0.0,0.0
2023_10_11_erdo-an-will-schlichten,israelis,17,15,10,0,0,5,0,0,1,0,0,0,0,0,0,2,0.5882,0.0,0.2941,0.0
2023_10_11_erdo-an-will-schlichten,palestinians,7,7,4,0,0,2,0,0,2,0,0,0,0,0,0,0,0.5714,0.0,0.2857,4.0
2023_10_11_grauen-im-kibbuz,general_journalists,2,2,2,1,0,0,0,0,0,0,0,0,0,0,0,0,1.0,0.5,0.0,0.5
2023_10_11_grauen-im-kibbuz,israelis,42,42,24,3,0,2,0,0,0,0,0,0,0,0,2,0,0.5714,0.0714,0.0476,2.5
2023_10_11_grauen-im-kibbuz,palestinians,8,7,4,0,0,0,0,0,0,0,0,0,0,0,0,0,0.5,0.0,0.0,0.0
2023_10_11_hass-und,israelis,6,6,4,0,0,0,0,0,0,0,0,0,0,0,0,0,0.6667,0.0,0.0,0.0
2023_10_11_hass-und,palestinians,10,10,6,1,0,0,0,0,1,0,0,0,0,0,0,0,0.6,0.1,0.0,2.5
2023_10_11_hetze-gegen-israel-polizei-ermittelt,israelis,11,10,5,2,0,7,0,0,0,0,0,0,0,0,0,2,0.4545,0.1818,0.6364,-1.0
2023_10_11_hetze-gegen-israel-polizei-ermittelt,palestinians,4,4,2,0,0,4,0,0,0,0,0,0,0,0,0,2,0.5,0.0,1.0,-2.0
2023_10_11_ihr-widert-mich-an,israelis,2,2,2,0,0,0,0,0,0,0,0,0,0,0,0,0,1.0,0.0,0.0,0.0
2023_10_11_ihr-widert-mich-an,palestinians,2,2,0,0,0,0,0,0,0,0,0,0,0,0,0,0,0.0,0.0,0.0,0.0
2023_10_11_israel-bereitet-offenbar-offensive-vor,israelis,22,19,14,1,0,2,0,0,0,0,0,0,0,0,0,0,0.6364,0.0455,0.0909,0.5
2023_10_11_israel-bereitet-offenbar-offensive-vor,palestinians,3,3,2,1,0,0,0,0,1,0,0,0,0,0,0,0,0.6667,0.3333,0.0,2.5
2023_10_11_israel-droht-ein-drei-fronten-krieg,israelis,15,15,10,0,1,0,0,0,0,0,0,0,0,0,1,2,0.6667,0.0,0.0,-1.5
2023_10_11_israel-droht-ein-drei-fronten-krieg,palestinians,6,6,2,0,0,0,0,0,0,0,0,0,0,0,0,2,0.3333,0.0,0.0,-2.0
2023_10_11_israels-tech-sektor-ist-im-ausnahmezustand,israelis,6,6,5,0,2,0,0,0,0,0,0,0,0,0,0,0,0.8333,0.0,0.0,0.0
2023_10_11_israels-tech-sektor-ist-im-ausnahmezustand,palestinians,1,1,0,0,0,0,0,0,0,0,0,0,0,0,0,0,0.0,0.0,0.0,0.0
2023_10_11_k-stenstreifen-des-elends,israelis,14,14,7,2,0,1,0,0,0,0,0,0,0,0,0,0,0.5,0.1429,0.0714,1.0
2023_10_11_k-stenstreifen-des-elends,palestinians,4,4,2,1,0,0,0,0,0,0,0,0,0,0,0,0,0.5,0.25,0.0,0.5
2023_10_11_moralische-abgr-nde,israelis,8,8,5,1,0,1,0,0,0,0,0,0,0,0,0,0,0.625,0.125,0.125,0.5
2023_10_11_moralische-abgr-nde,palestinians,2,2,2,0,0,0,0,0,0,0,0,0,0,0,0,0,1.0,0.0,0.0,0.0
2023_10_11_nachrichten-am-11-oktober-2023,israelis,1,1,0,0,0,0,0,0,0,0,0,0,0,0,0,0,0.0,0.0,0.0,0.0
2023_10_11_nachrichten-am-11-oktober-2023,palestinians,1,1,0,0,0,0,0,0,0,0,0,0,0,0,0,0,0.0,0.0,0.0,0.0
2023_10_11_pr-sident-ohne-macht,israelis,4,4,2,0,0,0,0,0,0,0,0,0,0,0,0,0,0.5,0.0,0.0,0.0
2023_10_11_pr-sident-ohne-macht,palestinians,5,5,4,1,0,1,0,0,1,0,0,0,0,0,0,0,0.8,0.2,0.2,2.5
2023_10_11_republikaner-einigen-sich-auf-nachfolger-f-r-kevin-mccarthy,general_journalists,1,1,0,0,0,0,0,0,0,0,0,0,0,0,0,0,0.0,0.0,0.0,0.0
2023_10_11_republikaner-einigen-sich-auf-nachfolger-f-r-kevin-mccarthy,israelis,1,1,1,0,0,0,0,0,0,0,0,0,0,0,0,0,1.0,0.0,0.0,0.0
2023_10_11_sonderfl-ge-f-r-deutsche-aus-israel-starten,israelis,1,1,1,0,0,0,0,0,0,0,0,0,0,0,0,0,1.0,0.0,0.0,0.0
2023_10_11_umstrittener-kriegspremier,general_journalists,1,1,1,0,0,0,0,0,0,0,0,0,0,0,0,0,1.0,0.0,0.0,0.0
2023_10_11_umstrittener-kriegspremier,israelis,2,2,1,0,0,0,0,0,0,0,0,0,0,0,0,0,0.5,0.0,0.0,0.0
2023_10_11_umstrittener-kriegspremier,palestinians,2,2,1,0,0,0,0,0,0,0,0,0,0,0,0,0,0.5,0.0,0.0,0.0
2023_10_11_was-der-krieg-in-nahost-f-r-die-zivilbev-lkerung-in-gaza-bedeutet,israelis,4,4,1,0,1,0,0,0,0,0,0,0,0,0,0,0,0.25,0.0,0.0,0.0
2023_10_11_was-der-krieg-in-nahost-f-r-die-zivilbev-lkerung-in-gaza-bedeutet,palestinians,3,3,0,0,3,1,0,0,0,0,0,0,0,0,0,2,0.0,0.0,0.3333,-2.0
2023_10_11_was-wir-in-den-medien-sehen-sind-die-harmlosen-bilder,general_journalists,2,2,2,0,4,2,0,0,0,0,0,0,0,0,0,0,1.0,0.0,1.0,0.0
2023_10_11_was-wir-in-den-medien-sehen-sind-die-harmlosen-bilder,israelis,13,13,4,0,6,3,0,0,0,0,0,0,0,0,0,0,0.3077,0.0,0.2308,0.0
2023_10_12_alle-r-cken-zusammen-fast-alle,israelis,13,11,10,1,11,4,0,0,0,0,0,0,0,0,0,4,0.7692,0.0769,0.3077,-3.5
2023_10_12_alle-r-cken-zusammen-fast-alle,palestinians,1,1,1,0,2,1,0,0,0,0,0,0,0,0,0,0,1.0,0.0,1.0,0.0
2023_10_12_aus-dem-b-ro-an-die-front,israelis,6,6,1,0,4,2,0,0,0,0,0,0,0,0,0,0,0.1667,0.0,0.3333,0.0
2023_10_12_aus-dem-b-ro-an-die-front,palestinians,3,3,2,0,6,2,0,0,1,0,0,0,0,0,0,0,0.6667,0.0,0.6667,2.0
2023_10_12_bundestag-sagt-israel-einstimmig-volle-solidarit-t-zu,israelis,13,12,9,0,5,1,0,0,0,0,0,0,0,0,0,0,0.6923,0.0,0.0769,0.0
2023_10_12_bundestag-sagt-israel-einstimmig-volle-solidarit-t-zu,palestinians,3,3,2,0,0,0,0,0,0,0,0,0,0,0,0,0,0.6667,0.0,0.0,0.0
2023_10_12_der-gast-der-vermitteln-soll,israelis,10,10,5,2,4,2,0,0,0,0,0,0,0,0,0,0,0.5,0.2,0.2,1.0
2023_10_12_der-gast-der-vermitteln-soll,palestinians,2,2,0,0,0,0,0,0,0,0,0,0,0,0,0,0,0.0,0.0,0.0,0.0
2023_10_12_die-furcht-tief-in-meinem-herzen,israelis,47,46,30,3,18,8,0,0,0,0,0,0,0,0,0,2,0.6383,0.0638,0.1702,-0.5
2023_10_12_die-furcht-tief-in-meinem-herzen,palestinians,13,13,10,1,7,3,0,0,0,0,0,0,0,0,0,1,0.7692,0.0769,0.2308,-0.5
2023_10_12_dieser-angriff-galt-den-menschen,general_journalists,1,1,0,0,0,0,0,0,0,0,0,0,0,0,0,0,0.0,0.0,0.0,0.0
2023_10_12_dieser-angriff-galt-den-menschen,israelis,15,15,10,1,13,4,0,0,0,0,0,0,0,0,0,4,0.6667,0.0667,0.2667,-3.5
2023_10_12_dieser-angriff-galt-den-menschen,palestinians,5,4,4,0,8,3,0,0,0,0,0,0,0,0,0,0,0.8,0.0,0.6,0.0
2023_10_12_es-droht-ein-drei-fronten-krieg,israelis,13,13,10,0,0,1,0,0,0,0,0,0,0,0,1,2,0.7692,0.0,0.0769,-1.5
2023_10_12_es-droht-ein-drei-fronten-krieg,palestinians,3,3,1,0,0,0,0,0,0,0,0,0,0,0,0,2,0.3333,0.0,0.0,-2.0
2023_10_12_es-gibt-in-diesem-moment-nur-einen-richtigen-platz,israelis,10,10,4,0,17,5,0,0,0,0,0,0,0,0,0,0,0.4,0.0,0.5,0.0
2023_10_12_es-gibt-in-diesem-moment-nur-einen-richtigen-platz,palestinians,1,1,1,0,2,1,0,0,0,0,0,0,0,0,0,2,1.0,0.0,1.0,-2.0
2023_10_12_frankreich-f-rchtet-dass-der-konflikt-berschwappt,general_journalists,1,1,1,0,0,0,0,0,0,0,0,0,0,0,0,0,1.0,0.0,0.0,0.0
2023_10_12_frankreich-f-rchtet-dass-der-konflikt-berschwappt,israelis,6,6,3,0,8,3,0,0,0,0,0,0,0,0,0,0,0.5,0.0,0.5,0.0
2023_10_12_frankreich-f-rchtet-dass-der-konflikt-berschwappt,palestinians,3,3,2,0,5,2,0,1,1,0,0,0,0,0,0,2,0.6667,0.0,0.6667,1.5
2023_10_12_man-darf-uns-hier-nicht-einfach-sterben-lassen,israelis,10,10,8,0,6,1,0,0,1,0,1,0,0,0,0,0,0.8,0.0,0.1,4.5
2023_10_12_man-darf-uns-hier-nicht-einfach-sterben-lassen,palestinians,22,21,14,1,11,2,0,0,2,0,1,0,0,0,1,7,0.6364,0.0455,0.0909,0.5
2023_10_12_mansour-z-hlt-netanjahu-an,general_journalists,1,1,0,0,0,0,0,0,0,0,0,0,0,0,0,0,0.0,0.0,0.0,0.0
2023_10_12_mansour-z-hlt-netanjahu-an,israelis,7,7,6,2,14,3,0,0,0,0,0,0,0,0,0,0,0.8571,0.2857,0.4286,1.0
2023_10_12_mansour-z-hlt-netanjahu-an,palestinians,3,3,3,0,2,1,0,0,0,0,0,0,0,0,0,0,1.0,0.0,0.3333,0.0
2023_10_12_scholz-will-hamas-in-deutschland-verbieten-lassen,israelis,13,13,7,0,5,2,0,0,0,0,0,0,0,0,0,0,0.5385,0.0,0.1538,0.0
2023_10_12_scholz-will-hamas-in-deutschland-verbieten-lassen,palestinians,3,3,2,0,0,0,0,0,0,0,0,0,0,0,0,0,0.6667,0.0,0.0,0.0
2023_10_12_todesdrohung-gegen-organisatorin-der-pro-israelischen-kundgebung,israelis,6,6,3,0,0,2,0,0,0,0,0,0,0,0,0,0,0.5,0.0,0.3333,0.0
2023_10_12_todesdrohung-gegen-organisatorin-der-pro-israelischen-kundgebung,palestinians,3,3,2,0,0,3,0,0,0,0,0,0,0,0,0,0,0.6667,0.0,1.0,0.0
2023_10_12_von-menschlichkeit-nichts-verstanden,israelis,5,4,2,0,2,1,0,0,0,0,0,0,0,0,1,2,0.4,0.0,0.2,-1.5
2023_10_12_von-menschlichkeit-nichts-verstanden,palestinians,3,2,2,0,2,1,0,0,0,0,0,0,0,0,2,0,0.6667,0.0,0.3333,1.0
2023_10_12_wenn-der-krieg-anruft,general_journalists,1,1,1,0,0,1,0,0,0,0,0,0,0,0,0,0,1.0,0.0,1.0,0.0
2023_10_12_wenn-der-krieg-anruft,israelis,10,10,4,0,0,2,0,0,0,0,0,0,0,0,0,0,0.4,0.0,0.2,0.0
2023_10_13_am-rande-des-kriegs,israelis,17,15,11,1,0,2,0,0,0,0,0,1,0,0,0,0,0.6471,0.0588,0.1176,3.0
2023_10_13_am-rande-des-kriegs,palestinians,8,7,3,1,0,1,0,0,0,0,0,0,0,0,0,0,0.375,0.125,0.125,0.5
2023_10_13_am-wochenende-der-mann-der-einst-israels-bekannteste-geisel-frei-bekam,israelis,3,2,3,1,0,0,0,0,0,0,0,0,0,0,0,2,1.0,0.3333,0.0,-1.5
2023_10_13_am-wochenende-der-mann-der-einst-israels-bekannteste-geisel-frei-bekam,palestinians,1,1,0,0,0,0,0,0,0,0,0,0,0,0,0,0,0.0,0.0,0.0,0.0
2023_10_13_arbeit-abflug-krieg,israelis,6,6,1,0,0,1,0,0,0,0,0,0,0,0,0,0,0.1667,0.0,0.1667,0.0
2023_10_13_arbeit-abflug-krieg,palestinians,3,3,2,0,0,2,0,0,1,0,0,0,0,0,0,0,0.6667,0.0,0.6667,2.0
2023_10_13_das-kann-ich-jetzt-nicht-hier-im-fernsehen,general_journalists,1,1,0,0,4,1,0,0,0,0,0,0,0,0,0,0,0.0,0.0,1.0,0.0
2023_10_13_das-kann-ich-jetzt-nicht-hier-im-fernsehen,israelis,4,4,2,0,6,2,0,0,2,0,0,0,0,0,0,0,0.5,0.0,0.5,4.0
2023_10_13_das-kann-ich-jetzt-nicht-hier-im-fernsehen,palestinians,2,2,0,0,2,1,0,0,2,0,0,0,0,0,0,0,0.0,0.0,0.5,4.0
2023_10_13_der-ruf-des-zorns,israelis,9,9,5,1,4,1,0,0,0,0,0,0,0,0,0,0,0.5556,0.1111,0.1111,0.5
2023_10_13_der-ruf-des-zorns,palestinians,9,9,7,0,9,3,0,0,0,0,0,0,0,0,0,2,0.7778,0.0,0.3333,-2.0
2023_10_13_eine-bodenoffensive-r-ckt-n-her,israelis,9,9,7,1,0,0,0,0,0,0,0,0,0,0,0,0,0.7778,0.1111,0.0,0.5
2023_10_13_eine-bodenoffensive-r-ckt-n-her,palestinians,5,5,2,0,0,0,0,0,0,0,0,0,0,0,0,0,0.4,0.0,0.0,0.0
2023_10_13_es-sind-menschen,israelis,7,7,4,0,2,1,0,0,0,0,0,0,0,0,1,6,0.5714,0.0,0.1429,-5.5
2023_10_13_es-sind-menschen,palestinians,3,3,1,0,0,0,0,0,0,1,0,0,0,0,0,3,0.3333,0.0,0.0,-1.0
2023_10_13_fliehen-nur-wohin,general_journalists,1,1,0,0,0,0,0,0,0,0,0,0,0,0,0,0,0.0,0.0,0.0,0.0
2023_10_13_fliehen-nur-wohin,israelis,5,5,3,1,0,1,0,0,0,0,0,0,0,0,0,0,0.6,0.2,0.2,0.5
2023_10_13_fliehen-nur-wohin,palestinians,6,6,3,2,0,1,0,0,0,0,0,0,0,0,0,0,0.5,0.3333,0.1667,1.0
2023_10_13_freund-und-feind-im-nahen-osten,israelis,25,23,15,0,0,7,0,0,0,0,0,0,0,0,0,0,0.6,0.0,0.28,0.0
2023_10_13_freund-und-feind-im-nahen-osten,palestinians,9,9,3,0,0,1,0,0,0,0,0,0,0,0,0,2,0.3333,0.0,0.1111,-2.0
2023_10_13_genfer-konventionen,israelis,2,2,0,0,0,1,0,0,0,0,0,0,0,0,0,0,0.0,0.0,0.5,0.0
2023_10_13_genfer-konventionen,palestinians,1,1,0,0,0,0,0,0,0,0,0,0,0,0,0,0,0.0,0.0,0.0,0.0
2023_10_13_ich-habe-mein-zuhause-seit-sechs-tagen-nicht-verlassen,general_journalists,1,1,0,0,0,0,0,0,0,0,0,0,0,0,0,0,0.0,0.0,0.0,0.0
2023_10_13_ich-habe-mein-zuhause-seit-sechs-tagen-nicht-verlassen,israelis,7,7,3,0,0,0,0,0,0,0,0,0,0,0,0,4,0.4286,0.0,0.0,-4.0
2023_10_13_ich-habe-mein-zuhause-seit-sechs-tagen-nicht-verlassen,palestinians,8,8,4,2,0,0,0,0,0,0,0,0,0,0,1,3,0.5,0.25,0.0,-1.5
2023_10_13_ich-schreibe-ihnen-aus-israel,israelis,6,6,4,0,0,0,0,0,0,0,0,0,0,0,0,0,0.6667,0.0,0.0,0.0
2023_10_13_ich-schreibe-ihnen-aus-israel,palestinians,2,2,1,0,0,0,0,0,0,0,0,0,0,0,0,0,0.5,0.0,0.0,0.0
2023_10_13_ich-wei-nicht-wie-es-hier-weitergeht,israelis,22,20,9,1,0,9,0,0,0,0,0,0,0,0,0,7,0.4091,0.0455,0.4091,-6.5
2023_10_13_ich-wei-nicht-wie-es-hier-weitergeht,palestinians,4,4,3,0,0,0,0,0,0,0,0,0,0,0,0,2,0.75,0.0,0.0,-2.0
2023_10_13_ich-werde-jetzt-nicht-trauern-jetzt-geht-es-um-die-lebenden,general_journalists,2,2,2,0,0,0,0,0,0,0,0,0,0,0,0,0,1.0,0.0,0.0,0.0
2023_10_13_ich-werde-jetzt-nicht-trauern-jetzt-geht-es-um-die-lebenden,israelis,7,7,3,0,0,0,0,0,0,0,0,0,0,0,0,0,0.4286,0.0,0.0,0.0
2023_10_13_kvr-verbietet-pro-pal-stinensische-demos-dennoch-zahlreiche-menschen-auf-dem-ode,israelis,4,4,3,0,2,1,0,0,0,0,0,0,0,0,0,0,0.75,0.0,0.25,0.0
2023_10_13_kvr-verbietet-pro-pal-stinensische-demos-dennoch-zahlreiche-menschen-auf-dem-ode,palestinians,3,3,2,0,4,2,0,0,0,0,0,0,0,0,0,0,0.6667,0.0,0.6667,0.0
2023_10_13_lehrer-stirbt-nach-messerattacke-an-schule,general_journalists,1,1,0,0,2,1,0,0,0,0,0,0,0,0,0,0,0.0,0.0,1.0,0.0
2023_10_13_lehrer-stirbt-nach-messerattacke-an-schule,israelis,1,1,0,0,0,0,0,0,0,0,0,0,0,0,0,0,0.0,0.0,0.0,0.0
2023_10_13_lehrer-stirbt-nach-messerattacke-an-schule,palestinians,1,1,0,0,0,0,0,0,0,0,0,0,0,0,0,0,0.0,0.0,0.0,0.0
2023_10_13_mit-gebrochenem-herzen,israelis,8,8,4,0,2,1,0,0,0,0,0,0,0,0,0,2,0.5,0.0,0.125,-2.0
2023_10_13_mit-gebrochenem-herzen,palestinians,9,9,5,0,0,0,0,0,0,0,0,0,0,0,0,3,0.5556,0.0,0.0,-3.0
2023_10_13_netanjahu-gegenoffensive-in-gaza-ist-erst-der-anfang,israelis,1,1,0,0,0,0,0,0,0,0,0,0,0,0,0,0,0.0,0.0,0.0,0.0
2023_10_13_netanjahu-gegenoffensive-in-gaza-ist-erst-der-anfang,palestinians,2,2,1,0,4,1,0,0,0,0,0,0,0,0,0,0,0.5,0.0,0.5,0.0
2023_10_13_ohne-jede-humanit-t,israelis,5,4,2,0,0,1,0,0,0,0,0,0,0,0,1,2,0.4,0.0,0.2,-1.5
2023_10_13_ohne-jede-humanit-t,palestinians,3,2,2,0,0,1,0,0,0,0,0,0,0,0,2,0,0.6667,0.0,0.3333,1.0
2023_10_13_pausenhof-als-pulverfass-wie-schulen-mit-dem-nahostkonflikt-umgehen,israelis,1,1,1,0,0,0,0,0,0,0,0,0,0,0,0,2,1.0,0.0,0.0,-2.0
2023_10_13_pausenhof-als-pulverfass-wie-schulen-mit-dem-nahostkonflikt-umgehen,palestinians,1,1,1,0,0,0,0,0,0,0,0,0,0,0,0,2,1.0,0.0,0.0,-2.0
2023_10_13_scholz-will-hamas-verbieten-lassen,israelis,13,13,7,0,0,2,0,0,0,0,0,0,0,0,0,0,0.5385,0.0,0.1538,0.0
2023_10_13_scholz-will-hamas-verbieten-lassen,palestinians,2,2,1,0,0,0,0,0,0,0,0,0,0,0,0,0,0.5,0.0,0.0,0.0
2023_10_13_seite-an-seite-mit-israel,israelis,10,9,5,0,0,5,0,0,0,0,0,0,0,0,0,0,0.5,0.0,0.5,0.0
2023_10_13_seite-an-seite-mit-israel,palestinians,1,1,1,0,0,1,0,0,0,0,0,0,0,0,0,2,1.0,0.0,1.0,-2.0
2023_10_13_soll-ich-gehen-oder-bleiben,israelis,8,8,2,0,0,1,0,0,0,0,0,0,0,0,0,0,0.25,0.0,0.125,0.0
2023_10_13_soll-ich-gehen-oder-bleiben,palestinians,1,1,0,0,0,0,0,0,0,0,0,0,0,0,0,1,0.0,0.0,0.0,-1.0
2023_10_13_suche-nach-der-verlorenen-st-rke,israelis,13,13,8,2,0,2,0,0,0,0,0,0,0,0,0,2,0.6154,0.1538,0.1538,-1.0
2023_10_13_suche-nach-der-verlorenen-st-rke,palestinians,3,3,2,0,0,0,0,0,0,0,0,0,0,0,0,0,0.6667,0.0,0.0,0.0
2023_10_13_unsere-friedensbotschaft-muss-lauter-sein-denn-je,israelis,6,6,4,1,0,0,0,0,1,0,0,0,0,0,0,0,0.6667,0.1667,0.0,2.5
2023_10_13_unsere-friedensbotschaft-muss-lauter-sein-denn-je,palestinians,4,4,3,1,2,1,0,0,1,0,0,0,0,0,0,0,0.75,0.25,0.25,2.5
2023_10_13_wir-haben-das-schlimmste-gesehen-was-man-sich-vorstellen-kann,israelis,9,9,5,0,7,3,0,0,0,0,0,0,0,0,0,0,0.5556,0.0,0.3333,0.0
2023_10_13_wir-haben-das-schlimmste-gesehen-was-man-sich-vorstellen-kann,palestinians,1,1,0,0,0,0,0,0,0,0,0,0,0,0,0,0,0.0,0.0,0.0,0.0
2023_10_13_wir-leben-in-einem-albtraum,general_journalists,2,2,2,0,0,0,0,0,0,0,0,0,0,0,0,2,1.0,0.0,0.0,-2.0
2023_10_13_wir-leben-in-einem-albtraum,israelis,47,45,31,3,0,7,0,0,0,0,0,0,0,0,0,6,0.6596,0.0638,0.1489,-4.5
2023_10_13_wir-leben-in-einem-albtraum,palestinians,19,17,12,0,0,0,0,0,0,0,0,0,0,0,0,4,0.6316,0.0,0.0,-4.0
2023_10_13_wir-m-ssen-uns-nicht-auf-jeden-schmerz-einlassen,general_journalists,1,1,1,0,0,0,0,0,0,0,0,0,0,0,0,0,1.0,0.0,0.0,0.0
2023_10_13_wir-m-ssen-uns-nicht-auf-jeden-schmerz-einlassen,israelis,8,8,4,0,0,0,0,0,0,0,0,0,0,0,0,2,0.5,0.0,0.0,-2.0
2023_10_14_age-against-the-machine,israelis,8,7,4,0,0,1,0,0,0,0,0,0,0,0,0,4,0.5,0.0,0.125,-4.0
2023_10_14_age-against-the-machine,palestinians,2,2,1,0,0,0,0,0,0,0,0,0,0,0,0,0,0.5,0.0,0.0,0.0
2023_10_14_bomben-auf-gaza-aufruf-zur-massenflucht-blockade-was-sagt-das-v-lkerrecht-dazu,israelis,12,11,10,1,6,2,0,0,0,0,0,0,0,0,0,0,0.8333,0.0833,0.1667,0.5
2023_10_14_bomben-auf-gaza-aufruf-zur-massenflucht-blockade-was-sagt-das-v-lkerrecht-dazu,palestinians,4,4,2,0,2,1,0,0,0,0,0,0,0,0,0,2,0.5,0.0,0.25,-2.0
2023_10_14_der-fluchtweg-der-nur-theoretisch-offen-ist,israelis,11,11,8,2,1,0,0,0,1,0,0,0,0,0,0,2,0.7273,0.1818,0.0,1.0
2023_10_14_der-fluchtweg-der-nur-theoretisch-offen-ist,palestinians,16,15,9,0,8,2,0,0,3,0,1,0,0,0,0,3,0.5625,0.0,0.125,5.5
2023_10_14_es-wird-viel-blut-vergossen-werden,israelis,10,10,6,1,1,0,0,0,0,0,0,0,0,0,1,0,0.6,0.1,0.0,1.0
2023_10_14_es-wird-viel-blut-vergossen-werden,palestinians,2,2,1,0,0,0,0,0,0,0,0,0,0,0,0,0,0.5,0.0,0.0,0.0
2023_10_14_friedensbotschaft,israelis,5,5,3,1,0,0,0,0,1,0,0,0,0,0,0,0,0.6,0.2,0.0,2.5
2023_10_14_friedensbotschaft,palestinians,4,4,3,1,0,1,0,0,1,0,0,0,0,0,0,0,0.75,0.25,0.25,2.5
2023_10_14_harsche-kritik-an-von-der-leyens-bedingungsloser-solidarit-t,israelis,15,15,9,2,11,4,0,0,1,0,0,0,0,0,0,0,0.6,0.1333,0.2667,3.0
2023_10_14_harsche-kritik-an-von-der-leyens-bedingungsloser-solidarit-t,palestinians,5,5,5,0,4,1,0,0,2,0,0,0,0,0,0,0,1.0,0.0,0.2,4.0
2023_10_14_ignorieren-das-geht-nicht-mehr,israelis,12,12,7,3,4,2,0,0,1,0,0,0,0,0,1,0,0.5833,0.25,0.1667,4.0
2023_10_14_ignorieren-das-geht-nicht-mehr,palestinians,6,6,3,1,2,1,0,0,4,0,0,0,0,0,0,1,0.5,0.1667,0.1667,7.5
2023_10_14_ihr-schicksal-l-sst-uns-keine-ruhe,israelis,9,9,5,1,0,3,0,0,0,0,0,0,0,0,0,0,0.5556,0.1111,0.3333,0.5
2023_10_14_ihr-schicksal-l-sst-uns-keine-ruhe,palestinians,1,1,0,0,0,0,0,0,0,0,0,0,0,0,0,0,0.0,0.0,0.0,0.0
2023_10_14_menschen,israelis,7,7,4,0,0,1,0,0,0,0,0,0,0,0,1,6,0.5714,0.0,0.1429,-5.5
2023_10_14_menschen,palestinians,4,4,1,1,0,0,0,0,0,1,0,0,0,0,0,3,0.25,0.25,0.0,-0.5
2023_10_14_mit-totem-herzen,israelis,8,8,4,0,0,1,0,0,0,0,0,0,0,0,0,2,0.5,0.0,0.125,-2.0
2023_10_14_mit-totem-herzen,palestinians,9,9,5,0,0,0,0,0,0,0,0,0,0,0,0,3,0.5556,0.0,0.0,-3.0
2023_10_14_neuer-schrecken,israelis,10,10,5,0,0,0,0,0,0,0,0,1,0,0,0,4,0.5,0.0,0.0,-1.5
2023_10_14_neuer-schrecken,palestinians,1,1,1,0,0,0,0,0,0,0,0,0,0,0,0,0,1.0,0.0,0.0,0.0
2023_10_14_so-verheerend,israelis,12,12,7,3,0,2,0,0,1,0,0,0,0,0,1,0,0.5833,0.25,0.1667,4.0
2023_10_14_so-verheerend,palestinians,5,5,3,1,0,1,0,0,3,0,0,0,0,0,0,0,0.6,0.2,0.2,6.5
2023_10_14_was-ist-das-leben-eines-gefangenen-wert,general_journalists,2,2,1,0,0,1,0,0,0,0,0,0,0,0,0,1,0.5,0.0,0.5,-1.0
2023_10_14_was-ist-das-leben-eines-gefangenen-wert,israelis,11,10,6,4,0,2,0,0,0,0,0,0,0,0,0,2,0.5455,0.3636,0.1818,0.0
2023_10_14_was-ist-das-leben-eines-gefangenen-wert,palestinians,4,4,1,0,0,1,0,0,0,0,0,0,0,0,0,0,0.25,0.0,0.25,0.0
2023_10_14_wer-die-hamas-finanziert,israelis,8,8,6,0,0,2,0,0,0,0,0,0,0,0,0,0,0.75,0.0,0.25,0.0
2023_10_14_wer-die-hamas-finanziert,palestinians,11,11,4,1,0,1,0,0,0,0,0,0,0,0,0,0,0.3636,0.0909,0.0909,0.5
2023_10_14_wir-fragen-meine-tante-jeden-tag-bist-du-noch-da,general_journalists,2,2,1,0,0,0,0,0,0,0,0,0,0,0,0,0,0.5,0.0,0.0,0.0
2023_10_14_wir-fragen-meine-tante-jeden-tag-bist-du-noch-da,israelis,17,15,8,1,0,1,0,0,0,0,0,0,0,0,0,3,0.4706,0.0588,0.0588,-2.5
2023_10_14_wir-fragen-meine-tante-jeden-tag-bist-du-noch-da,palestinians,2,2,2,0,0,1,0,0,0,0,0,0,0,0,0,0,1.0,0.0,0.5,0.0
2023_10_14_wir-wissen-nicht-ob-sie-noch-lebt,general_journalists,1,1,1,0,0,0,0,0,0,0,0,0,0,0,0,0,1.0,0.0,0.0,0.0
2023_10_14_wir-wissen-nicht-ob-sie-noch-lebt,israelis,15,14,8,0,12,4,0,0,0,0,0,0,0,0,0,0,0.5333,0.0,0.2667,0.0
2023_10_14_wir-wissen-nicht-ob-sie-noch-lebt,palestinians,4,4,4,0,1,0,0,0,0,0,0,0,0,0,0,0,1.0,0.0,0.0,0.0
2023_10_15_der-mann-der-das-blutbad-geplant-hat,israelis,8,8,3,0,0,0,0,0,0,0,0,0,0,0,0,0,0.375,0.0,0.0,0.0
2023_10_15_der-mann-der-das-blutbad-geplant-hat,palestinians,3,3,0,0,0,0,0,0,0,0,0,0,0,0,0,0,0.0,0.0,0.0,0.0
2023_10_15_gypten-will-grenze-zu-gaza-offenbar-f-r-hilfslieferungen-und-ausreise-von-ausl-n,israelis,1,1,0,0,0,0,0,0,0,0,0,0,0,0,0,0,0.0,0.0,0.0,0.0
2023_10_15_gypten-will-grenze-zu-gaza-offenbar-f-r-hilfslieferungen-und-ausreise-von-ausl-n,palestinians,1,1,1,0,0,0,0,0,0,0,0,0,0,0,0,0,1.0,0.0,0.0,0.0
2023_10_15_israel-bereitet-n-chste-eskalationsstufe-vor,israelis,11,11,7,0,2,1,0,0,0,0,0,0,0,0,0,0,0.6364,0.0,0.0909,0.0
2023_10_15_israel-bereitet-n-chste-eskalationsstufe-vor,palestinians,3,3,3,0,0,0,0,0,0,0,0,0,0,0,0,0,1.0,0.0,0.0,0.0
2023_10_15_leben-unter-vorbehalt,israelis,3,3,3,0,0,0,0,0,0,0,0,0,0,0,0,2,1.0,0.0,0.0,-2.0
2023_10_15_leben-unter-vorbehalt,palestinians,4,4,2,0,2,0,0,0,0,0,0,0,0,0,0,0,0.5,0.0,0.0,0.0
2023_10_15_mehr-feuerkraft-als-die-meisten-europ-ischen-l-nder-zusammengenommen,israelis,8,8,2,0,2,1,0,0,0,0,0,0,0,0,0,0,0.25,0.0,0.125,0.0
2023_10_15_nachrichten-am-15-oktober-2023,israelis,5,5,3,0,0,0,0,0,0,0,0,0,0,0,0,0,0.6,0.0,0.0,0.0
2023_10_15_nachrichten-am-15-oktober-2023,palestinians,1,1,1,0,0,0,0,0,0,0,0,0,0,0,0,0,1.0,0.0,0.0,0.0
2023_10_15_wohin-der-krieg-f-hrt,israelis,17,17,10,2,4,2,0,1,0,0,0,0,0,0,0,1,0.5882,0.1176,0.1176,1.5
2023_10_15_wohin-der-krieg-f-hrt,palestinians,2,2,1,0,2,1,0,0,0,0,0,0,0,0,0,1,0.5,0.0,0.5,-1.0
2023_10_16_entsetzen-ber-den-krieg,israelis,20,17,17,1,12,2,0,0,0,0,0,0,0,0,0,2,0.85,0.05,0.1,-1.5
2023_10_16_entsetzen-ber-den-krieg,palestinians,8,7,5,1,0,0,0,0,0,0,0,0,0,0,0,2,0.625,0.125,0.0,-1.5
2023_10_16_grenzen-der-verteidigung,israelis,8,7,7,1,0,2,0,0,0,0,0,0,0,0,0,0,0.875,0.125,0.25,0.5
2023_10_16_grenzen-der-verteidigung,palestinians,2,2,0,0,0,1,0,0,0,0,0,0,0,0,0,0,0.0,0.0,0.5,0.0
2023_10_16_harte-kritik-an-von-der-leyen,israelis,14,14,9,2,0,4,0,0,1,0,0,0,0,0,0,0,0.6429,0.1429,0.2857,3.0
2023_10_16_harte-kritik-an-von-der-leyen,palestinians,5,5,5,0,0,1,0,0,2,0,0,0,0,0,0,0,1.0,0.0,0.2,4.0
2023_10_16_israel-bereitet-sich-auf-einmarsch-vor,israelis,9,9,8,0,0,1,0,0,0,0,0,0,0,0,0,0,0.8889,0.0,0.1111,0.0
2023_10_16_israel-bereitet-sich-auf-einmarsch-vor,palestinians,2,2,2,0,0,0,0,0,0,0,0,0,0,0,0,0,1.0,0.0,0.0,0.0
2023_10_16_israel-verst-rkt-druck-auf-nord-gaza,israelis,17,16,10,2,4,2,0,0,0,0,0,0,0,0,0,0,0.5882,0.1176,0.1176,1.0
2023_10_16_israel-verst-rkt-druck-auf-nord-gaza,palestinians,6,6,3,0,0,0,0,0,0,0,0,0,0,0,0,2,0.5,0.0,0.0,-2.0
2023_10_16_jederzeit-und-berall-kann-es-zu-anschl-gen-kommen,israelis,3,3,3,0,0,0,0,0,0,0,0,0,0,0,0,2,1.0,0.0,0.0,-2.0
2023_10_16_jederzeit-und-berall-kann-es-zu-anschl-gen-kommen,palestinians,4,4,2,0,0,0,0,0,0,0,0,0,0,0,0,0,0.5,0.0,0.0,0.0
2023_10_16_mein-gott-das-k-nnten-wir-alle-sein,general_journalists,1,1,0,0,0,0,0,0,0,0,0,0,0,0,0,0,0.0,0.0,0.0,0.0
2023_10_16_mein-gott-das-k-nnten-wir-alle-sein,israelis,17,16,10,1,4,2,0,0,0,0,0,0,0,0,0,0,0.5882,0.0588,0.1176,0.5
2023_10_16_mein-gott-das-k-nnten-wir-alle-sein,palestinians,7,7,3,0,4,2,0,0,2,0,0,0,0,0,0,2,0.4286,0.0,0.2857,2.0
2023_10_16_mohammed-deif,israelis,7,7,2,0,0,0,0,0,0,0,0,0,0,0,0,0,0.2857,0.0,0.0,0.0
2023_10_16_mohammed-deif,palestinians,3,3,0,0,0,0,0,0,0,0,0,0,0,0,0,0,0.0,0.0,0.0,0.0
2023_10_16_nachrichten-am-16-oktober-2023,general_journalists,1,1,1,0,0,0,0,0,0,0,0,0,0,0,0,0,1.0,0.0,0.0,0.0
2023_10_16_nachrichten-am-16-oktober-2023,israelis,4,4,3,0,0,0,0,0,0,0,0,0,0,0,0,0,0.75,0.0,0.0,0.0
2023_10_16_warum-die-bbc-nicht-von-terroristen-sprechen-will,general_journalists,4,4,3,0,0,2,0,0,0,0,0,0,0,0,0,0,0.75,0.0,0.5,0.0
2023_10_16_warum-die-bbc-nicht-von-terroristen-sprechen-will,israelis,4,4,1,0,0,3,0,0,0,0,0,0,0,0,0,0,0.25,0.0,0.75,0.0
2023_10_16_warum-die-bbc-nicht-von-terroristen-sprechen-will,palestinians,1,1,1,0,0,1,0,0,0,0,0,0,0,0,0,0,1.0,0.0,1.0,0.0
2023_10_16_wir-wissen-nicht-ob-sie-lebt,general_journalists,1,1,1,0,0,0,0,0,0,0,0,0,0,0,0,0,1.0,0.0,0.0,0.0
2023_10_16_wir-wissen-nicht-ob-sie-lebt,israelis,15,14,8,0,0,3,0,0,0,0,0,0,0,0,0,0,0.5333,0.0,0.2,0.0
2023_10_16_wir-wissen-nicht-ob-sie-lebt,palestinians,4,4,4,0,0,1,0,0,0,0,0,0,0,0,0,0,1.0,0.0,0.25,0.0
2023_10_17_chinas-n-chste-doppelstrategie,israelis,6,6,1,0,0,1,0,0,0,0,0,0,0,0,1,0,0.1667,0.0,0.1667,0.5
2023_10_17_chinas-n-chste-doppelstrategie,palestinians,5,5,2,0,0,2,0,0,2,0,0,0,0,0,0,3,0.4,0.0,0.4,1.0
2023_10_17_der-fc-bayern-balanciert-ber-heikles-gel-nde,israelis,2,2,1,1,2,1,0,0,0,0,0,0,0,0,0,0,0.5,0.5,0.5,0.5
2023_10_17_der-feind-hinter-den-pfirsichb-umen,israelis,16,16,7,1,0,3,0,0,0,0,0,0,0,0,0,2,0.4375,0.0625,0.1875,-1.5
2023_10_17_der-feind-hinter-den-pfirsichb-umen,palestinians,2,2,2,0,0,0,0,0,0,0,0,0,0,0,0,0,1.0,0.0,0.0,0.0
2023_10_17_die-schmerzen-israels,israelis,11,11,6,2,0,0,0,0,0,0,0,0,0,0,0,2,0.5455,0.1818,0.0,-1.0
2023_10_17_die-schmerzen-israels,palestinians,7,7,1,0,0,0,0,0,0,0,0,0,0,0,0,0,0.1429,0.0,0.0,0.0
2023_10_17_ein-gezielter-anschlag-gegen-schweden-im-herzen-europas,general_journalists,1,1,0,0,0,0,0,0,0,0,0,0,0,0,0,1,0.0,0.0,0.0,-1.0
2023_10_17_ein-gezielter-anschlag-gegen-schweden-im-herzen-europas,israelis,1,1,1,0,0,0,0,0,0,0,0,0,0,0,0,0,1.0,0.0,0.0,0.0
2023_10_17_ein-gezielter-anschlag-gegen-schweden-im-herzen-europas,palestinians,2,1,1,0,4,2,0,0,0,0,0,0,0,0,0,0,0.5,0.0,1.0,0.0
2023_10_17_entsetzen-ber-die-gewalt-im-nahen-osten,israelis,22,19,17,1,0,2,0,0,0,0,0,0,0,0,0,2,0.7727,0.0455,0.0909,-1.5
2023_10_17_entsetzen-ber-die-gewalt-im-nahen-osten,palestinians,8,7,5,1,0,0,0,0,0,0,0,0,0,0,0,2,0.625,0.125,0.0,-1.5
2023_10_17_es-ist-auch-ihre-flagge,israelis,11,11,3,1,5,1,0,0,0,0,0,0,0,0,0,0,0.2727,0.0909,0.0909,0.5
2023_10_17_es-ist-auch-ihre-flagge,palestinians,4,4,3,0,0,0,0,0,0,0,0,0,0,0,0,0,0.75,0.0,0.0,0.0
2023_10_17_familien-der-hamas-geiseln-scholz-gibt-uns-hoffnung,israelis,10,9,3,0,2,1,0,0,0,0,0,0,0,0,0,2,0.3,0.0,0.1,-2.0
2023_10_17_familien-der-hamas-geiseln-scholz-gibt-uns-hoffnung,palestinians,1,1,1,0,0,0,0,0,0,0,0,0,0,0,0,0,1.0,0.0,0.0,0.0
2023_10_17_hass-auf-israel-kinderfu-balltrainer-massiv-bedroht,israelis,2,2,0,0,2,1,0,0,0,0,0,0,0,0,0,0,0.0,0.0,0.5,0.0
2023_10_17_hass-auf-israel-kinderfu-balltrainer-massiv-bedroht,palestinians,1,1,1,0,0,0,0,0,0,0,0,0,0,0,0,0,1.0,0.0,0.0,0.0
2023_10_17_ich-bin-v-llig-niedergeschlagen,israelis,12,12,8,0,0,0,0,0,0,0,0,0,0,0,0,2,0.6667,0.0,0.0,-2.0
2023_10_17_ich-bin-v-llig-niedergeschlagen,palestinians,12,12,5,0,0,1,0,0,0,0,0,0,0,0,0,3,0.4167,0.0,0.0833,-3.0
2023_10_17_man-darf-sogar-den-mund-halten,general_journalists,2,2,1,0,0,0,0,0,0,0,0,0,0,0,0,0,0.5,0.0,0.0,0.0
2023_10_17_man-darf-sogar-den-mund-halten,israelis,3,3,0,0,0,0,0,0,0,0,0,0,0,0,0,2,0.0,0.0,0.0,-2.0
2023_10_17_man-darf-sogar-den-mund-halten,palestinians,1,1,0,0,0,0,0,0,0,0,0,0,0,0,0,2,0.0,0.0,0.0,-2.0
2023_10_17_nachrichten-am-17-oktober-2023,israelis,3,3,2,0,2,1,0,0,0,0,0,0,0,0,0,0,0.6667,0.0,0.3333,0.0
2023_10_17_niemand-hat-das-recht-auf-terrorismus,israelis,24,23,16,3,0,5,0,0,1,0,0,0,0,0,0,1,0.6667,0.125,0.2083,2.5
2023_10_17_niemand-hat-das-recht-auf-terrorismus,palestinians,22,22,12,0,0,5,0,0,7,0,0,0,0,0,1,0,0.5455,0.0,0.2273,14.5
2023_10_17_raketen-und-k-mpfer-lauern-in-der-metro,israelis,17,17,10,1,10,4,0,0,0,0,0,0,0,0,0,0,0.5882,0.0588,0.2353,0.5
2023_10_17_raketen-und-k-mpfer-lauern-in-der-metro,palestinians,2,2,0,0,2,1,0,0,0,0,0,0,0,0,0,0,0.0,0.0,0.5,0.0
2023_10_17_und-die-vereinten-nationen-schauen-machtlos-zu,general_journalists,1,1,0,0,6,1,0,0,0,0,0,0,0,0,0,0,0.0,0.0,1.0,0.0
2023_10_17_und-die-vereinten-nationen-schauen-machtlos-zu,israelis,6,6,4,1,0,0,0,0,0,0,0,0,0,0,0,0,0.6667,0.1667,0.0,0.5
2023_10_17_und-die-vereinten-nationen-schauen-machtlos-zu,palestinians,3,3,0,0,0,0,0,0,0,0,0,0,0,0,0,0,0.0,0.0,0.0,0.0
2023_10_17_vers-abraham-42-und-seine-deutung,general_journalists,1,1,0,0,0,0,0,0,0,0,0,0,0,0,0,0,0.0,0.0,0.0,0.0
2023_10_17_vers-abraham-42-und-seine-deutung,israelis,8,8,1,1,0,4,0,0,0,0,0,0,0,0,0,0,0.125,0.125,0.5,0.5
2023_10_17_vers-abraham-42-und-seine-deutung,palestinians,1,1,1,0,0,0,0,0,0,0,0,0,0,0,0,0,1.0,0.0,0.0,0.0
2023_10_17_viele-tote-nach-explosion-in-einem-krankenhaus-in-gaza-stadt,palestinians,1,1,1,0,0,0,0,0,0,0,0,0,0,0,0,0,1.0,0.0,0.0,0.0
2023_10_18_alarmsignal-f-r-eine-demokratie,israelis,3,3,1,0,0,0,0,0,0,0,0,0,0,0,0,0,0.3333,0.0,0.0,0.0
2023_10_18_alarmsignal-f-r-eine-demokratie,palestinians,2,2,2,0,0,0,0,0,0,0,0,0,0,0,0,1,1.0,0.0,0.0,-1.0
2023_10_18_biden-auf-heikler-nahost-mission,israelis,20,20,7,2,11,4,0,0,0,0,0,0,0,0,0,0,0.35,0.1,0.2,1.0
2023_10_18_biden-auf-heikler-nahost-mission,palestinians,7,7,3,0,4,1,0,0,0,0,0,0,0,0,0,0,0.4286,0.0,0.1429,0.0
2023_10_18_chinas-wirtschaftswachstum-stabilisiert-sich,israelis,1,1,1,0,0,0,0,0,0,0,0,0,0,0,0,0,1.0,0.0,0.0,0.0
2023_10_18_chinas-wirtschaftswachstum-stabilisiert-sich,palestinians,1,1,1,0,0,0,0,0,0,0,0,0,0,0,0,0,1.0,0.0,0.0,0.0
2023_10_18_das-erinnert-mit-schrecken-an-die-verbrechen-der-nationalsozialisten,general_journalists,2,2,1,0,0,0,0,0,0,0,0,0,0,0,0,0,0.5,0.0,0.0,0.0
2023_10_18_das-erinnert-mit-schrecken-an-die-verbrechen-der-nationalsozialisten,israelis,5,5,2,0,5,1,0,0,0,0,0,0,0,0,0,0,0.4,0.0,0.2,0.0
2023_10_18_das-erinnert-mit-schrecken-an-die-verbrechen-der-nationalsozialisten,palestinians,3,3,1,0,3,1,0,0,0,0,0,0,0,0,0,0,0.3333,0.0,0.3333,0.0
2023_10_18_der-kanzler-blickt-in-den-abgrund,israelis,3,3,1,1,0,0,0,0,0,0,0,0,0,0,1,0,0.3333,0.3333,0.0,1.0
2023_10_18_der-kanzler-blickt-in-den-abgrund,palestinians,3,3,2,0,0,0,0,0,0,0,0,0,0,0,0,0,0.6667,0.0,0.0,0.0
2023_10_18_die-hamas-ist-nicht-allein,israelis,10,10,5,0,0,0,0,0,0,0,0,0,0,0,0,2,0.5,0.0,0.0,-2.0
2023_10_18_die-hamas-ist-nicht-allein,palestinians,3,3,1,0,0,0,0,0,0,0,0,0,0,0,0,0,0.3333,0.0,0.0,0.0
2023_10_18_die-rache-kommt,general_journalists,1,1,1,0,0,0,0,0,0,0,0,0,0,0,0,0,1.0,0.0,0.0,0.0
2023_10_18_die-rache-kommt,israelis,10,10,6,1,0,0,0,0,2,0,0,0,0,0,0,0,0.6,0.1,0.0,4.5
2023_10_18_die-rache-kommt,palestinians,15,12,8,0,10,5,0,0,4,0,0,0,0,0,0,0,0.5333,0.0,0.3333,8.0
2023_10_18_die-vereinten-beobachter,general_journalists,1,1,0,0,0,1,0,0,0,0,0,0,0,0,0,0,0.0,0.0,1.0,0.0
2023_10_18_die-vereinten-beobachter,israelis,8,8,5,1,0,0,0,0,1,0,0,0,0,0,0,0,0.625,0.125,0.0,2.5
2023_10_18_die-vereinten-beobachter,palestinians,5,5,1,0,0,0,0,0,1,0,0,0,0,0,1,0,0.2,0.0,0.0,2.5
2023_10_18_die-wahrheit-wird-vielleicht-niemals-aufgedeckt,general_journalists,3,3,1,0,2,1,0,0,0,0,0,0,0,0,0,0,0.3333,0.0,0.3333,0.0
2023_10_18_die-wahrheit-wird-vielleicht-niemals-aufgedeckt,israelis,9,9,4,1,5,2,0,0,0,0,0,0,0,0,0,0,0.4444,0.1111,0.2222,0.5
2023_10_18_die-wahrheit-wird-vielleicht-niemals-aufgedeckt,palestinians,2,2,1,0,0,0,0,0,0,0,0,0,0,0,0,2,0.5,0.0,0.0,-2.0
2023_10_18_dimension-des-schreckens,israelis,1,1,0,0,0,0,0,0,0,0,0,0,0,0,0,0,0.0,0.0,0.0,0.0
2023_10_18_dimension-des-schreckens,palestinians,1,1,1,0,0,0,0,0,0,0,0,0,0,0,0,0,1.0,0.0,0.0,0.0
2023_10_18_ferne-freunde-der-hamas,general_journalists,1,1,1,1,0,0,0,0,0,0,0,0,0,0,0,0,1.0,1.0,0.0,0.5
2023_10_18_ferne-freunde-der-hamas,israelis,13,12,10,1,0,2,0,0,1,0,0,0,0,0,0,0,0.7692,0.0769,0.1538,2.5
2023_10_18_ferne-freunde-der-hamas,palestinians,4,4,3,1,0,0,0,0,1,0,0,0,0,0,0,0,0.75,0.25,0.0,2.5
2023_10_18_gezielter-anschlag-im-herzen-europas,general_journalists,1,1,0,0,0,0,0,0,0,0,0,0,0,0,0,1,0.0,0.0,0.0,-1.0
2023_10_18_gezielter-anschlag-im-herzen-europas,palestinians,2,1,1,0,0,2,0,0,0,0,0,0,0,0,0,0,0.5,0.0,1.0,0.0
2023_10_18_m-nchner-imame-warnen-vor-eskalation-in-der-stadt,israelis,1,1,1,0,2,1,0,0,0,0,0,0,0,0,0,0,1.0,0.0,1.0,0.0
2023_10_18_m-nchner-imame-warnen-vor-eskalation-in-der-stadt,palestinians,2,2,2,0,0,0,0,0,0,0,0,0,0,0,0,0,1.0,0.0,0.0,0.0
2023_10_18_nachrichten-am-18-oktober-2023,israelis,3,3,1,0,0,0,0,0,0,0,0,0,0,0,0,0,0.3333,0.0,0.0,0.0
2023_10_18_nachrichten-am-18-oktober-2023,palestinians,1,1,1,0,3,1,0,0,0,0,0,0,0,0,0,2,1.0,0.0,1.0,-2.0
2023_10_18_ohne-worte,general_journalists,1,1,0,0,2,1,0,0,0,0,0,0,0,0,0,0,0.0,0.0,1.0,0.0
2023_10_18_ohne-worte,israelis,4,4,2,0,0,0,0,0,0,0,0,0,0,0,0,0,0.5,0.0,0.0,0.0
2023_10_18_ohne-worte,palestinians,5,4,2,0,4,2,0,0,0,0,0,0,0,0,0,0,0.4,0.0,0.4,0.0
2023_10_18_raketeneinschlag-bei-klinik-in-gaza-eine-katastrophe-f-r-die-diplomatie,israelis,1,1,0,0,0,0,0,0,1,0,0,0,0,0,0,0,0.0,0.0,0.0,2.0
2023_10_18_raketeneinschlag-bei-klinik-in-gaza-eine-katastrophe-f-r-die-diplomatie,palestinians,3,3,2,0,2,1,0,0,1,0,0,0,0,0,0,0,0.6667,0.0,0.3333,2.0
2023_10_18_raus-raus-raus,general_journalists,3,3,2,0,0,0,0,0,0,0,0,0,0,0,0,0,0.6667,0.0,0.0,0.0
2023_10_18_raus-raus-raus,israelis,6,6,2,0,0,0,0,0,0,0,0,0,0,0,0,2,0.3333,0.0,0.0,-2.0
2023_10_18_raus-raus-raus,palestinians,5,5,4,0,0,0,0,0,0,0,0,0,0,0,0,0,0.8,0.0,0.0,0.0
2023_10_18_reise-mit-risiken,israelis,19,19,9,0,0,3,0,0,0,0,0,0,0,0,0,0,0.4737,0.0,0.1579,0.0
2023_10_18_reise-mit-risiken,palestinians,4,4,1,0,0,0,0,0,0,0,0,0,0,0,0,0,0.25,0.0,0.0,0.0
2023_10_18_scholz-bekundet-solidarit-t-mit-israel,general_journalists,1,1,1,0,0,0,0,0,0,0,0,0,0,0,0,0,1.0,0.0,0.0,0.0
2023_10_18_scholz-bekundet-solidarit-t-mit-israel,israelis,15,15,10,0,0,2,0,0,0,0,0,0,0,0,0,0,0.6667,0.0,0.1333,0.0
2023_10_18_scholz-bekundet-solidarit-t-mit-israel,palestinians,9,9,3,0,0,2,0,0,0,0,0,0,0,0,0,0,0.3333,0.0,0.2222,0.0
2023_10_18_sie-lauern-in-der-metro,israelis,18,18,10,1,0,6,0,0,0,0,0,0,0,0,0,0,0.5556,0.0556,0.3333,0.5
2023_10_18_sie-lauern-in-der-metro,palestinians,2,2,0,0,0,1,0,0,0,0,0,0,0,0,0,0,0.0,0.0,0.5,0.0
2023_10_18_slavoj-i-ek-und-das-analyseverbot,israelis,8,8,4,0,4,2,0,0,0,0,0,0,0,0,0,0,0.5,0.0,0.25,0.0
2023_10_18_slavoj-i-ek-und-das-analyseverbot,palestinians,3,3,0,0,2,1,0,0,0,0,0,0,0,0,0,0,0.0,0.0,0.3333,0.0
2023_10_18_t-dlicher-feuerball,general_journalists,1,1,1,0,0,0,0,0,0,0,0,0,0,0,0,0,1.0,0.0,0.0,0.0
2023_10_18_t-dlicher-feuerball,israelis,19,17,11,0,0,1,0,0,0,0,0,0,0,0,0,0,0.5789,0.0,0.0526,0.0
2023_10_18_t-dlicher-feuerball,palestinians,8,7,5,0,0,0,0,0,2,0,0,0,0,0,0,0,0.625,0.0,0.0,4.0
2023_10_18_vorerst-wird-sich-niemand-m-igen,israelis,10,9,6,1,4,2,0,0,0,0,0,0,0,0,0,0,0.6,0.1,0.2,0.5
2023_10_18_vorerst-wird-sich-niemand-m-igen,palestinians,7,6,2,1,4,2,0,0,0,0,0,0,0,0,0,0,0.2857,0.1429,0.2857,0.5
2023_10_18_warten-auf-den-knall,general_journalists,1,1,0,0,0,0,0,0,0,0,0,0,0,0,0,0,0.0,0.0,0.0,0.0
2023_10_18_warten-auf-den-knall,israelis,13,13,7,1,0,5,0,0,0,0,0,0,0,0,0,2,0.5385,0.0769,0.3846,-1.5
2023_10_18_warten-auf-den-knall,palestinians,25,22,11,3,0,9,0,0,0,0,1,0,0,0,1,8,0.44,0.12,0.36,-3.5
2023_10_18_was-ber-die-explosion-in-einem-krankenhaus-bekannt-ist,israelis,19,17,14,0,10,3,0,0,0,0,0,0,0,0,1,0,0.7368,0.0,0.1579,0.5
2023_10_18_was-ber-die-explosion-in-einem-krankenhaus-bekannt-ist,palestinians,8,6,3,1,6,2,0,0,0,0,0,0,0,0,0,2,0.375,0.125,0.25,-1.5
2023_10_18_wenn-man-keine-ahnung-hat,general_journalists,2,2,1,0,0,0,0,0,0,0,0,0,0,0,0,0,0.5,0.0,0.0,0.0
2023_10_18_wenn-man-keine-ahnung-hat,israelis,3,3,0,0,0,0,0,0,0,0,0,0,0,0,0,2,0.0,0.0,0.0,-2.0
2023_10_18_wenn-man-keine-ahnung-hat,palestinians,1,1,0,0,0,0,0,0,0,0,0,0,0,0,0,2,0.0,0.0,0.0,-2.0
2023_10_18_wenn-worte-nicht-mehr-reichen,general_journalists,1,1,1,0,0,0,0,0,0,0,0,0,0,0,0,0,1.0,0.0,0.0,0.0
2023_10_18_wenn-worte-nicht-mehr-reichen,israelis,27,26,15,0,0,4,0,0,0,0,0,0,0,0,0,0,0.5556,0.0,0.1481,0.0
2023_10_18_wenn-worte-nicht-mehr-reichen,palestinians,7,7,7,0,0,2,0,0,0,0,0,0,0,0,0,3,1.0,0.0,0.2857,-3.0
2023_10_18_wer-hat-das-krankenhaus-beschossen,general_journalists,1,1,1,0,0,0,0,0,0,0,0,0,0,0,0,0,1.0,0.0,0.0,0.0
2023_10_18_wer-hat-das-krankenhaus-beschossen,israelis,17,15,10,0,0,1,0,0,0,0,0,0,0,0,0,0,0.5882,0.0,0.0588,0.0
2023_10_18_wer-hat-das-krankenhaus-beschossen,palestinians,7,6,5,0,0,0,0,0,2,0,0,0,0,0,0,0,0.7143,0.0,0.0,4.0
2023_10_18_wie-redet-man-mit-kindern-ber-den-krieg,general_journalists,1,1,1,1,0,0,0,0,0,0,0,0,0,0,0,0,1.0,1.0,0.0,0.5
2023_10_18_wie-redet-man-mit-kindern-ber-den-krieg,israelis,4,4,4,0,2,1,0,0,0,0,0,0,0,0,0,0,1.0,0.0,0.25,0.0
2023_10_18_wie-redet-man-mit-kindern-ber-den-krieg,palestinians,1,1,0,0,0,0,0,0,0,0,0,0,0,0,0,0,0.0,0.0,0.0,0.0
2023_10_18_wir-lassen-die-menschen-nicht-allein,general_journalists,1,1,1,0,1,0,0,0,0,0,0,0,0,0,0,0,1.0,0.0,0.0,0.0
2023_10_18_wir-lassen-die-menschen-nicht-allein,israelis,12,11,2,1,0,0,0,0,0,0,0,0,0,0,1,0,0.1667,0.0833,0.0,1.0
2023_10_18_wir-lassen-die-menschen-nicht-allein,palestinians,7,7,7,0,0,0,0,0,0,0,0,0,0,0,1,4,1.0,0.0,0.0,-3.5
2023_10_19_der-pr-sident-auf-dem-drahtseil,israelis,9,9,7,0,0,0,0,0,0,0,0,0,0,0,0,0,0.7778,0.0,0.0,0.0
2023_10_19_der-pr-sident-auf-dem-drahtseil,palestinians,4,4,2,0,0,0,0,0,0,0,0,0,0,0,0,0,0.5,0.0,0.0,0.0
2023_10_19_der-staat-muss-sich-zeigen,israelis,3,3,1,0,0,0,0,0,0,0,0,0,0,0,0,0,0.3333,0.0,0.0,0.0
2023_10_19_der-staat-muss-sich-zeigen,palestinians,2,2,2,0,0,0,0,0,0,0,0,0,0,0,0,1,1.0,0.0,0.0,-1.0
2023_10_19_der-staat-zeigt-pr-senz,israelis,2,2,1,1,0,0,0,0,0,0,0,0,0,0,0,0,0.5,0.5,0.0,0.5
2023_10_19_der-staat-zeigt-pr-senz,palestinians,1,1,0,0,0,0,0,0,0,0,0,0,0,0,0,2,0.0,0.0,0.0,-2.0
2023_10_19_die-f-rchterliche-arithmetik-des-todes,general_journalists,1,1,1,0,0,0,0,0,0,0,0,0,0,0,0,0,1.0,0.0,0.0,0.0
2023_10_19_die-f-rchterliche-arithmetik-des-todes,israelis,15,13,12,0,0,1,0,0,0,0,0,0,0,0,0,0,0.8,0.0,0.0667,0.0
2023_10_19_die-f-rchterliche-arithmetik-des-todes,palestinians,8,7,6,0,0,0,0,0,2,0,0,0,0,0,0,0,0.75,0.0,0.0,4.0
2023_10_19_die-wahrheit-wird-vielleicht-niemals-feststehen,general_journalists,3,3,1,0,2,1,0,0,0,0,0,0,0,0,0,0,0.3333,0.0,0.3333,0.0
2023_10_19_die-wahrheit-wird-vielleicht-niemals-feststehen,israelis,9,9,4,1,5,2,0,0,0,0,0,0,0,0,0,0,0.4444,0.1111,0.2222,0.5
2023_10_19_die-wahrheit-wird-vielleicht-niemals-feststehen,palestinians,2,2,1,0,0,0,0,0,0,0,0,0,0,0,0,2,0.5,0.0,0.0,-2.0
2023_10_19_eine-neue-generation-mit-altem-hass,israelis,14,13,6,2,2,1,0,0,0,0,0,0,0,0,0,0,0.4286,0.1429,0.0714,1.0
2023_10_19_eine-neue-generation-mit-altem-hass,palestinians,9,8,7,0,2,1,0,0,2,0,0,0,0,0,0,6,0.7778,0.0,0.1111,-2.0
2023_10_19_erholung-in-sicht-aber-risiken-bleiben,israelis,1,1,1,0,0,0,0,0,0,0,0,0,0,0,0,0,1.0,0.0,0.0,0.0
2023_10_19_erholung-in-sicht-aber-risiken-bleiben,palestinians,1,1,1,0,0,0,0,0,0,0,0,0,0,0,0,0,1.0,0.0,0.0,0.0
2023_10_19_flammen-der-gewalt,israelis,7,7,4,1,4,1,0,0,0,0,0,0,0,0,0,0,0.5714,0.1429,0.1429,0.5
2023_10_19_flammen-der-gewalt,palestinians,3,3,3,0,1,0,0,0,0,0,0,0,0,0,0,0,1.0,0.0,0.0,0.0
2023_10_19_guardian-trennt-sich-von-zeichner,general_journalists,2,2,1,0,0,0,0,0,0,0,0,0,0,0,0,0,0.5,0.0,0.0,0.0
2023_10_19_guardian-trennt-sich-von-zeichner,israelis,3,3,1,0,2,1,0,0,0,0,0,0,0,0,0,0,0.3333,0.0,0.3333,0.0
2023_10_19_hilfslieferungen-sollen-fr-hestens-am-freitag-starten,israelis,9,9,5,2,2,1,0,0,0,0,0,0,0,0,0,0,0.5556,0.2222,0.1111,1.0
2023_10_19_hilfslieferungen-sollen-fr-hestens-am-freitag-starten,palestinians,7,5,5,0,4,2,0,0,0,0,0,0,0,0,0,0,0.7143,0.0,0.2857,0.0
2023_10_19_ihr-werdet-gaza-bald-von-innen-sehen,palestinians,1,1,1,1,2,1,0,0,0,0,0,0,0,0,0,0,1.0,1.0,1.0,0.5
2023_10_19_jetzt-noch-zu-gehen-ist-sinnlos,israelis,6,6,3,0,0,1,0,0,0,0,0,0,0,0,0,0,0.5,0.0,0.1667,0.0
2023_10_19_jetzt-noch-zu-gehen-ist-sinnlos,palestinians,1,1,1,0,0,0,0,0,1,0,0,0,0,0,0,0,1.0,0.0,0.0,2.0
2023_10_19_krieg-mit-medialen-mitteln,general_journalists,3,3,1,0,0,1,0,0,0,0,0,0,0,0,0,0,0.3333,0.0,0.3333,0.0
2023_10_19_krieg-mit-medialen-mitteln,israelis,10,10,5,1,0,3,0,0,0,0,0,0,0,0,0,0,0.5,0.1,0.3,0.5
2023_10_19_krieg-mit-medialen-mitteln,palestinians,3,3,1,0,0,0,0,0,0,0,0,0,0,0,0,2,0.3333,0.0,0.0,-2.0
2023_10_19_live-aus-dem-abgrund,general_journalists,6,6,2,0,0,0,0,0,0,0,0,0,0,0,0,2,0.3333,0.0,0.0,-2.0
2023_10_19_live-aus-dem-abgrund,israelis,3,3,1,0,6,2,0,0,0,0,0,0,0,0,0,0,0.3333,0.0,0.6667,0.0
2023_10_19_live-aus-dem-abgrund,palestinians,2,2,0,0,2,1,0,0,0,0,0,0,0,0,0,0,0.0,0.0,0.5,0.0
2023_10_19_m-nchner-imame-warnen-vor-eskalation,israelis,1,1,1,0,0,1,0,0,0,0,0,0,0,0,0,0,1.0,0.0,1.0,0.0
2023_10_19_m-nchner-imame-warnen-vor-eskalation,palestinians,1,1,1,0,0,0,0,0,0,0,0,0,0,0,0,0,1.0,0.0,0.0,0.0
2023_10_19_mitten-in-einer-staatsaff-re,general_journalists,2,2,2,0,2,1,0,0,0,0,0,0,0,0,0,1,1.0,0.0,0.5,-1.0
2023_10_19_mitten-in-einer-staatsaff-re,israelis,1,1,1,0,0,0,0,0,0,0,0,0,0,0,0,0,1.0,0.0,0.0,0.0
2023_10_19_mitten-in-einer-staatsaff-re,palestinians,1,1,0,0,2,1,0,0,0,0,0,0,0,0,1,0,0.0,0.0,1.0,0.5
2023_10_19_nachrichten-am-19-oktober-2023,general_journalists,1,1,0,0,0,0,0,0,0,0,0,0,0,0,0,0,0.0,0.0,0.0,0.0
2023_10_19_nachrichten-am-19-oktober-2023,israelis,1,1,0,0,0,0,0,0,0,0,0,0,0,0,1,0,0.0,0.0,0.0,0.5
2023_10_19_nachrichten-am-19-oktober-2023,palestinians,1,1,0,0,0,0,0,0,0,0,0,0,0,0,0,3,0.0,0.0,0.0,-3.0
2023_10_19_reise-in-eine-region-am-abgrund,general_journalists,1,1,1,0,0,0,0,0,0,0,0,0,0,0,0,0,1.0,0.0,0.0,0.0
2023_10_19_reise-in-eine-region-am-abgrund,israelis,10,10,2,0,0,0,0,0,0,0,0,0,0,0,1,0,0.2,0.0,0.0,0.5
2023_10_19_reise-in-eine-region-am-abgrund,palestinians,5,5,5,0,0,0,0,0,0,0,0,0,0,0,1,2,1.0,0.0,0.0,-1.5
2023_10_19_scholz-fordert-klare-kante-gegen-antisemitismus,israelis,6,6,5,0,2,1,0,0,0,0,0,0,0,0,0,0,0.8333,0.0,0.1667,0.0
2023_10_19_schrecken-und-verantwortung,general_journalists,2,2,1,0,0,0,0,0,0,0,0,0,0,0,0,0,0.5,0.0,0.0,0.0
2023_10_19_schrecken-und-verantwortung,israelis,5,5,2,0,0,1,0,0,0,0,0,0,0,0,0,0,0.4,0.0,0.2,0.0
2023_10_19_schrecken-und-verantwortung,palestinians,2,2,1,0,0,1,0,0,0,0,0,0,0,0,0,0,0.5,0.0,0.5,0.0
2023_10_19_sehr-verehrte-antisemiten,israelis,15,14,5,4,8,3,0,0,1,0,0,0,0,0,0,0,0.3333,0.2667,0.2,4.0
2023_10_19_sehr-verehrte-antisemiten,palestinians,4,4,2,0,2,1,0,0,2,0,0,0,0,0,0,0,0.5,0.0,0.25,4.0
2023_10_19_was-man-vielleicht-tun-kann,israelis,3,3,1,1,0,0,0,0,0,0,0,0,0,0,1,0,0.3333,0.3333,0.0,1.0
2023_10_19_was-man-vielleicht-tun-kann,palestinians,3,3,2,0,0,0,0,0,0,0,0,0,0,0,0,0,0.6667,0.0,0.0,0.0
2023_10_19_was-zu-bef-rchten-ist,israelis,9,8,6,1,0,2,0,0,0,0,0,0,0,0,0,0,0.6667,0.1111,0.2222,0.5
2023_10_19_was-zu-bef-rchten-ist,palestinians,7,6,2,0,0,2,0,0,0,0,0,0,0,0,0,0,0.2857,0.0,0.2857,0.0
2023_10_19_wie-die-m-nchner-schulen-mit-dem-nahostkonflikt-im-klassenzimmer-umgehen,israelis,8,8,8,0,3,1,0,0,0,0,0,0,0,0,0,0,1.0,0.0,0.125,0.0
2023_10_19_wie-die-m-nchner-schulen-mit-dem-nahostkonflikt-im-klassenzimmer-umgehen,palestinians,4,4,1,0,4,1,0,0,0,0,0,0,0,0,0,2,0.25,0.0,0.25,-2.0
2023_10_19_wir-wissen-nicht-mit-wem-wir-reden,general_journalists,1,1,0,0,6,1,0,0,0,0,0,0,0,0,0,0,0.0,0.0,1.0,0.0
2023_10_19_wir-wissen-nicht-mit-wem-wir-reden,israelis,7,6,1,0,14,4,0,0,0,0,0,0,0,0,0,1,0.1429,0.0,0.5714,-1.0
2023_10_19_wir-wissen-nicht-mit-wem-wir-reden,palestinians,1,1,1,0,2,1,0,0,0,0,0,0,0,0,0,0,1.0,0.0,1.0,0.0
2023_10_19_zwischen-trauer-und-wut,general_journalists,3,3,0,0,0,0,0,0,0,0,0,0,0,0,0,0,0.0,0.0,0.0,0.0
2023_10_19_zwischen-trauer-und-wut,israelis,3,3,3,0,0,0,0,0,0,0,0,0,0,0,0,0,1.0,0.0,0.0,0.0
2023_10_19_zwischen-trauer-und-wut,palestinians,22,20,13,1,0,4,0,0,1,0,0,0,0,1,0,0,0.5909,0.0455,0.1818,4.0
2023_10_20_30-jahre-ottobrunner-friedensgebete,israelis,3,3,2,0,0,0,0,0,0,0,0,0,0,0,0,4,0.6667,0.0,0.0,-4.0
2023_10_20_30-jahre-ottobrunner-friedensgebete,palestinians,1,1,1,0,0,0,0,0,0,0,0,0,0,0,0,2,1.0,0.0,0.0,-2.0
2023_10_20_biden-wir-stehen-vor-einem-wendepunkt-der-geschichte,israelis,11,10,7,0,10,4,0,0,0,0,0,0,0,0,0,0,0.6364,0.0,0.3636,0.0
2023_10_20_biden-wir-stehen-vor-einem-wendepunkt-der-geschichte,palestinians,5,5,1,0,3,1,0,0,0,0,0,0,0,0,0,1,0.2,0.0,0.2,-1.0
2023_10_20_das-ersch-tterte-volk,israelis,10,10,7,0,2,1,0,0,0,0,0,0,0,0,0,2,0.7,0.0,0.1,-2.0
2023_10_20_das-ersch-tterte-volk,palestinians,7,7,1,2,2,1,0,1,0,0,0,0,0,0,0,0,0.1429,0.2857,0.1429,2.5
2023_10_20_das-leiden-der-anderen,general_journalists,1,1,0,0,0,0,0,0,0,0,0,0,0,0,0,0,0.0,0.0,0.0,0.0
2023_10_20_das-leiden-der-anderen,israelis,10,10,5,0,4,2,0,0,0,0,0,0,0,0,1,2,0.5,0.0,0.2,-1.5
2023_10_20_das-leiden-der-anderen,palestinians,15,12,6,0,6,3,0,0,5,0,0,0,0,0,3,4,0.4,0.0,0.2,7.5
2023_10_20_der-bequeme-hass,israelis,13,13,6,2,0,1,0,0,0,0,0,0,0,0,0,0,0.4615,0.1538,0.0769,1.0
2023_10_20_der-bequeme-hass,palestinians,10,9,7,0,0,1,0,0,2,0,0,0,0,0,0,6,0.7,0.0,0.1,-2.0
2023_10_20_der-konflikt-im-klassenzimmer,israelis,8,8,8,0,0,1,0,0,0,0,0,0,0,0,0,0,1.0,0.0,0.125,0.0
2023_10_20_der-konflikt-im-klassenzimmer,palestinians,4,4,1,0,0,1,0,0,0,0,0,0,0,0,0,2,0.25,0.0,0.25,-2.0
2023_10_20_die-l-sung-die-nur-probleme-sch-fe,palestinians,10,8,7,0,6,3,0,0,2,0,0,0,0,0,0,0,0.7,0.0,0.3,4.0
2023_10_20_die-toten-winkel-der-empathie,israelis,1,1,1,0,0,0,0,0,0,0,0,0,0,0,0,0,1.0,0.0,0.0,0.0
2023_10_20_die-toten-winkel-der-empathie,palestinians,5,5,2,0,2,1,0,0,0,0,0,0,0,0,0,0,0.4,0.0,0.2,0.0
2023_10_20_die-tr-be-evidenz-der-bilder,general_journalists,7,7,3,0,2,1,0,0,0,0,0,0,0,0,0,0,0.4286,0.0,0.1429,0.0
2023_10_20_die-tr-be-evidenz-der-bilder,israelis,2,2,1,0,0,0,0,0,0,0,0,0,0,0,0,0,0.5,0.0,0.0,0.0
2023_10_20_die-tr-be-evidenz-der-bilder,palestinians,6,6,3,0,5,1,0,0,0,0,0,0,0,0,0,0,0.5,0.0,0.1667,0.0
2023_10_20_dividenden-aus-deutschland-f-r-die-hamas,israelis,6,6,3,0,0,3,0,0,0,0,0,0,0,0,0,1,0.5,0.0,0.5,-1.0
2023_10_20_dividenden-aus-deutschland-f-r-die-hamas,palestinians,6,6,3,0,0,0,0,0,0,0,0,0,0,0,0,0,0.5,0.0,0.0,0.0
2023_10_20_hilfstransporte-sollen-bald-starten,israelis,8,8,5,2,0,0,0,0,0,0,0,0,0,0,0,0,0.625,0.25,0.0,1.0
2023_10_20_hilfstransporte-sollen-bald-starten,palestinians,7,5,5,0,0,2,0,0,0,0,0,0,0,0,0,0,0.7143,0.0,0.2857,0.0
2023_10_20_im-theater-der-qualen,israelis,5,5,3,0,0,0,0,0,0,0,0,0,0,0,0,0,0.6,0.0,0.0,0.0
2023_10_20_im-theater-der-qualen,palestinians,3,3,2,1,0,0,0,0,1,0,0,0,0,0,0,0,0.6667,0.3333,0.0,2.5
2023_10_20_landauers-lehren,israelis,4,4,2,0,10,3,0,0,0,0,0,0,0,0,0,0,0.5,0.0,0.75,0.0
2023_10_20_landauers-lehren,palestinians,7,6,4,0,6,2,0,0,0,0,0,0,0,0,0,0,0.5714,0.0,0.2857,0.0
2023_10_20_lernen-mit-lanz,general_journalists,3,3,1,0,2,1,0,0,0,0,0,0,0,0,0,0,0.3333,0.0,0.3333,0.0
2023_10_20_lernen-mit-lanz,israelis,6,5,4,1,4,2,0,0,0,0,0,0,0,0,0,0,0.6667,0.1667,0.3333,0.5
2023_10_20_lernen-mit-lanz,palestinians,2,2,0,0,0,0,0,0,0,0,0,0,0,0,0,0,0.0,0.0,0.0,0.0
2023_10_20_luftbr-cke-nach-gypten,israelis,1,1,0,0,4,1,0,0,0,0,0,0,0,0,0,0,0.0,0.0,1.0,0.0
2023_10_20_nach-pro-pal-stina-demo-auf-marienplatz-hausdurchsuchung-bei-mitorganisator,general_journalists,1,1,0,0,1,0,0,0,0,0,0,0,0,0,0,0,0.0,0.0,0.0,0.0
2023_10_20_nach-pro-pal-stina-demo-auf-marienplatz-hausdurchsuchung-bei-mitorganisator,israelis,5,5,2,0,6,3,0,0,0,0,0,0,0,0,0,2,0.4,0.0,0.6,-2.0
2023_10_20_nach-pro-pal-stina-demo-auf-marienplatz-hausdurchsuchung-bei-mitorganisator,palestinians,2,2,1,1,4,2,0,0,0,0,0,0,0,0,0,2,0.5,0.5,1.0,-1.5
2023_10_20_pr-sident-auf-dem-drahtseil,israelis,8,8,5,0,0,0,0,0,0,0,0,0,0,0,0,0,0.625,0.0,0.0,0.0
2023_10_20_pr-sident-auf-dem-drahtseil,palestinians,4,4,2,0,0,0,0,0,0,0,0,0,0,0,0,0,0.5,0.0,0.0,0.0
2023_10_20_thunberg-solidarisiert-sich-mit-pal-stinensern,palestinians,7,7,0,0,17,5,0,0,0,0,0,0,0,0,0,0,0.0,0.0,0.7143,0.0
2023_10_21_aufruf-zur-wut-von-ganz-oben,general_journalists,1,1,0,0,0,0,0,0,0,0,0,0,0,1,0,0,0.0,0.0,0.0,1.5
2023_10_21_aufruf-zur-wut-von-ganz-oben,israelis,8,8,4,0,0,2,0,0,0,0,0,0,0,0,0,0,0.5,0.0,0.25,0.0
2023_10_21_aufruf-zur-wut-von-ganz-oben,palestinians,7,7,2,0,0,3,0,0,2,0,0,0,0,0,0,2,0.2857,0.0,0.4286,2.0
2023_10_21_das-ganze-k-nigreich-in-aufruhr,general_journalists,2,2,2,0,0,0,0,0,0,0,0,0,0,0,0,0,1.0,0.0,0.0,0.0
2023_10_21_das-ganze-k-nigreich-in-aufruhr,israelis,5,5,3,0,3,1,0,0,0,0,0,0,0,0,0,2,0.6,0.0,0.2,-2.0
2023_10_21_das-ganze-k-nigreich-in-aufruhr,palestinians,7,6,2,0,6,3,0,0,0,0,0,0,0,0,0,3,0.2857,0.0,0.4286,-3.0
2023_10_21_das-system-der-tunnel,palestinians,1,1,0,0,0,0,0,0,0,0,0,0,0,0,0,0,0.0,0.0,0.0,0.0
2023_10_21_der-beste-tag-nach-den-schlimmsten-zwei-wochen,israelis,4,4,1,0,0,0,0,0,0,0,0,0,0,0,0,0,0.25,0.0,0.0,0.0
2023_10_21_der-wert-eines-lebens,general_journalists,1,1,1,0,0,0,0,0,0,0,0,0,0,0,0,0,1.0,0.0,0.0,0.0
2023_10_21_der-wert-eines-lebens,israelis,12,12,6,1,0,2,0,0,0,0,0,0,0,0,0,0,0.5,0.0833,0.1667,0.5
2023_10_21_der-wert-eines-lebens,palestinians,14,14,6,0,0,3,0,0,3,0,0,0,0,0,0,0,0.4286,0.0,0.2143,6.0
2023_10_21_die-klagemauer-von-tel-aviv,israelis,9,9,6,1,0,1,0,0,0,0,0,0,0,0,0,0,0.6667,0.1111,0.1111,0.5
2023_10_21_die-klagemauer-von-tel-aviv,palestinians,8,8,1,3,0,2,0,1,0,0,0,0,0,0,0,0,0.125,0.375,0.25,3.0
2023_10_21_die-toten-winkel,palestinians,5,5,2,0,0,1,0,0,0,0,0,0,0,0,0,0,0.4,0.0,0.2,0.0
2023_10_21_die-wahrheit-ist-schon-tot,israelis,3,3,1,0,0,0,0,0,0,0,0,0,0,0,0,0,0.3333,0.0,0.0,0.0
2023_10_21_die-wahrheit-ist-schon-tot,palestinians,3,3,0,0,0,1,0,0,0,0,0,0,0,0,0,0,0.0,0.0,0.3333,0.0
2023_10_21_ein-wendepunkt-der-geschichte,israelis,9,9,5,0,0,4,0,0,0,0,0,0,0,0,0,0,0.5556,0.0,0.4444,0.0
2023_10_21_ein-wendepunkt-der-geschichte,palestinians,4,4,1,0,0,1,0,0,0,0,0,0,0,0,0,1,0.25,0.0,0.25,-1.0
2023_10_21_eine-l-sung-voller-probleme,palestinians,10,8,7,0,0,3,0,0,3,0,0,0,0,0,0,0,0.7,0.0,0.3,6.0
2023_10_21_ich-konnte-mir-dieses-ausma-an-gewalt-nicht-vorstellen,general_journalists,1,1,0,0,0,0,0,0,0,0,0,0,0,0,0,0,0.0,0.0,0.0,0.0
2023_10_21_ich-konnte-mir-dieses-ausma-an-gewalt-nicht-vorstellen,israelis,13,13,8,1,0,2,0,0,0,0,0,0,0,0,0,4,0.6154,0.0769,0.1538,-3.5
2023_10_21_ich-konnte-mir-dieses-ausma-an-gewalt-nicht-vorstellen,palestinians,12,10,5,0,0,1,0,0,2,0,0,0,0,0,0,3,0.4167,0.0,0.0833,1.0
2023_10_21_israel-bereitet-n-chste-phase-des-krieges-vor-erneuter-evakuierungsaufruf-f-r-ga,israelis,2,2,1,0,2,1,0,0,0,0,0,0,0,0,0,0,0.5,0.0,0.5,0.0
2023_10_21_ohne-folge,israelis,4,4,2,0,0,3,0,0,0,0,0,0,0,0,0,0,0.5,0.0,0.75,0.0
2023_10_21_ohne-folge,palestinians,6,6,3,0,0,2,0,0,0,0,0,0,0,0,0,0,0.5,0.0,0.3333,0.0
2023_10_21_sie-be-ugen-sich,israelis,23,21,11,1,0,1,0,0,0,0,0,0,0,0,0,0,0.4783,0.0435,0.0435,0.5
2023_10_21_sie-be-ugen-sich,palestinians,8,8,0,0,0,1,0,0,0,0,0,0,0,0,0,0,0.0,0.0,0.125,0.0
2023_10_21_tr-be-bilder,general_journalists,7,7,3,0,0,1,0,0,0,0,0,0,0,0,0,0,0.4286,0.0,0.1429,0.0
2023_10_21_tr-be-bilder,israelis,2,2,1,0,0,0,0,0,0,0,0,0,0,0,0,0,0.5,0.0,0.0,0.0
2023_10_21_tr-be-bilder,palestinians,6,6,3,0,0,1,0,0,0,0,0,0,0,0,0,0,0.5,0.0,0.1667,0.0
2023_10_21_versuch-eines-friedensgipfels-in-der-w-ste,israelis,8,8,6,0,5,2,0,0,0,0,0,0,0,0,1,0,0.75,0.0,0.25,0.5
2023_10_21_versuch-eines-friedensgipfels-in-der-w-ste,palestinians,8,8,4,1,6,2,0,0,1,0,0,0,0,0,1,0,0.5,0.125,0.25,3.0
2023_10_21_wir-sehen-dieses-leid,israelis,7,7,4,0,0,0,0,0,0,0,0,0,0,0,0,1,0.5714,0.0,0.0,-1.0
2023_10_21_wir-sehen-dieses-leid,palestinians,6,6,3,0,0,2,0,0,0,0,0,0,0,0,1,0,0.5,0.0,0.3333,0.5
2023_10_22_die-aus-den-tunneln-kamen,israelis,14,12,8,1,0,0,0,0,0,0,0,0,0,0,0,0,0.5714,0.0714,0.0,0.5
2023_10_22_die-aus-den-tunneln-kamen,palestinians,13,13,5,0,3,3,0,0,1,0,0,0,0,0,0,0,0.3846,0.0,0.2308,2.0
2023_10_22_israel-gibt-erste-einblicke-in-kriegspl-ne,israelis,3,3,3,0,2,1,0,0,0,0,0,0,0,0,0,0,1.0,0.0,0.3333,0.0
2023_10_22_israel-gibt-erste-einblicke-in-kriegspl-ne,palestinians,6,5,4,0,6,3,0,0,0,0,0,0,0,0,0,0,0.6667,0.0,0.5,0.0
2023_10_22_israel-und-usa-uneins-wegen-gaza-krieg,israelis,1,1,1,0,0,0,0,0,0,0,0,0,0,0,0,0,1.0,0.0,0.0,0.0
2023_10_22_jetzt-m-ssen-wir-zeigen-was-unser-nie-wieder-bedeutet,israelis,4,4,2,0,7,3,0,0,0,0,0,0,0,0,0,4,0.5,0.0,0.75,-4.0
2023_10_22_jetzt-m-ssen-wir-zeigen-was-unser-nie-wieder-bedeutet,palestinians,2,2,1,0,2,1,0,0,0,0,0,0,0,0,0,0,0.5,0.0,0.5,0.0
2023_10_22_nachrichten-am-22-oktober-2023,israelis,2,2,1,0,0,0,0,0,0,0,0,0,0,0,0,0,0.5,0.0,0.0,0.0
2023_10_22_nachrichten-am-22-oktober-2023,palestinians,2,2,2,0,0,0,0,0,0,0,0,0,0,0,0,0,1.0,0.0,0.0,0.0
2023_10_23_amerika-stellt-die-grundsatzfrage,israelis,10,10,4,0,0,1,0,0,0,0,0,0,0,0,0,0,0.4,0.0,0.1,0.0
2023_10_23_amerika-stellt-die-grundsatzfrage,palestinians,3,3,1,1,0,0,0,0,0,0,0,0,0,0,0,1,0.3333,0.3333,0.0,-0.5
2023_10_23_die-siedler-planen-ihre-r-ckkehr-nach-gaza,israelis,14,14,10,0,7,3,0,0,0,0,0,0,0,1,0,0,0.7143,0.0,0.2143,1.5
2023_10_23_die-siedler-planen-ihre-r-ckkehr-nach-gaza,palestinians,15,13,12,0,3,0,0,0,5,0,0,0,0,0,0,0,0.8,0.0,0.0,10.0
2023_10_23_die-zersplitterten-staaten-von-europa,israelis,12,11,7,0,3,1,0,0,0,0,0,0,0,0,0,0,0.5833,0.0,0.0833,0.0
2023_10_23_die-zersplitterten-staaten-von-europa,palestinians,6,5,3,0,2,1,0,0,2,0,0,0,0,0,0,0,0.5,0.0,0.1667,4.0
2023_10_23_druck-von-der-seitenlinie,israelis,9,9,7,0,0,2,0,0,0,0,0,0,0,0,1,0,0.7778,0.0,0.2222,0.5
2023_10_23_druck-von-der-seitenlinie,palestinians,8,8,5,1,0,2,0,0,1,0,0,0,0,0,1,0,0.625,0.125,0.25,3.0
2023_10_23_frieden-ist-m-glich-bei-barbie,general_journalists,2,2,2,0,0,0,0,0,0,0,0,0,0,0,0,0,1.0,0.0,0.0,0.0
2023_10_23_frieden-ist-m-glich-bei-barbie,israelis,1,1,0,0,0,0,0,0,0,0,0,0,0,0,0,0,0.0,0.0,0.0,0.0
2023_10_23_frieden-ist-m-glich-bei-barbie,palestinians,2,2,1,0,0,0,0,0,0,0,0,0,0,0,0,0,0.5,0.0,0.0,0.0
2023_10_23_israel-gibt-einblick-in-kriegsplanung,israelis,4,4,4,0,0,1,0,0,0,0,0,0,0,0,0,0,1.0,0.0,0.25,0.0
2023_10_23_israel-gibt-einblick-in-kriegsplanung,palestinians,6,5,4,0,0,3,0,0,0,0,0,0,0,0,0,0,0.6667,0.0,0.5,0.0
2023_10_23_israelische-klimasch-tzer-schockiert-ber-greta-thunbergs-pro-pal-stina-tweets,israelis,6,5,1,0,13,5,0,0,0,0,0,0,0,0,0,0,0.1667,0.0,0.8333,0.0
2023_10_23_israelische-klimasch-tzer-schockiert-ber-greta-thunbergs-pro-pal-stina-tweets,palestinians,6,5,4,0,12,5,0,0,0,0,0,0,0,0,0,0,0.6667,0.0,0.8333,0.0
2023_10_23_jeder-muss-auschwitz-kennen,israelis,3,3,2,0,0,3,0,0,0,0,0,0,0,0,0,2,0.6667,0.0,1.0,-2.0
2023_10_23_jeder-muss-auschwitz-kennen,palestinians,2,2,1,0,0,1,0,0,0,0,0,0,0,0,0,0,0.5,0.0,0.5,0.0
2023_10_23_linken-fraktion-steht-vor-dem-aus,israelis,1,1,1,0,2,1,0,0,0,0,0,0,0,0,0,0,1.0,0.0,1.0,0.0
2023_10_23_linken-fraktion-steht-vor-dem-aus,palestinians,3,3,3,0,2,1,0,0,0,0,0,0,0,0,0,2,1.0,0.0,0.3333,-2.0
2023_10_23_nachrichten-am-23-oktober-2023,israelis,2,2,2,0,0,0,0,0,0,0,0,0,0,0,0,0,1.0,0.0,0.0,0.0
2023_10_23_nachrichten-am-23-oktober-2023,palestinians,2,2,1,0,0,0,0,0,0,0,0,0,0,0,0,0,0.5,0.0,0.0,0.0
2023_10_23_new-york-times-korrigiert-sich,general_journalists,1,1,1,0,2,1,0,0,0,0,0,0,0,0,0,0,1.0,0.0,1.0,0.0
2023_10_23_new-york-times-korrigiert-sich,israelis,1,1,0,0,0,0,0,0,0,0,0,0,0,0,0,0,0.0,0.0,0.0,0.0
2023_10_23_new-york-times-korrigiert-sich,palestinians,2,2,0,0,0,0,0,0,0,0,0,0,0,0,0,0,0.0,0.0,0.0,0.0
2023_10_23_respekt-respekt,general_journalists,1,1,0,0,2,1,0,0,0,0,0,0,0,0,0,0,0.0,0.0,1.0,0.0
2023_10_23_respekt-respekt,israelis,7,5,4,2,12,3,0,0,0,0,0,0,0,0,0,2,0.5714,0.2857,0.4286,-1.0
2023_10_23_respekt-respekt,palestinians,4,4,2,0,1,0,0,0,0,1,0,0,0,0,0,2,0.5,0.0,0.0,0.0
2023_10_23_sanktionierte-unter-sich,israelis,9,9,5,1,0,0,0,0,0,0,0,0,0,0,0,0,0.5556,0.1111,0.0,0.5
2023_10_23_sanktionierte-unter-sich,palestinians,4,3,2,0,0,0,0,0,0,0,0,0,0,0,0,0,0.5,0.0,0.0,0.0
2023_10_23_was-wir-tun-m-sste-eigentlich-der-staat-machen,israelis,5,4,1,0,6,2,0,0,0,0,0,0,0,0,0,0,0.2,0.0,0.4,0.0
2023_10_24_aus-demonstranten-werden-helfer,israelis,3,3,1,0,0,1,0,0,0,0,0,0,0,0,0,0,0.3333,0.0,0.3333,0.0
2023_10_24_das-ist-michel-friedman-da-kommen-sie-nicht-dazwischen,general_journalists,1,1,1,0,4,1,0,0,0,0,0,0,0,0,0,0,1.0,0.0,1.0,0.0
2023_10_24_das-ist-michel-friedman-da-kommen-sie-nicht-dazwischen,israelis,5,5,4,1,5,1,0,0,0,0,0,0,0,0,0,0,0.8,0.2,0.2,0.5
2023_10_24_das-ist-michel-friedman-da-kommen-sie-nicht-dazwischen,palestinians,2,2,1,0,2,1,0,0,0,0,0,0,0,0,0,0,0.5,0.0,0.5,0.0
2023_10_24_der-eklat-bin-ich,israelis,3,3,1,0,0,2,0,0,0,0,0,0,0,0,0,0,0.3333,0.0,0.6667,0.0
2023_10_24_der-eklat-bin-ich,palestinians,2,2,2,0,0,1,0,0,0,0,0,0,0,0,0,0,1.0,0.0,0.5,0.0
2023_10_24_fest-verbunden-gegen-den-westen,israelis,8,8,5,1,0,0,0,0,0,0,0,0,0,0,0,0,0.625,0.125,0.0,0.5
2023_10_24_fest-verbunden-gegen-den-westen,palestinians,5,4,3,0,0,0,0,0,0,0,0,0,0,0,0,0,0.6,0.0,0.0,0.0
2023_10_24_leid-und-mitleid,israelis,3,3,1,0,0,1,0,0,0,0,0,0,0,0,0,0,0.3333,0.0,0.3333,0.0
2023_10_24_leid-und-mitleid,palestinians,2,2,1,0,0,1,0,0,0,0,0,0,0,0,0,2,0.5,0.0,0.5,-2.0
2023_10_24_nach-hamas-terror-kann-netanjahu-ministerpr-sident-bleiben,israelis,3,2,3,0,0,0,0,0,0,0,0,0,0,0,0,0,1.0,0.0,0.0,0.0
2023_10_24_nach-hamas-terror-kann-netanjahu-ministerpr-sident-bleiben,palestinians,1,1,1,0,0,0,0,0,0,0,0,0,0,0,0,2,1.0,0.0,0.0,-2.0
2023_10_24_nachrichten-am-24-oktober-2023,israelis,2,2,0,0,0,0,0,0,0,0,0,0,0,0,0,0,0.0,0.0,0.0,0.0
2023_10_24_nachrichten-am-24-oktober-2023,palestinians,2,2,1,0,6,2,0,0,0,0,0,0,0,0,0,0,0.5,0.0,1.0,0.0
2023_10_24_sehnsucht-nach-gaza,israelis,16,16,11,0,0,2,0,0,0,0,0,0,0,1,0,0,0.6875,0.0,0.125,1.5
2023_10_24_sehnsucht-nach-gaza,palestinians,16,14,11,0,0,0,0,0,5,0,0,0,0,0,0,0,0.6875,0.0,0.0,10.0
2023_10_24_weitere-transporte-erreichen-gaza,israelis,16,12,11,0,0,4,0,0,0,0,0,0,0,0,0,0,0.6875,0.0,0.25,0.0
2023_10_24_weitere-transporte-erreichen-gaza,palestinians,9,8,1,0,0,1,0,0,0,0,0,0,0,0,0,2,0.1111,0.0,0.1111,-2.0
2023_10_24_wir-versuchen-mit-so-wenig-essen-wie-m-glich-auszukommen,israelis,8,7,5,0,0,0,0,0,0,0,0,0,0,0,0,0,0.625,0.0,0.0,0.0
2023_10_24_wir-versuchen-mit-so-wenig-essen-wie-m-glich-auszukommen,palestinians,9,9,5,0,0,2,0,0,0,0,0,0,0,0,0,0,0.5556,0.0,0.2222,0.0
2023_10_25_der-gute-freund-der-hamas,israelis,12,12,2,0,4,2,0,0,0,0,0,0,0,0,0,0,0.1667,0.0,0.1667,0.0
2023_10_25_der-gute-freund-der-hamas,palestinians,4,4,1,0,2,1,0,0,0,0,0,0,0,0,0,0,0.25,0.0,0.25,0.0
2023_10_25_durch-die-h-lle,palestinians,3,3,1,0,0,1,0,0,0,0,0,0,0,0,0,0,0.3333,0.0,0.3333,0.0
2023_10_25_eklat-im-sicherheitsrat,israelis,2,2,1,0,1,0,0,0,0,0,0,0,0,0,0,0,0.5,0.0,0.0,0.0
2023_10_25_eklat-im-sicherheitsrat,palestinians,1,1,0,0,0,0,0,0,0,0,0,0,0,0,0,0,0.0,0.0,0.0,0.0
2023_10_25_europ-ische-union-f-r-humanit-re-pausen-im-nahost-krieg,israelis,16,14,12,0,4,2,0,0,0,0,0,0,0,0,0,0,0.75,0.0,0.125,0.0
2023_10_25_europ-ische-union-f-r-humanit-re-pausen-im-nahost-krieg,palestinians,7,7,4,0,2,1,0,0,1,0,0,0,0,0,0,0,0.5714,0.0,0.1429,2.0
2023_10_25_f-r-berichterstatter-in-not,general_journalists,19,14,12,2,0,11,0,0,0,0,0,0,0,0,1,0,0.6316,0.1053,0.5789,1.5
2023_10_25_f-r-berichterstatter-in-not,israelis,1,1,0,0,0,0,0,0,0,0,0,0,0,0,0,0,0.0,0.0,0.0,0.0
2023_10_25_f-r-berichterstatter-in-not,palestinians,1,1,0,0,0,0,0,0,0,0,0,0,0,0,0,0,0.0,0.0,0.0,0.0
2023_10_25_h-rt-mir-zu,israelis,15,15,5,1,0,3,0,0,0,0,0,0,0,0,0,2,0.3333,0.0667,0.2,-1.5
2023_10_25_h-rt-mir-zu,palestinians,1,1,0,1,0,0,0,0,0,0,0,0,0,0,0,2,0.0,1.0,0.0,-1.5
2023_10_25_ich-bin-bei-euch,general_journalists,1,1,1,0,3,1,0,0,0,0,0,0,0,0,0,0,1.0,0.0,1.0,0.0
2023_10_25_ich-bin-bei-euch,israelis,7,6,2,1,20,4,0,0,0,0,0,0,0,0,0,0,0.2857,0.1429,0.5714,0.5
2023_10_25_ich-bin-bei-euch,palestinians,2,2,1,0,6,2,0,0,0,0,0,0,0,0,0,0,0.5,0.0,1.0,0.0
2023_10_25_israel-z-gert-mit-bodenoffensive,general_journalists,1,1,0,0,0,0,0,0,0,0,0,0,0,0,0,0,0.0,0.0,0.0,0.0
2023_10_25_israel-z-gert-mit-bodenoffensive,israelis,6,6,2,0,0,1,0,0,0,0,0,0,0,0,0,0,0.3333,0.0,0.1667,0.0
2023_10_25_israel-z-gert-mit-bodenoffensive,palestinians,2,2,0,0,0,1,0,0,0,0,0,0,0,0,0,0,0.0,0.0,0.5,0.0
2023_10_25_kurve-gegen-klub,general_journalists,2,2,1,0,0,0,0,0,0,0,0,0,0,0,0,0,0.5,0.0,0.0,0.0
2023_10_25_kurve-gegen-klub,israelis,7,7,3,0,0,2,0,0,0,0,0,0,0,0,0,0,0.4286,0.0,0.2857,0.0
2023_10_25_kurve-gegen-klub,palestinians,12,12,10,0,0,5,0,0,2,0,0,0,0,0,0,0,0.8333,0.0,0.4167,4.0
2023_10_25_m-nchner-stadtrat-stellt-sich-einstimmig-an-die-seite-israels,israelis,5,5,1,0,10,4,0,0,0,0,0,0,0,0,0,6,0.2,0.0,0.8,-6.0
2023_10_25_macrons-balanceakt,israelis,10,10,2,0,0,3,0,0,2,0,0,0,0,0,0,0,0.2,0.0,0.3,4.0
2023_10_25_macrons-balanceakt,palestinians,4,4,1,0,0,2,0,0,2,0,0,0,0,0,0,0,0.25,0.0,0.5,4.0
2023_10_25_milit-risch-ist-die-hamas-unterlegen-politisch-k-nnte-sie-gewinnen,israelis,25,22,21,4,0,0,1,0,1,0,0,0,0,0,2,2,0.84,0.16,0.0,5.0
2023_10_25_milit-risch-ist-die-hamas-unterlegen-politisch-k-nnte-sie-gewinnen,palestinians,8,8,5,0,1,0,1,0,2,0,0,0,0,0,0,0,0.625,0.0,0.0,6.0
2023_10_25_nat-rlich-nicht-rechts,israelis,1,1,1,0,0,0,0,0,0,0,0,0,0,0,0,0,1.0,0.0,0.0,0.0
2023_10_25_nat-rlich-nicht-rechts,palestinians,3,3,1,1,2,1,0,0,1,0,0,0,0,0,0,0,0.3333,0.3333,0.3333,2.5
2023_10_25_streit-zwischen-israel-und-vereinten-nationen-eskaliert,israelis,15,15,8,2,8,4,0,0,0,0,0,0,0,0,0,1,0.5333,0.1333,0.2667,0.0
2023_10_25_streit-zwischen-israel-und-vereinten-nationen-eskaliert,palestinians,4,4,1,0,2,1,0,0,0,0,0,0,0,0,0,2,0.25,0.0,0.25,-2.0
2023_10_25_suche-nach-der-wahrheit,general_journalists,1,1,1,0,0,0,0,0,0,0,0,0,0,0,0,0,1.0,0.0,0.0,0.0
2023_10_25_suche-nach-der-wahrheit,israelis,9,6,6,0,0,4,0,0,0,0,0,0,0,0,0,0,0.6667,0.0,0.4444,0.0
2023_10_25_suche-nach-der-wahrheit,palestinians,13,11,10,0,0,3,0,0,0,0,0,0,0,0,0,0,0.7692,0.0,0.2308,0.0
2023_10_25_und-danach,israelis,12,12,8,0,0,0,0,0,0,0,0,0,0,0,1,1,0.6667,0.0,0.0,-0.5
2023_10_25_und-danach,palestinians,6,6,3,0,0,0,0,0,0,0,0,0,0,0,1,0,0.5,0.0,0.0,0.5
2023_10_25_und-t-glich-gr-t-das-murmeltier,israelis,1,1,1,0,0,0,0,0,0,0,0,0,0,0,0,0,1.0,0.0,0.0,0.0
2023_10_25_und-t-glich-gr-t-das-murmeltier,palestinians,1,1,0,0,0,0,0,0,0,0,0,0,0,0,0,0,0.0,0.0,0.0,0.0
2023_10_25_wieso-verbieten-gerichte-pro-pal-stina-demos,israelis,5,4,3,0,4,2,0,0,0,0,0,0,0,0,0,0,0.6,0.0,0.4,0.0
2023_10_25_wieso-verbieten-gerichte-pro-pal-stina-demos,palestinians,2,2,1,0,8,2,0,0,0,0,0,0,0,0,0,2,0.5,0.0,1.0,-2.0
2023_10_25_wir-haben-seit-16-tagen-keinen-strom-mehr,israelis,9,9,7,0,0,0,0,0,0,0,0,0,0,0,0,2,0.7778,0.0,0.0,-2.0
2023_10_25_wir-haben-seit-16-tagen-keinen-strom-mehr,palestinians,5,4,2,0,0,2,0,0,0,0,0,0,0,0,0,0,0.4,0.0,0.4,0.0
2023_10_25_zur-l-ge-der-linken,israelis,13,13,7,1,0,0,0,0,0,0,0,0,0,0,0,2,0.5385,0.0769,0.0,-1.5
2023_10_25_zur-l-ge-der-linken,palestinians,2,2,1,0,0,1,0,0,0,0,0,0,0,0,0,0,0.5,0.0,0.5,0.0
2023_10_26_das-sind-auch-menschen-die-anderen,general_journalists,1,1,0,0,0,0,0,0,0,0,0,0,0,0,0,0,0.0,0.0,0.0,0.0
2023_10_26_das-sind-auch-menschen-die-anderen,israelis,14,14,7,1,0,2,1,0,0,0,0,0,0,0,0,4,0.5,0.0714,0.1429,-1.5
2023_10_26_das-sind-auch-menschen-die-anderen,palestinians,11,11,6,2,0,1,0,0,0,0,0,0,0,0,1,5,0.5455,0.1818,0.0909,-3.5
2023_10_26_der-vierte-im-grand-old-theater,israelis,1,1,1,0,0,0,0,0,0,0,0,0,0,0,0,0,1.0,0.0,0.0,0.0
2023_10_26_der-vierte-im-grand-old-theater,palestinians,1,1,0,0,0,0,0,0,0,0,0,0,0,0,0,0,0.0,0.0,0.0,0.0
2023_10_26_die-routine-des-entsetzens,general_journalists,1,1,1,0,0,0,0,0,0,0,0,0,0,0,0,0,1.0,0.0,0.0,0.0
2023_10_26_die-routine-des-entsetzens,israelis,8,7,4,0,0,2,0,0,0,0,0,0,0,0,1,0,0.5,0.0,0.25,0.5
2023_10_26_die-routine-des-entsetzens,palestinians,1,1,1,0,0,0,0,0,0,0,0,0,0,0,0,0,1.0,0.0,0.0,0.0
2023_10_26_eilige-beschl-sse,israelis,4,3,3,0,0,2,0,0,0,0,0,0,0,0,0,0,0.75,0.0,0.5,0.0
2023_10_26_eilige-beschl-sse,palestinians,2,2,1,0,0,2,0,0,0,0,0,0,0,0,0,2,0.5,0.0,1.0,-2.0
2023_10_26_eu-will-israel-zu-feuerpausen-auffordern,israelis,13,11,9,0,0,2,0,0,0,0,0,0,0,0,0,0,0.6923,0.0,0.1538,0.0
2023_10_26_eu-will-israel-zu-feuerpausen-auffordern,palestinians,4,4,1,0,0,1,0,0,1,0,0,0,0,0,0,0,0.25,0.0,0.25,2.0
2023_10_26_gewinnt-die-hamas-diesen-krieg,israelis,24,22,20,3,0,0,1,0,1,0,0,0,0,0,2,2,0.8333,0.125,0.0,4.5
2023_10_26_gewinnt-die-hamas-diesen-krieg,palestinians,9,9,6,0,0,0,1,0,2,0,0,0,0,0,0,0,0.6667,0.0,0.0,6.0
2023_10_26_hoffnung-auf-baldige-freilassung-weiterer-geiseln,israelis,11,11,8,0,2,1,0,0,0,0,0,0,0,0,0,0,0.7273,0.0,0.0909,0.0
2023_10_26_hoffnung-auf-baldige-freilassung-weiterer-geiseln,palestinians,4,4,2,0,0,0,0,0,0,0,0,0,0,0,0,0,0.5,0.0,0.0,0.0
2023_10_26_krieg-in-nahost-verantwortung-der-medien,general_journalists,4,4,1,0,0,0,0,0,0,0,0,0,0,0,0,0,0.25,0.0,0.0,0.0
2023_10_26_krieg-in-nahost-verantwortung-der-medien,israelis,2,2,1,0,0,0,0,0,0,0,0,0,0,0,0,0,0.5,0.0,0.0,0.0
2023_10_26_krieg-in-nahost-verantwortung-der-medien,palestinians,2,2,1,0,0,0,0,0,0,0,0,0,0,0,0,0,0.5,0.0,0.0,0.0
2023_10_26_meta-w-chst-wieder-kr-ftig,israelis,1,1,0,0,0,0,0,0,0,0,0,0,0,0,0,0,0.0,0.0,0.0,0.0
2023_10_26_minister-der-provokationen-und-tabubr-che,general_journalists,1,1,1,0,2,1,0,0,0,0,0,0,0,0,0,0,1.0,0.0,1.0,0.0
2023_10_26_minister-der-provokationen-und-tabubr-che,israelis,1,1,0,0,2,1,0,0,0,0,0,0,0,0,0,0,0.0,0.0,1.0,0.0
2023_10_26_minister-der-provokationen-und-tabubr-che,palestinians,1,1,1,0,0,0,0,0,0,0,0,0,0,0,1,0,1.0,0.0,0.0,0.5
2023_10_26_nachrichten-am-26-oktober-2023,israelis,1,1,1,0,0,0,0,0,0,0,0,0,0,0,0,1,1.0,0.0,0.0,-1.0
2023_10_26_nachrichten-am-26-oktober-2023,palestinians,2,2,1,0,0,0,0,0,0,0,0,0,0,0,0,1,0.5,0.0,0.0,-1.0
2023_10_26_staatssekret-rin-entlassen,israelis,1,1,0,1,0,0,0,0,0,0,0,0,0,0,0,0,0.0,1.0,0.0,0.5
2023_10_26_staatssekret-rin-entlassen,palestinians,1,1,0,0,0,0,0,0,0,0,0,0,0,0,0,0,0.0,0.0,0.0,0.0
2023_10_26_stadtrat-stellt-sich-einstimmig-an-die-seite-israels,israelis,4,4,1,0,1,3,0,0,0,0,0,0,0,0,0,4,0.25,0.0,0.75,-4.0
2023_10_26_stadtrat-stellt-sich-einstimmig-an-die-seite-israels,palestinians,1,1,0,0,0,0,0,0,0,0,0,0,0,0,0,0,0.0,0.0,0.0,0.0
2023_10_26_streit-zwischen-israel-und-den-un-eskaliert,israelis,15,15,8,2,0,3,0,0,0,0,0,0,0,0,0,3,0.5333,0.1333,0.2,-2.0
2023_10_26_streit-zwischen-israel-und-den-un-eskaliert,palestinians,4,4,1,0,0,2,0,0,1,0,0,0,0,0,0,2,0.25,0.0,0.5,0.0
2023_10_26_us-repr-sentantenhaus-neuer-sprecher-von-trumps-gnaden,israelis,3,3,1,0,0,0,0,0,0,0,0,0,0,0,0,0,0.3333,0.0,0.0,0.0
2023_10_26_us-repr-sentantenhaus-neuer-sprecher-von-trumps-gnaden,palestinians,2,2,1,0,0,0,0,0,0,0,0,0,0,0,0,0,0.5,0.0,0.0,0.0
2023_10_27_achtung-gehirnw-sche,general_journalists,6,6,4,1,0,5,0,0,0,0,0,0,0,0,0,2,0.6667,0.1667,0.8333,-1.5
2023_10_27_achtung-gehirnw-sche,israelis,3,3,1,0,0,2,0,0,0,0,0,0,0,0,0,0,0.3333,0.0,0.6667,0.0
2023_10_27_achtung-gehirnw-sche,palestinians,2,2,1,1,0,1,0,0,0,0,0,0,0,0,0,0,0.5,0.5,0.5,0.5
2023_10_27_aus-nach-f-nf-jahren,general_journalists,2,2,0,0,2,1,0,0,0,0,0,0,0,0,0,0,0.0,0.0,0.5,0.0
2023_10_27_aus-nach-f-nf-jahren,palestinians,2,2,0,0,2,1,0,0,0,0,0,0,0,0,0,0,0.0,0.0,0.5,0.0
2023_10_27_bitte-kommt-zur-ck,israelis,14,14,10,1,0,3,0,0,0,0,0,0,0,0,0,3,0.7143,0.0714,0.2143,-2.5
2023_10_27_bitte-kommt-zur-ck,palestinians,4,3,1,1,0,0,0,0,1,0,0,0,0,0,0,0,0.25,0.25,0.0,2.5
2023_10_27_der-kuchen,general_journalists,1,1,1,0,0,0,0,0,0,0,0,0,0,0,0,0,1.0,0.0,0.0,0.0
2023_10_27_der-kuchen,israelis,2,2,1,0,0,0,0,0,0,0,0,0,0,0,0,0,0.5,0.0,0.0,0.0
2023_10_27_der-kuchen,palestinians,4,4,2,0,0,0,0,0,0,0,0,0,0,0,0,0,0.5,0.0,0.0,0.0
2023_10_27_der-schattenkrieg,israelis,8,8,5,0,4,2,0,0,0,0,0,0,0,0,0,0,0.625,0.0,0.25,0.0
2023_10_27_der-schattenkrieg,palestinians,1,1,1,0,0,0,0,0,0,0,0,0,0,0,0,0,1.0,0.0,0.0,0.0
2023_10_27_die-entf-hrung,israelis,2,2,1,0,1,0,0,0,0,0,0,0,0,0,0,0,0.5,0.0,0.0,0.0
2023_10_27_die-entf-hrung,palestinians,3,3,0,0,0,0,0,0,0,0,0,0,0,0,0,0,0.0,0.0,0.0,0.0
2023_10_27_die-zweite-b-rde-der-geiseln,general_journalists,1,1,0,1,0,0,0,0,0,0,0,0,0,0,0,0,0.0,1.0,0.0,0.5
2023_10_27_die-zweite-b-rde-der-geiseln,israelis,7,7,3,0,0,0,0,0,0,0,0,0,0,0,0,0,0.4286,0.0,0.0,0.0
2023_10_27_die-zweite-b-rde-der-geiseln,palestinians,5,5,1,1,0,0,0,0,0,0,0,0,0,0,0,2,0.2,0.2,0.0,-1.5
2023_10_27_ein-hoffnungsschimmer,israelis,9,9,8,0,0,1,0,0,0,0,0,0,0,0,0,0,0.8889,0.0,0.1111,0.0
2023_10_27_ein-hoffnungsschimmer,palestinians,4,4,2,0,0,1,0,0,0,0,0,0,0,0,0,0,0.5,0.0,0.25,0.0
2023_10_27_einige-trinken-salzwasser-die-lage-der-zivilisten-in-gaza,israelis,2,2,2,0,0,0,0,0,0,0,0,0,0,0,0,2,1.0,0.0,0.0,-2.0
2023_10_27_einige-trinken-salzwasser-die-lage-der-zivilisten-in-gaza,palestinians,2,2,0,0,4,1,0,0,0,0,0,0,0,0,0,2,0.0,0.0,0.5,-2.0
2023_10_27_israel-droht-al-jazeera-mit-sendeverbot,general_journalists,13,11,9,0,2,1,0,0,0,0,0,0,0,0,0,0,0.6923,0.0,0.0769,0.0
2023_10_27_israel-droht-al-jazeera-mit-sendeverbot,israelis,14,13,6,0,8,4,0,0,0,0,0,0,0,0,0,0,0.4286,0.0,0.2857,0.0
2023_10_27_israel-droht-al-jazeera-mit-sendeverbot,palestinians,3,3,1,0,2,1,0,0,0,0,0,0,0,0,0,0,0.3333,0.0,0.3333,0.0
2023_10_27_nachrichten-am-27-oktober-2023,israelis,4,4,2,1,2,1,0,0,0,0,0,0,0,0,0,0,0.5,0.25,0.25,0.5
2023_10_27_nachrichten-am-27-oktober-2023,palestinians,2,2,0,0,2,1,0,0,0,0,0,0,0,0,0,0,0.0,0.0,0.5,0.0
2023_10_27_nahostkrieg-welche-rolle-spielt-nachbarland-gypten,israelis,3,3,2,0,0,0,0,0,0,0,0,0,0,0,0,0,0.6667,0.0,0.0,0.0
2023_10_27_nahostkrieg-welche-rolle-spielt-nachbarland-gypten,palestinians,1,1,0,0,0,0,0,0,0,0,0,0,0,0,0,0,0.0,0.0,0.0,0.0
2023_10_27_neuer-sprecher-bekannte-probleme,israelis,5,5,2,0,0,2,0,0,0,0,0,0,0,0,0,0,0.4,0.0,0.4,0.0
2023_10_27_neuer-sprecher-bekannte-probleme,palestinians,2,2,1,0,0,0,0,0,0,0,0,0,0,0,0,0,0.5,0.0,0.0,0.0
2023_10_27_nur-im-streit-vereint,israelis,16,13,12,0,0,11,0,0,0,0,0,0,0,0,0,0,0.75,0.0,0.6875,0.0
2023_10_27_nur-im-streit-vereint,palestinians,6,6,4,0,0,1,0,0,0,0,0,0,0,0,0,0,0.6667,0.0,0.1667,0.0
2023_10_27_pro-israel-und-pro-pal-stina-mehrere-demos-am-wochenende,israelis,2,2,0,0,0,0,0,0,0,0,0,0,0,0,0,0,0.0,0.0,0.0,0.0
2023_10_27_pro-israel-und-pro-pal-stina-mehrere-demos-am-wochenende,palestinians,2,2,1,0,2,1,0,0,0,0,0,0,0,0,0,0,0.5,0.0,0.5,0.0
2023_10_27_so-gef-hrlich-w-re-der-h-userkampf-in-gaza,israelis,10,9,6,2,0,0,0,0,0,0,0,0,0,0,0,0,0.6,0.2,0.0,1.0
2023_10_27_so-gef-hrlich-w-re-der-h-userkampf-in-gaza,palestinians,4,4,1,0,0,0,0,0,0,0,0,0,0,0,0,0,0.25,0.0,0.0,0.0
2023_10_27_spaltung-von-ganz-oben,general_journalists,1,1,1,0,0,1,0,0,0,0,0,0,0,0,0,0,1.0,0.0,1.0,0.0
2023_10_27_spaltung-von-ganz-oben,israelis,1,1,0,0,0,1,0,0,0,0,0,0,0,0,0,0,0.0,0.0,1.0,0.0
2023_10_27_spaltung-von-ganz-oben,palestinians,1,1,1,0,0,0,0,0,0,0,0,0,0,0,1,0,1.0,0.0,0.0,0.5
2023_10_27_waffen-wie-spielzeuge,israelis,1,1,0,0,0,0,0,0,0,0,0,0,0,0,0,0,0.0,0.0,0.0,0.0
2023_10_27_waffen-wie-spielzeuge,palestinians,1,1,0,0,0,0,0,0,0,0,0,0,0,0,0,0,0.0,0.0,0.0,0.0
2023_10_27_warum-spanien-einen-friedensgipfel-ausrichten-will,israelis,6,6,4,0,6,3,0,0,0,0,0,0,0,0,0,0,0.6667,0.0,0.5,0.0
2023_10_27_warum-spanien-einen-friedensgipfel-ausrichten-will,palestinians,6,6,2,0,4,2,0,0,1,0,0,0,0,0,0,0,0.3333,0.0,0.3333,2.0
2023_10_27_was-f-r-schulmeister-sind-denn-das,israelis,8,7,4,0,2,1,0,0,0,0,0,0,0,0,1,0,0.5,0.0,0.125,0.5
2023_10_27_was-f-r-schulmeister-sind-denn-das,palestinians,5,5,3,0,2,1,0,0,1,0,0,0,0,0,1,0,0.6,0.0,0.2,2.5
2023_10_27_was-wird-aus-den-geiseln,israelis,10,10,7,2,0,0,0,0,0,0,0,0,0,0,0,0,0.7,0.2,0.0,1.0
2023_10_27_was-wird-aus-den-geiseln,palestinians,4,4,3,1,0,0,0,0,0,0,0,0,0,0,0,0,0.75,0.25,0.0,0.5
2023_10_27_was-wird-aus-der-ann-herung-zwischen-israel-und-saudi-arabien,israelis,6,6,4,0,0,0,0,0,0,0,0,0,0,0,0,0,0.6667,0.0,0.0,0.0
2023_10_27_was-wird-aus-der-ann-herung-zwischen-israel-und-saudi-arabien,palestinians,5,5,2,0,4,2,0,0,0,0,0,0,0,0,0,0,0.4,0.0,0.4,0.0
2023_10_27_wen-er-befreier-nennt,general_journalists,1,1,0,0,0,0,0,0,0,0,0,0,0,0,0,0,0.0,0.0,0.0,0.0
2023_10_27_wen-er-befreier-nennt,israelis,1,1,1,0,0,0,0,0,0,0,0,0,0,0,0,0,1.0,0.0,0.0,0.0
2023_10_27_wen-er-befreier-nennt,palestinians,2,2,1,0,0,0,0,0,0,0,0,0,0,0,0,0,0.5,0.0,0.0,0.0
2023_10_28_ann-herung-auf-eis,israelis,6,6,3,0,0,0,0,0,0,0,0,0,0,0,0,0,0.5,0.0,0.0,0.0
2023_10_28_ann-herung-auf-eis,palestinians,5,5,3,0,0,2,0,0,0,0,0,0,0,0,0,0,0.6,0.0,0.4,0.0
2023_10_28_aus-f-r-david-velasco,general_journalists,2,2,0,0,0,0,0,0,0,0,0,0,0,0,0,0,0.0,0.0,0.0,0.0
2023_10_28_aus-f-r-david-velasco,palestinians,2,2,0,0,0,1,0,0,0,0,0,0,0,0,0,0,0.0,0.0,0.5,0.0
2023_10_28_demonstranten-werfen-israel-genozid-und-mord-vor,israelis,19,17,7,0,21,8,0,1,0,0,0,0,0,0,0,6,0.3684,0.0,0.4211,-4.5
2023_10_28_demonstranten-werfen-israel-genozid-und-mord-vor,palestinians,14,12,11,0,28,9,0,0,0,0,0,0,0,0,1,4,0.7857,0.0,0.6429,-3.5
2023_10_28_falsch-abgebogen,general_journalists,2,2,1,0,10,2,0,0,0,0,0,0,0,0,0,0,0.5,0.0,1.0,0.0
2023_10_28_falsch-abgebogen,israelis,7,6,1,3,22,4,0,0,0,0,0,0,0,0,0,2,0.1429,0.4286,0.5714,-0.5
2023_10_28_falsch-abgebogen,palestinians,4,4,1,0,4,2,0,0,0,0,0,0,0,0,0,0,0.25,0.0,0.5,0.0
2023_10_28_frieden-nach-der-rede-vom-krieg,israelis,3,3,3,0,8,3,0,0,0,0,0,0,0,0,0,0,1.0,0.0,1.0,0.0
2023_10_28_frieden-nach-der-rede-vom-krieg,palestinians,2,2,0,0,2,1,0,0,0,0,0,0,0,0,0,0,0.0,0.0,0.5,0.0
2023_10_28_im-schmerz-vereint,general_journalists,1,1,0,0,0,0,0,0,0,0,0,0,0,0,0,0,0.0,0.0,0.0,0.0
2023_10_28_im-schmerz-vereint,israelis,14,14,7,1,0,2,1,0,0,0,0,0,0,0,0,4,0.5,0.0714,0.1429,-1.5
2023_10_28_im-schmerz-vereint,palestinians,11,11,6,2,0,1,0,0,0,0,0,0,0,0,1,5,0.5455,0.1818,0.0909,-3.5
2023_10_28_mehrere-demos-zum-nahostkonflikt,israelis,1,1,0,0,0,0,0,0,0,0,0,0,0,0,0,0,0.0,0.0,0.0,0.0
2023_10_28_mehrere-demos-zum-nahostkonflikt,palestinians,1,1,1,0,0,1,0,0,0,0,0,0,0,0,0,0,1.0,0.0,1.0,0.0
2023_10_28_nirgendwo-sicherheit,general_journalists,1,1,1,0,0,0,0,0,0,0,0,0,0,0,0,0,1.0,0.0,0.0,0.0
2023_10_28_nirgendwo-sicherheit,israelis,8,8,6,0,0,0,0,0,0,0,0,0,0,0,0,0,0.75,0.0,0.0,0.0
2023_10_28_nirgendwo-sicherheit,palestinians,2,2,1,0,0,0,0,0,0,0,0,0,0,0,0,0,0.5,0.0,0.0,0.0
2023_10_28_panzershow,israelis,1,1,0,0,0,0,0,0,0,0,0,0,0,0,0,0,0.0,0.0,0.0,0.0
2023_10_28_panzershow,palestinians,1,1,0,0,0,0,0,0,0,0,0,0,0,0,0,0,0.0,0.0,0.0,0.0
2023_10_28_so-gef-hrlich-kann-der-h-userkampf-in-gaza-sein,israelis,11,10,7,2,0,0,0,0,0,0,0,0,0,0,0,0,0.6364,0.1818,0.0,1.0
2023_10_28_so-gef-hrlich-kann-der-h-userkampf-in-gaza-sein,palestinians,4,4,2,0,0,0,0,0,0,0,0,0,0,0,0,0,0.5,0.0,0.0,0.0
2023_10_28_spanien-wirbt-f-r-friedensgipfel,israelis,5,5,3,0,0,2,0,0,0,0,0,0,0,0,0,0,0.6,0.0,0.4,0.0
2023_10_28_spanien-wirbt-f-r-friedensgipfel,palestinians,5,5,2,0,0,2,0,0,1,0,0,0,0,0,0,0,0.4,0.0,0.4,2.0
2023_10_28_stra-e-um-stra-e,israelis,11,10,7,2,0,0,0,0,0,0,0,0,0,0,0,0,0.6364,0.1818,0.0,1.0
2023_10_28_stra-e-um-stra-e,palestinians,3,3,1,0,0,0,0,0,0,0,0,0,0,0,0,0,0.3333,0.0,0.0,0.0
2023_10_28_was-f-r-schulmeister,israelis,7,6,4,0,0,1,0,0,0,0,0,0,0,0,1,0,0.5714,0.0,0.1429,0.5
2023_10_28_was-f-r-schulmeister,palestinians,5,5,3,0,0,1,0,0,1,0,0,0,0,0,1,0,0.6,0.0,0.2,2.5
2023_10_28_wir-die-linken-nicht-mehr,israelis,17,17,12,0,0,3,0,0,1,0,0,0,0,0,0,2,0.7059,0.0,0.1765,0.0
2023_10_28_wir-die-linken-nicht-mehr,palestinians,12,11,6,2,0,0,0,0,3,0,0,0,0,0,1,0,0.5,0.1667,0.0,7.5
2023_10_29_bis-jetzt-hat-sich-keiner-um-mich-gek-mmert,general_journalists,1,1,0,0,0,0,0,0,0,0,0,0,0,0,0,2,0.0,0.0,0.0,-2.0
2023_10_29_bis-jetzt-hat-sich-keiner-um-mich-gek-mmert,israelis,6,6,3,0,3,1,0,0,0,0,0,0,0,0,0,1,0.5,0.0,0.1667,-1.0
2023_10_29_bis-jetzt-hat-sich-keiner-um-mich-gek-mmert,palestinians,16,15,6,0,5,2,0,0,0,0,0,0,0,0,0,3,0.375,0.0,0.125,-3.0
2023_10_29_bundesweit-propal-stinensische-demonstrationen,israelis,1,1,1,0,0,0,0,0,0,0,0,0,0,0,0,0,1.0,0.0,0.0,0.0
2023_10_29_bundesweit-propal-stinensische-demonstrationen,palestinians,1,1,1,0,2,1,0,0,0,0,0,0,0,0,0,0,1.0,0.0,1.0,0.0
2023_10_29_das-ziel-muss-ein-pal-stinensischer-staat-sein,israelis,24,24,13,2,1,0,0,1,0,0,0,0,0,0,0,3,0.5417,0.0833,0.0,-0.5
2023_10_29_das-ziel-muss-ein-pal-stinensischer-staat-sein,palestinians,8,7,3,0,0,0,0,0,0,0,0,0,0,0,0,0,0.375,0.0,0.0,0.0
2023_10_29_dieses-gro-e-falsche-ja-aber,israelis,7,7,2,0,4,2,0,0,0,0,0,0,0,0,0,2,0.2857,0.0,0.2857,-2.0
2023_10_29_dieses-gro-e-falsche-ja-aber,palestinians,2,2,0,0,2,1,0,0,0,0,0,0,0,0,0,2,0.0,0.0,0.5,-2.0
2023_10_29_nachrichten-am-29-oktober-2023,israelis,3,3,1,0,4,1,0,0,0,0,0,0,0,0,0,0,0.3333,0.0,0.3333,0.0
2023_10_29_nachrichten-am-29-oktober-2023,palestinians,3,3,1,0,0,0,0,0,0,0,0,0,0,0,0,2,0.3333,0.0,0.0,-2.0
2023_10_29_neuer-landesbischof-ist-im-amt,palestinians,1,1,0,0,0,0,0,0,0,0,0,0,0,0,0,2,0.0,0.0,0.0,-2.0
2023_10_29_was-gibt-s-hier-zu-feiern,general_journalists,1,1,1,0,0,0,0,0,0,0,0,0,0,0,0,0,1.0,0.0,0.0,0.0
2023_10_29_was-gibt-s-hier-zu-feiern,israelis,1,1,1,0,0,0,0,0,0,0,0,0,0,0,0,0,1.0,0.0,0.0,0.0
2023_10_29_was-gibt-s-hier-zu-feiern,palestinians,4,3,0,0,0,0,0,0,2,0,0,0,0,0,0,0,0.0,0.0,0.0,4.0
2023_10_29_was-israels-f-hrung-unter-der-neuen-phase-des-krieges-versteht,israelis,10,9,7,0,4,2,0,0,0,0,0,0,0,0,0,0,0.7,0.0,0.2,0.0
2023_10_29_was-israels-f-hrung-unter-der-neuen-phase-des-krieges-versteht,palestinians,3,3,1,0,4,1,0,0,0,0,0,0,0,0,0,0,0.3333,0.0,0.3333,0.0
2023_10_29_wie-viel-antisemitismus-steckt-in-fridays-for-future-und-uns-allen,israelis,1,1,0,0,0,0,0,0,0,0,0,0,0,0,0,2,0.0,0.0,0.0,-2.0
2023_10_29_wie-viel-antisemitismus-steckt-in-fridays-for-future-und-uns-allen,palestinians,3,2,1,0,6,3,0,0,0,0,0,0,0,0,2,0,0.3333,0.0,1.0,1.0
2023_10_30_aufmarsch-der-israel-gegner,israelis,13,12,5,0,0,4,0,1,0,0,0,0,0,0,0,8,0.3846,0.0,0.3077,-6.5
2023_10_30_aufmarsch-der-israel-gegner,palestinians,12,11,9,0,0,7,0,0,0,0,0,0,0,0,0,2,0.75,0.0,0.5833,-2.0
2023_10_30_bis-jetzt-hat-sich-keiner-gek-mmert,general_journalists,1,1,0,0,0,0,0,0,0,0,0,0,0,0,0,2,0.0,0.0,0.0,-2.0
2023_10_30_bis-jetzt-hat-sich-keiner-gek-mmert,israelis,4,4,2,0,0,2,0,0,0,0,0,0,0,0,0,1,0.5,0.0,0.5,-1.0
2023_10_30_bis-jetzt-hat-sich-keiner-gek-mmert,palestinians,14,13,6,0,0,1,0,0,0,0,0,0,0,0,0,3,0.4286,0.0,0.0714,-3.0
2023_10_30_bundesweit-demonstrationen,israelis,1,1,1,0,0,0,0,0,0,0,0,0,0,0,0,0,1.0,0.0,0.0,0.0
2023_10_30_bundesweit-demonstrationen,palestinians,1,1,1,0,0,1,0,0,0,0,0,0,0,0,0,0,1.0,0.0,1.0,0.0
2023_10_30_christian-kopp-ist-im-amt,palestinians,1,1,0,0,0,0,0,0,0,0,0,0,0,0,0,2,0.0,0.0,0.0,-2.0
2023_10_30_der-westen-war-s-wer-sonst,general_journalists,1,1,1,0,0,0,0,0,0,0,0,0,0,0,0,0,1.0,0.0,0.0,0.0
2023_10_30_der-westen-war-s-wer-sonst,israelis,3,3,3,0,0,0,0,0,0,0,0,0,0,0,0,0,1.0,0.0,0.0,0.0
2023_10_30_der-westen-war-s-wer-sonst,palestinians,1,1,0,0,0,0,0,0,0,0,0,0,0,0,0,0,0.0,0.0,0.0,0.0
2023_10_30_die-hamas-ist-eine-erneuerte-version-des-is,israelis,4,4,1,0,2,1,0,0,0,0,0,0,0,0,0,0,0.25,0.0,0.25,0.0
2023_10_30_die-hamas-ist-eine-erneuerte-version-des-is,palestinians,6,6,4,1,0,0,0,0,2,0,0,0,0,0,0,2,0.6667,0.1667,0.0,2.5
2023_10_30_h-userkampf-in-gaza-so-will-israel-die-hamas-zerschlagen,israelis,4,3,4,0,2,1,0,0,0,0,0,0,0,0,0,0,1.0,0.0,0.25,0.0
2023_10_30_h-userkampf-in-gaza-so-will-israel-die-hamas-zerschlagen,palestinians,2,2,0,0,2,1,0,0,0,0,0,0,0,0,0,0,0.0,0.0,0.5,0.0
2023_10_30_ich-habe-die-aktionen-der-hamas-nicht-unterst-tzt-und-werde-es-nie-tun,general_journalists,1,1,0,0,0,0,0,0,0,0,0,0,0,0,0,0,0.0,0.0,0.0,0.0
2023_10_30_ich-habe-die-aktionen-der-hamas-nicht-unterst-tzt-und-werde-es-nie-tun,israelis,7,7,5,0,4,2,0,0,0,0,0,0,0,0,0,0,0.7143,0.0,0.2857,0.0
2023_10_30_ich-habe-die-aktionen-der-hamas-nicht-unterst-tzt-und-werde-es-nie-tun,palestinians,11,10,3,1,4,2,0,0,2,0,0,0,0,0,0,5,0.2727,0.0909,0.1818,-0.5
2023_10_30_in-gaza,palestinians,6,6,1,0,4,2,0,0,0,0,0,0,0,0,0,1,0.1667,0.0,0.3333,-1.0
2023_10_30_israels-armee-verst-rkt-eins-tze-am-boden,general_journalists,2,2,0,0,0,0,0,0,0,0,0,0,0,0,0,0,0.0,0.0,0.0,0.0
2023_10_30_israels-armee-verst-rkt-eins-tze-am-boden,israelis,11,11,8,0,4,2,0,0,1,0,0,0,0,0,0,1,0.7273,0.0,0.1818,1.0
2023_10_30_israels-armee-verst-rkt-eins-tze-am-boden,palestinians,5,5,5,0,0,0,0,0,1,0,0,0,0,0,0,0,1.0,0.0,0.0,2.0
2023_10_30_leid-und-noch-mehr-leid,israelis,9,9,6,2,4,1,0,0,0,0,0,0,0,0,0,0,0.6667,0.2222,0.1111,1.0
2023_10_30_leid-und-noch-mehr-leid,palestinians,10,8,6,0,0,0,0,0,4,0,0,0,0,0,0,0,0.6,0.0,0.0,8.0
2023_10_30_massaker-und-message,general_journalists,3,2,1,0,0,0,0,0,0,0,0,0,0,0,0,0,0.3333,0.0,0.0,0.0
2023_10_30_massaker-und-message,israelis,17,17,10,1,3,1,0,0,1,0,0,0,0,0,0,2,0.5882,0.0588,0.0588,0.5
2023_10_30_massaker-und-message,palestinians,12,12,4,0,7,3,0,0,1,0,0,0,0,0,0,0,0.3333,0.0,0.25,2.0
2023_10_30_nachrichten-am-30-oktober-2023,israelis,3,3,1,0,2,1,0,0,0,0,0,0,0,0,0,0,0.3333,0.0,0.3333,0.0
2023_10_30_nachrichten-am-30-oktober-2023,palestinians,1,1,1,0,0,0,0,0,0,0,0,0,0,0,0,0,1.0,0.0,0.0,0.0
2023_10_30_neue-phase-im-gaza-krieg,israelis,9,8,7,0,0,1,0,0,0,0,0,0,0,0,0,0,0.7778,0.0,0.1111,0.0
2023_10_30_neue-phase-im-gaza-krieg,palestinians,3,3,1,0,0,1,0,0,0,0,0,0,0,0,0,0,0.3333,0.0,0.3333,0.0
2023_10_30_scholz-verteidigt-enthaltung-bei-nahost-resolution-der-un,israelis,4,4,1,1,2,0,0,0,0,0,0,0,0,0,0,0,0.25,0.25,0.0,0.5
2023_10_30_scholz-verteidigt-enthaltung-bei-nahost-resolution-der-un,palestinians,2,2,1,0,2,1,0,0,0,0,0,0,0,0,0,2,0.5,0.0,0.5,-2.0
2023_10_30_vergewaltigung-und-mord-als-marketingstrategie,israelis,1,1,0,0,0,0,0,0,0,0,0,0,0,0,0,0,0.0,0.0,0.0,0.0
2023_10_30_vergewaltigung-und-mord-als-marketingstrategie,palestinians,1,1,1,0,0,0,0,0,0,0,0,0,0,0,0,0,1.0,0.0,0.0,0.0
2023_10_30_was-der-nahost-krieg-f-r-unsere-energieversorgung-bedeutet,israelis,2,2,2,0,0,0,0,0,0,0,0,0,0,0,0,0,1.0,0.0,0.0,0.0
2023_10_30_was-von-heimat-brig-bleibt,israelis,2,2,1,0,0,0,0,0,0,0,0,0,0,0,0,4,0.5,0.0,0.0,-4.0
2023_10_30_was-von-heimat-brig-bleibt,palestinians,2,2,2,0,0,0,0,0,0,0,0,0,0,0,0,2,1.0,0.0,0.0,-2.0
2023_10_30_weniger-ja-aber-bitte,israelis,6,6,2,0,0,1,0,0,0,0,0,0,0,0,0,0,0.3333,0.0,0.1667,0.0
2023_10_30_weniger-ja-aber-bitte,palestinians,1,1,0,0,0,0,0,0,0,0,0,0,0,0,0,0,0.0,0.0,0.0,0.0
2023_10_30_wie-biden-israel-zu-bremsen-versucht,israelis,19,18,11,0,4,1,0,0,0,0,0,0,0,0,0,1,0.5789,0.0,0.0526,-1.0
2023_10_30_wie-biden-israel-zu-bremsen-versucht,palestinians,3,3,1,0,0,0,0,0,0,0,0,0,0,0,0,0,0.3333,0.0,0.0,0.0
2023_10_30_wie-elon-musk-mit-starlink-israel-provoziert,israelis,9,9,2,1,2,1,0,0,0,0,0,0,0,0,0,2,0.2222,0.1111,0.1111,-1.5
2023_10_30_wie-elon-musk-mit-starlink-israel-provoziert,palestinians,11,11,4,0,2,1,0,0,0,0,0,0,0,0,0,2,0.3636,0.0,0.0909,-2.0
2023_10_30_wie-viel-antisemitismus-steckt-in-der-klimabewegung-und-uns-allen,israelis,1,1,0,0,0,0,0,0,0,0,0,0,0,0,0,2,0.0,0.0,0.0,-2.0
2023_10_30_wie-viel-antisemitismus-steckt-in-der-klimabewegung-und-uns-allen,palestinians,3,2,1,0,0,3,0,0,0,0,0,0,0,0,2,0,0.3333,0.0,1.0,1.0
2023_10_30_wir-verstehen-ihre-emp-rung-sehr-gut,israelis,7,7,3,0,2,1,0,0,0,0,0,0,0,0,0,0,0.4286,0.0,0.1429,0.0
2023_10_30_wir-verstehen-ihre-emp-rung-sehr-gut,palestinians,2,1,0,0,0,0,0,0,2,0,0,0,0,0,0,0,0.0,0.0,0.0,4.0
2023_10_30_wohin-sollen-wir-gehen,general_journalists,1,1,1,1,4,1,0,0,0,0,0,0,0,0,0,0,1.0,1.0,1.0,0.5
2023_10_30_wohin-sollen-wir-gehen,israelis,19,17,12,4,16,4,0,0,0,0,0,0,0,0,0,2,0.6316,0.2105,0.2105,0.0
2023_10_30_wohin-sollen-wir-gehen,palestinians,9,9,7,0,8,3,0,0,1,0,0,0,0,0,0,2,0.7778,0.0,0.3333,0.0
2023_10_31_bei-uns-doch-nicht,israelis,6,6,3,0,0,1,0,0,0,0,0,0,0,0,0,0,0.5,0.0,0.1667,0.0
2023_10_31_bei-uns-doch-nicht,palestinians,2,1,0,0,0,0,0,0,2,0,0,0,0,0,0,0,0.0,0.0,0.0,4.0
2023_10_31_berlebenskampf,general_journalists,1,1,0,0,0,0,0,0,0,0,0,0,0,0,0,0,0.0,0.0,0.0,0.0
2023_10_31_berlebenskampf,israelis,11,11,8,0,0,1,0,0,1,0,0,0,0,0,0,1,0.7273,0.0,0.0909,1.0
2023_10_31_berlebenskampf,palestinians,6,6,6,0,0,0,0,0,1,0,0,0,0,0,0,0,1.0,0.0,0.0,2.0
2023_10_31_berlin-im-dilemma,israelis,4,3,2,0,0,0,0,0,0,0,0,0,0,0,0,0,0.5,0.0,0.0,0.0
2023_10_31_berraschende-allianzen,israelis,11,11,6,0,4,2,0,0,0,0,0,0,0,0,0,2,0.5455,0.0,0.1818,-2.0
2023_10_31_berraschende-allianzen,palestinians,4,4,1,1,4,2,0,0,1,0,0,0,0,0,0,0,0.25,0.25,0.5,2.5
2023_10_31_das-habe-ich-nicht-kommen-sehen,general_journalists,5,4,2,0,25,3,0,0,0,0,0,0,0,0,0,4,0.4,0.0,0.6,-4.0
2023_10_31_das-habe-ich-nicht-kommen-sehen,israelis,2,2,1,0,12,2,0,0,0,0,0,0,0,0,0,0,0.5,0.0,1.0,0.0
2023_10_31_das-habe-ich-nicht-kommen-sehen,palestinians,2,2,1,1,6,2,0,0,0,0,0,0,0,0,0,0,0.5,0.5,1.0,0.5
2023_10_31_das-system-hamas,israelis,5,5,1,0,0,1,0,0,0,0,0,0,0,0,0,0,0.2,0.0,0.2,0.0
2023_10_31_das-system-hamas,palestinians,7,7,4,1,0,1,0,0,2,0,0,0,0,0,0,2,0.5714,0.1429,0.1429,2.5
2023_10_31_die-schuld-der-anderen,israelis,13,12,6,0,0,1,0,0,0,0,0,0,0,0,0,0,0.4615,0.0,0.0769,0.0
2023_10_31_die-schuld-der-anderen,palestinians,2,2,1,0,0,0,0,0,0,0,0,0,0,0,0,0,0.5,0.0,0.0,0.0
2023_10_31_ein-gl-ck-f-r-entdecker,israelis,1,1,1,0,0,0,0,0,0,0,0,0,0,0,0,0,1.0,0.0,0.0,0.0
2023_10_31_endlich-eine-geschichte-der-hoffnung,general_journalists,1,1,1,0,0,0,0,0,0,0,0,0,0,0,0,0,1.0,0.0,0.0,0.0
2023_10_31_endlich-eine-geschichte-der-hoffnung,israelis,4,4,4,1,4,1,0,0,0,0,0,0,0,0,0,0,1.0,0.25,0.25,0.5
2023_10_31_endlich-eine-geschichte-der-hoffnung,palestinians,1,1,0,0,0,0,0,0,0,0,0,0,0,0,0,0,0.0,0.0,0.0,0.0
2023_10_31_es-kann-und-wird-keine-gewinner-geben,general_journalists,1,1,0,0,0,0,0,0,0,0,0,0,0,0,0,0,0.0,0.0,0.0,0.0
2023_10_31_es-kann-und-wird-keine-gewinner-geben,israelis,6,6,5,0,0,2,0,0,0,0,0,0,0,0,0,0,0.8333,0.0,0.3333,0.0
2023_10_31_es-kann-und-wird-keine-gewinner-geben,palestinians,12,11,3,1,0,3,0,0,2,0,0,0,0,0,0,5,0.25,0.0833,0.25,-0.5
2023_10_31_f-nf-bittere-erkenntnisse-nach-dem-7-oktober,general_journalists,1,1,1,1,4,1,0,0,0,0,0,0,0,0,0,0,1.0,1.0,1.0,0.5
2023_10_31_f-nf-bittere-erkenntnisse-nach-dem-7-oktober,israelis,20,18,12,4,16,4,0,0,0,0,0,0,0,0,0,2,0.6,0.2,0.2,0.0
2023_10_31_f-nf-bittere-erkenntnisse-nach-dem-7-oktober,palestinians,9,9,7,0,8,3,0,0,1,0,0,0,0,0,0,2,0.7778,0.0,0.3333,0.0
2023_10_31_leid-leid-leid,israelis,7,7,4,2,0,1,0,0,0,0,0,0,0,0,0,0,0.5714,0.2857,0.1429,1.0
2023_10_31_leid-leid-leid,palestinians,10,8,6,0,0,0,0,0,4,0,0,0,0,0,0,0,0.6,0.0,0.0,8.0
2023_10_31_musk-macht-weltpolitik,israelis,7,6,3,1,0,1,0,0,0,0,0,0,0,0,0,2,0.4286,0.1429,0.1429,-1.5
2023_10_31_musk-macht-weltpolitik,palestinians,10,10,3,0,0,1,0,0,0,0,0,0,0,0,0,2,0.3,0.0,0.1,-2.0
2023_10_31_nachrichten-am-31-oktober-2023,israelis,5,5,4,0,4,1,0,0,0,0,0,0,0,0,0,1,0.8,0.0,0.2,-1.0
2023_10_31_nachrichten-am-31-oktober-2023,palestinians,1,1,1,0,1,0,0,0,0,0,0,0,0,0,0,0,1.0,0.0,0.0,0.0
2023_10_31_scholz-verteidigt-enthaltung-bei-un,israelis,4,4,1,1,0,2,0,0,0,0,0,0,0,0,0,0,0.25,0.25,0.5,0.5
2023_10_31_scholz-verteidigt-enthaltung-bei-un,palestinians,2,2,1,0,0,1,0,0,0,0,0,0,0,0,0,0,0.5,0.0,0.5,0.0
2023_10_31_was-wir-ber-den-angriff-auf-das-fl-chtlingscamp-dschabalia-wissen-und-was-nicht,israelis,11,11,5,0,3,1,0,0,0,0,0,0,0,0,1,1,0.4545,0.0,0.0909,-0.5
2023_10_31_was-wir-ber-den-angriff-auf-das-fl-chtlingscamp-dschabalia-wissen-und-was-nicht,palestinians,2,2,1,0,0,0,0,0,0,0,0,0,0,0,1,2,0.5,0.0,0.0,-1.5
2023_10_31_welche-heimat,israelis,2,2,1,0,0,0,0,0,0,0,0,0,0,0,0,4,0.5,0.0,0.0,-4.0
2023_10_31_welche-heimat,palestinians,2,2,2,0,0,0,0,0,0,0,0,0,0,0,0,2,1.0,0.0,0.0,-2.0
2023_10_31_wer-da-s-t,general_journalists,1,1,1,0,0,0,0,0,0,0,0,0,0,0,0,0,1.0,0.0,0.0,0.0
2023_10_31_wer-da-s-t,israelis,2,2,2,0,0,0,0,0,0,0,0,0,0,0,0,0,1.0,0.0,0.0,0.0
2023_10_31_wer-da-s-t,palestinians,1,1,0,0,0,0,0,0,0,0,0,0,0,0,0,0,0.0,0.0,0.0,0.0
2023_10_31_wie-biden-israel-bremsen-will,israelis,20,19,11,0,0,3,0,0,0,0,0,0,0,0,0,1,0.55,0.0,0.15,-1.0
2023_10_31_wie-biden-israel-bremsen-will,palestinians,3,3,1,0,0,0,0,0,0,0,0,0,0,0,0,0,0.3333,0.0,0.0,0.0
2023_10_31_wir-haben-israel-im-stich-gelassen,israelis,6,5,5,0,14,5,0,0,0,0,0,0,0,0,0,0,0.8333,0.0,0.8333,0.0
2023_10_31_wir-haben-israel-im-stich-gelassen,palestinians,4,4,2,0,6,2,0,0,0,0,0,0,0,0,0,2,0.5,0.0,0.5,-2.0
2023_11_01_erst-mal-schuld-zuweisen-und-lavieren,israelis,12,12,6,0,2,1,0,0,0,0,0,0,0,0,0,2,0.5,0.0,0.0833,-2.0
2023_11_01_erst-mal-schuld-zuweisen-und-lavieren,palestinians,3,3,1,0,0,0,0,0,1,0,0,0,0,0,0,0,0.3333,0.0,0.0,2.0
2023_11_01_gaza-ist-jetzt-die-h-lle-auf-erden,general_journalists,2,2,0,0,0,0,0,0,0,0,0,0,0,0,0,0,0.0,0.0,0.0,0.0
2023_11_01_gaza-ist-jetzt-die-h-lle-auf-erden,israelis,9,9,7,0,2,0,0,0,1,0,0,0,0,0,0,2,0.7778,0.0,0.0,0.0
2023_11_01_gaza-ist-jetzt-die-h-lle-auf-erden,palestinians,6,6,4,0,5,2,0,0,2,0,0,0,0,0,0,0,0.6667,0.0,0.3333,4.0
2023_11_01_gef-hrliche-stimmung,israelis,12,12,5,0,10,3,0,0,0,0,0,0,0,0,0,0,0.4167,0.0,0.25,0.0
2023_11_01_gef-hrliche-stimmung,palestinians,6,6,4,1,4,2,0,0,0,0,0,0,0,0,0,0,0.6667,0.1667,0.3333,0.5
2023_11_01_nachrichten-am-1-november-2023,general_journalists,1,1,1,0,0,0,0,0,0,0,0,0,0,0,0,0,1.0,0.0,0.0,0.0
2023_11_01_nachrichten-am-1-november-2023,israelis,4,4,1,0,0,0,0,0,0,0,0,0,0,0,0,0,0.25,0.0,0.0,0.0
2023_11_01_nachrichten-am-1-november-2023,palestinians,1,1,1,0,0,0,0,0,0,0,0,0,0,0,0,0,1.0,0.0,0.0,0.0
2023_11_01_was-wir-ber-die-angriffe-auf-das-fl-chtlingslager-dschabalia-wissen-und-was-nich,israelis,11,11,6,0,4,1,0,0,0,0,0,0,0,0,1,1,0.5455,0.0,0.0909,-0.5
2023_11_01_was-wir-ber-die-angriffe-auf-das-fl-chtlingslager-dschabalia-wissen-und-was-nich,palestinians,2,2,1,0,0,0,0,0,0,0,0,0,0,0,1,2,0.5,0.0,0.0,-1.5
2023_11_02_die-squad-begehrt-auf-gegen-joe-biden,israelis,13,13,5,0,0,3,0,0,0,0,0,0,0,0,0,0,0.3846,0.0,0.2308,0.0
2023_11_02_die-squad-begehrt-auf-gegen-joe-biden,palestinians,6,6,4,1,0,2,0,0,0,0,0,0,0,0,0,0,0.6667,0.1667,0.3333,0.5
2023_11_02_erst-mal-lavieren,israelis,12,12,6,0,0,1,0,0,0,0,0,0,0,0,0,2,0.5,0.0,0.0833,-2.0
2023_11_02_erst-mal-lavieren,palestinians,3,3,1,0,0,0,0,0,1,0,0,0,0,0,0,0,0.3333,0.0,0.0,2.0
2023_11_02_erste-verletzte-d-rfen-gaza-verlassen,general_journalists,1,1,0,0,0,0,0,0,0,0,0,0,0,0,0,0,0.0,0.0,0.0,0.0
2023_11_02_erste-verletzte-d-rfen-gaza-verlassen,israelis,7,7,6,0,0,0,0,0,1,0,0,0,0,0,0,2,0.8571,0.0,0.0,0.0
2023_11_02_erste-verletzte-d-rfen-gaza-verlassen,palestinians,7,7,6,1,0,4,0,0,3,0,0,0,0,0,0,2,0.8571,0.1429,0.5714,4.5
2023_11_02_gr-er-zugleich-aber-auch-st-rker,israelis,1,1,0,0,0,0,0,0,0,0,0,0,0,0,0,0,0.0,0.0,0.0,0.0
2023_11_02_habecks-rede-zur-situation-in-israel-im-wortlaut,israelis,18,15,6,0,5,2,0,0,0,0,0,0,0,0,0,1,0.3333,0.0,0.1111,-1.0
2023_11_02_habecks-rede-zur-situation-in-israel-im-wortlaut,palestinians,5,5,3,0,0,0,0,0,0,0,0,0,0,0,0,2,0.6,0.0,0.0,-2.0
2023_11_02_israelisches-milit-r-berichtet-von-heftigen-k-mpfen-in-der-nacht,israelis,1,1,1,0,0,0,0,0,0,0,0,0,0,0,0,0,1.0,0.0,0.0,0.0
2023_11_02_israels-krieg-fehlt-das-nachvollziehbare-politische-ziel,israelis,11,11,7,0,2,1,0,0,0,0,0,0,0,0,0,0,0.6364,0.0,0.0909,0.0
2023_11_02_israels-krieg-fehlt-das-nachvollziehbare-politische-ziel,palestinians,2,2,1,0,0,0,0,0,0,0,0,0,0,0,0,0,0.5,0.0,0.0,0.0
2023_11_02_nahost-auf-dem-schulhof,general_journalists,3,3,2,0,0,0,0,0,0,0,0,0,0,0,1,0,0.6667,0.0,0.0,0.5
2023_11_02_nahost-auf-dem-schulhof,israelis,10,9,6,3,0,0,0,0,0,0,0,0,0,0,1,0,0.6,0.3,0.0,2.0
2023_11_02_nahost-auf-dem-schulhof,palestinians,2,2,1,0,4,1,0,0,0,0,0,0,0,0,0,2,0.5,0.0,0.5,-2.0
2023_11_02_sim-karten-f-r-gaza,general_journalists,2,2,0,0,0,0,0,0,0,0,0,0,0,0,0,0,0.0,0.0,0.0,0.0
2023_11_02_sim-karten-f-r-gaza,israelis,3,3,2,0,0,0,0,0,0,0,0,0,0,0,0,0,0.6667,0.0,0.0,0.0
2023_11_02_sim-karten-f-r-gaza,palestinians,10,10,5,1,0,1,0,0,0,0,0,0,0,0,0,4,0.5,0.1,0.1,-3.5
2023_11_02_tunnel-ohne-ausgang,israelis,19,18,13,1,0,2,0,0,0,0,0,0,0,0,2,2,0.6842,0.0526,0.1053,-0.5
2023_11_02_tunnel-ohne-ausgang,palestinians,24,24,8,1,0,7,0,0,1,0,0,0,0,0,0,6,0.3333,0.0417,0.2917,-3.5
2023_11_02_usa-fordern-von-israel-feuerpause,israelis,9,8,4,0,10,5,0,0,0,0,0,0,0,0,0,2,0.4444,0.0,0.5556,-2.0
2023_11_02_usa-fordern-von-israel-feuerpause,palestinians,5,5,3,0,2,1,0,0,0,0,0,0,0,0,0,4,0.6,0.0,0.2,-4.0
2023_11_02_vergewaltigung-als-marketingstrategie,israelis,1,1,0,0,0,0,0,0,0,0,0,0,0,0,0,0,0.0,0.0,0.0,0.0
2023_11_02_vergewaltigung-als-marketingstrategie,palestinians,1,1,1,0,0,0,0,0,0,0,0,0,0,0,0,0,1.0,0.0,0.0,0.0
2023_11_02_warum-tun-erwachsene-so-etwas,general_journalists,1,1,1,0,0,0,0,0,0,0,0,0,0,0,0,0,1.0,0.0,0.0,0.0
2023_11_02_warum-tun-erwachsene-so-etwas,israelis,3,3,3,0,2,0,0,0,0,0,0,0,0,0,0,0,1.0,0.0,0.0,0.0
2023_11_02_warum-tun-erwachsene-so-etwas,palestinians,1,1,1,0,1,0,0,0,0,0,0,0,0,0,0,0,1.0,0.0,0.0,0.0
2023_11_03_die-unm-gliche-aufgabe-des-us-au-enministers,israelis,12,11,9,1,4,2,0,0,0,0,0,0,0,0,0,0,0.75,0.0833,0.1667,0.5
2023_11_03_die-unm-gliche-aufgabe-des-us-au-enministers,palestinians,4,4,0,0,4,1,0,0,0,0,0,0,0,0,0,0,0.0,0.0,0.25,0.0
2023_11_03_gemeinsames-friedensgebet-von-muslimen-juden-und-christen-geplant,israelis,2,2,1,0,1,0,0,0,0,0,0,0,0,0,0,0,0.5,0.0,0.0,0.0
2023_11_03_gemeinsames-friedensgebet-von-muslimen-juden-und-christen-geplant,palestinians,2,2,0,0,3,1,0,0,0,0,0,0,0,0,0,0,0.0,0.0,0.5,0.0
2023_11_03_hassan-nasrallah,general_journalists,1,1,1,0,0,0,0,0,0,0,0,0,0,0,0,0,1.0,0.0,0.0,0.0
2023_11_03_hassan-nasrallah,israelis,7,7,5,1,0,0,0,0,0,0,0,0,0,0,0,0,0.7143,0.1429,0.0,0.5
2023_11_03_hassan-nasrallah,palestinians,1,1,0,0,0,0,0,0,0,0,0,0,0,0,0,0,0.0,0.0,0.0,0.0
2023_11_03_im-krieg-kann-kein-j-disches-herz-abseits-bleiben,israelis,2,2,2,0,0,0,0,0,0,0,0,0,0,0,0,0,1.0,0.0,0.0,0.0
2023_11_03_im-krieg-kann-kein-j-disches-herz-abseits-bleiben,palestinians,1,1,0,0,0,0,0,0,0,0,0,0,0,0,0,0,0.0,0.0,0.0,0.0
2023_11_03_so-geht-es-den-menschen-in-m-nchens-partnerstadt-im-krieg,israelis,6,6,4,0,4,1,0,0,0,0,0,0,0,0,0,3,0.6667,0.0,0.1667,-3.0
2023_11_03_so-geht-es-den-menschen-in-m-nchens-partnerstadt-im-krieg,palestinians,2,2,1,1,0,0,0,0,0,0,0,0,0,0,0,0,0.5,0.5,0.0,0.5
2023_11_03_tanz-der-d-monen,israelis,11,11,6,0,0,1,0,0,0,0,0,0,0,0,0,0,0.5455,0.0,0.0909,0.0
2023_11_03_tanz-der-d-monen,palestinians,2,2,1,0,0,0,0,0,0,0,0,0,0,0,0,0,0.5,0.0,0.0,0.0
2023_11_03_vom-dunkel-ans-licht,israelis,3,3,0,0,0,0,0,0,0,0,0,0,0,0,0,0,0.0,0.0,0.0,0.0
2023_11_03_vom-dunkel-ans-licht,palestinians,1,1,0,0,0,0,0,0,0,0,0,0,0,0,0,0,0.0,0.0,0.0,0.0
2023_11_03_warum-tun-die-so-was,general_journalists,1,1,1,0,0,0,0,0,0,0,0,0,0,0,0,0,1.0,0.0,0.0,0.0
2023_11_03_warum-tun-die-so-was,israelis,3,3,3,0,0,0,0,0,0,0,0,0,0,0,0,0,1.0,0.0,0.0,0.0
2023_11_03_warum-tun-die-so-was,palestinians,1,1,1,0,0,0,0,0,0,0,0,0,0,0,0,0,1.0,0.0,0.0,0.0
2023_11_04_alle-szenarien-sind-m-glich,israelis,8,8,6,0,0,0,0,0,0,0,0,0,0,0,0,0,0.75,0.0,0.0,0.0
2023_11_04_alle-szenarien-sind-m-glich,palestinians,6,5,2,0,0,1,0,0,0,0,0,0,0,0,0,2,0.3333,0.0,0.1667,-2.0
2023_11_04_alle-zusammen,israelis,2,2,1,0,0,0,0,0,0,0,0,0,0,0,0,0,0.5,0.0,0.0,0.0
2023_11_04_alle-zusammen,palestinians,2,2,0,0,0,1,0,0,0,0,0,0,0,0,0,0,0.0,0.0,0.5,0.0
2023_11_04_ans-licht,israelis,2,2,0,0,0,0,0,0,0,0,0,0,0,0,0,0,0.0,0.0,0.0,0.0
2023_11_04_ans-licht,palestinians,1,1,0,0,0,0,0,0,0,0,0,0,0,0,0,0,0.0,0.0,0.0,0.0
2023_11_04_beistand-der-gottesf-rchtigen,israelis,4,4,4,0,0,0,0,0,0,0,0,0,0,0,0,0,1.0,0.0,0.0,0.0
2023_11_04_beistand-der-gottesf-rchtigen,palestinians,1,1,0,0,0,0,0,0,0,0,0,0,0,0,0,0,0.0,0.0,0.0,0.0
2023_11_04_deutsche-verlassen-gaza,palestinians,1,1,0,0,0,0,0,0,0,0,0,0,0,0,0,0,0.0,0.0,0.0,0.0
2023_11_04_die-ern-chterung,israelis,7,7,4,0,0,0,0,0,0,0,0,0,0,0,0,0,0.5714,0.0,0.0,0.0
2023_11_04_die-ern-chterung,palestinians,6,5,4,0,0,0,0,0,1,0,0,0,0,0,0,0,0.6667,0.0,0.0,2.0
2023_11_04_die-unm-gliche-aufgabe,israelis,11,10,8,1,0,2,0,0,0,0,0,0,0,0,0,0,0.7273,0.0909,0.1818,0.5
2023_11_04_die-unm-gliche-aufgabe,palestinians,4,4,0,0,0,1,0,0,0,0,0,0,0,0,0,0,0.0,0.0,0.25,0.0
2023_11_04_gegen-israel-und-f-r-ein-kalifat-in-deutschland,israelis,2,2,0,0,4,1,0,0,0,0,0,0,0,0,0,0,0.0,0.0,0.5,0.0
2023_11_04_gegen-israel-und-f-r-ein-kalifat-in-deutschland,palestinians,1,1,1,0,4,1,0,0,0,0,0,0,0,0,0,0,1.0,0.0,1.0,0.0
2023_11_04_netanjahu-lehnt-feuerpause-ab,israelis,9,8,7,0,0,3,0,0,0,0,0,0,0,0,0,0,0.7778,0.0,0.3333,0.0
2023_11_04_netanjahu-lehnt-feuerpause-ab,palestinians,2,2,1,0,0,1,0,0,0,0,0,0,0,0,0,0,0.5,0.0,0.5,0.0
2023_11_04_vor-der-bilderflut,general_journalists,5,5,1,0,0,2,0,0,0,0,0,0,0,0,0,0,0.2,0.0,0.4,0.0
2023_11_04_vor-der-bilderflut,israelis,8,8,4,0,0,0,0,0,0,0,0,0,0,0,0,0,0.5,0.0,0.0,0.0
2023_11_04_vor-der-bilderflut,palestinians,7,7,4,0,0,1,0,0,0,0,0,0,0,0,1,0,0.5714,0.0,0.1429,0.5
2023_11_04_wieso-linke-glauben-mit-antisemitismus-die-welt-zu-verbessern,israelis,1,1,1,1,2,1,0,0,0,0,0,0,0,0,0,0,1.0,1.0,1.0,0.5
2023_11_04_wieso-linke-glauben-mit-antisemitismus-die-welt-zu-verbessern,palestinians,1,1,0,0,0,0,0,0,0,0,0,0,0,0,0,0,0.0,0.0,0.0,0.0
2023_11_04_wir-stecken-mitten-drin,israelis,4,4,3,0,0,2,0,0,0,0,0,0,0,0,0,3,0.75,0.0,0.5,-3.0
2023_11_04_wir-stecken-mitten-drin,palestinians,2,2,1,1,0,0,0,0,0,0,0,0,0,0,0,0,0.5,0.5,0.0,0.5
2023_11_05_demokratie-so-erfrischend,palestinians,2,2,0,0,0,0,0,0,0,0,0,0,0,0,0,0,0.0,0.0,0.0,0.0
2023_11_05_die-schnitzeljagd,israelis,1,1,1,0,0,0,0,0,0,0,0,0,0,0,0,0,1.0,0.0,0.0,0.0
2023_11_05_die-schnitzeljagd,palestinians,2,2,1,0,0,0,0,0,0,0,0,0,0,0,0,0,0.5,0.0,0.0,0.0
2023_11_05_diese-debatte-bricht-uns-alle,general_journalists,2,2,1,0,0,1,0,0,0,0,0,0,0,0,0,0,0.5,0.0,0.5,0.0
2023_11_05_diese-debatte-bricht-uns-alle,israelis,6,6,5,0,0,2,0,0,0,0,0,0,0,0,1,0,0.8333,0.0,0.3333,0.5
2023_11_05_diese-debatte-bricht-uns-alle,palestinians,37,35,19,2,0,12,0,0,2,0,0,0,0,0,1,4,0.5135,0.0541,0.3243,1.5
2023_11_05_elite-universit-ten-als-orte-der-zwietracht,general_journalists,4,4,2,1,0,0,0,0,0,0,0,0,0,0,0,2,0.5,0.25,0.0,-1.5
2023_11_05_elite-universit-ten-als-orte-der-zwietracht,israelis,8,8,1,1,4,2,0,0,0,0,0,0,0,0,0,0,0.125,0.125,0.25,0.5
2023_11_05_elite-universit-ten-als-orte-der-zwietracht,palestinians,4,4,2,0,4,2,0,0,0,0,0,0,0,0,0,0,0.5,0.0,0.5,0.0
2023_11_05_glaubw-rdig-im-film-und-in-der-wirklichkeit,palestinians,1,1,1,0,0,0,0,0,0,0,0,0,0,0,0,0,1.0,0.0,0.0,0.0
2023_11_05_korridor,palestinians,1,1,1,0,2,1,0,0,0,0,0,0,0,0,0,0,1.0,0.0,1.0,0.0
2023_11_05_nachrichten-am-5-november-2023,israelis,2,2,1,0,0,0,0,0,0,0,0,0,0,0,0,0,0.5,0.0,0.0,0.0
2023_11_05_nachrichten-am-5-november-2023,palestinians,1,1,0,0,0,0,0,0,0,0,0,0,0,0,0,0,0.0,0.0,0.0,0.0
2023_11_05_passt-auf-wo-ihr-mitlauft,palestinians,2,2,1,0,0,0,0,0,0,0,0,0,0,0,0,0,0.5,0.0,0.0,0.0
2023_11_06_biden-und-netanjahu-sprechen-ber-m-gliche-waffenruhe,israelis,1,1,1,0,2,1,0,0,0,0,0,0,0,0,0,0,1.0,0.0,1.0,0.0
2023_11_06_blinken-auf-beruhigungstournee,general_journalists,1,1,0,0,0,0,0,0,0,0,0,0,0,0,0,0,0.0,0.0,0.0,0.0
2023_11_06_blinken-auf-beruhigungstournee,israelis,11,10,5,0,0,1,0,0,0,0,0,0,0,0,0,0,0.4545,0.0,0.0909,0.0
2023_11_06_blinken-auf-beruhigungstournee,palestinians,8,7,7,0,0,2,0,0,0,0,0,0,0,0,0,0,0.875,0.0,0.25,0.0
2023_11_06_ein-bisschen-demokratie,palestinians,2,2,0,0,0,0,0,0,0,0,0,0,0,0,0,0,0.0,0.0,0.0,0.0
2023_11_06_glaubw-rdig-in-film-und-leben,palestinians,1,1,1,0,0,0,0,0,0,0,0,0,0,0,0,0,1.0,0.0,0.0,0.0
2023_11_06_in-k-hler-freundschaft,general_journalists,1,1,0,0,0,0,0,0,0,0,0,0,0,0,0,0,0.0,0.0,0.0,0.0
2023_11_06_in-k-hler-freundschaft,israelis,9,9,4,1,0,0,0,0,0,0,0,0,0,0,0,0,0.4444,0.1111,0.0,0.5
2023_11_06_in-k-hler-freundschaft,palestinians,3,3,0,0,6,1,0,0,0,0,0,0,0,0,0,0,0.0,0.0,0.3333,0.0
2023_11_06_israel-kesselt-gaza-stadt-ein,israelis,3,3,3,0,0,0,0,0,0,0,0,0,0,0,0,2,1.0,0.0,0.0,-2.0
2023_11_06_israel-kesselt-gaza-stadt-ein,palestinians,2,2,1,0,0,0,0,0,0,0,0,0,0,0,0,0,0.5,0.0,0.0,0.0
2023_11_06_kbw-und-pax-christi-legen-kranz-am-kriegerdenkmal-nieder,israelis,2,2,0,0,0,0,0,0,0,0,0,0,0,0,2,0,0.0,0.0,0.0,1.0
2023_11_06_kbw-und-pax-christi-legen-kranz-am-kriegerdenkmal-nieder,palestinians,3,2,0,0,0,0,0,0,0,0,0,0,0,0,3,0,0.0,0.0,0.0,1.5
2023_11_06_nachrichten-am-6-november-2023,israelis,1,1,0,0,0,0,0,0,0,0,0,0,0,0,0,0,0.0,0.0,0.0,0.0
2023_11_06_nachrichten-am-6-november-2023,palestinians,2,2,0,0,0,0,0,0,0,0,0,0,0,0,0,0,0.0,0.0,0.0,0.0
2023_11_06_nahost-krieg-was-bedeutet-die-teilung-des-gazastreifens,israelis,3,3,1,0,0,0,0,0,0,0,0,0,0,0,0,0,0.3333,0.0,0.0,0.0
2023_11_06_orte-der-zwietracht,general_journalists,5,5,3,1,0,0,0,0,0,0,0,0,0,0,0,2,0.6,0.2,0.0,-1.5
2023_11_06_orte-der-zwietracht,israelis,9,9,1,1,0,2,0,0,0,0,0,0,0,0,0,0,0.1111,0.1111,0.2222,0.5
2023_11_06_orte-der-zwietracht,palestinians,4,4,2,0,0,2,0,0,0,0,0,0,0,0,0,0,0.5,0.0,0.5,0.0
2023_11_07_als-pal-stinenser-bist-du-ein-niemand,israelis,7,7,1,1,0,0,0,0,1,0,0,0,0,0,0,0,0.1429,0.1429,0.0,2.5
2023_11_07_als-pal-stinenser-bist-du-ein-niemand,palestinians,22,20,10,1,11,5,0,0,3,0,0,0,0,0,3,0,0.4545,0.0455,0.2273,8.0
2023_11_07_die-pal-stinenser-sind-nicht-die-hamas,israelis,3,3,0,0,0,0,0,0,0,0,0,0,0,0,0,0,0.0,0.0,0.0,0.0
2023_11_07_die-pal-stinenser-sind-nicht-die-hamas,palestinians,8,8,5,0,9,4,0,0,2,0,0,0,0,0,0,0,0.625,0.0,0.5,4.0
2023_11_07_freundschaft-auf-distanz,general_journalists,1,1,0,0,0,0,0,0,0,0,0,0,0,0,0,0,0.0,0.0,0.0,0.0
2023_11_07_freundschaft-auf-distanz,israelis,9,9,4,1,0,0,0,0,0,0,0,0,0,0,0,0,0.4444,0.1111,0.0,0.5
2023_11_07_freundschaft-auf-distanz,palestinians,3,3,0,0,0,1,0,0,0,0,0,0,0,0,0,0,0.0,0.0,0.3333,0.0
2023_11_07_hier-kommt-der-kontext,israelis,8,7,4,1,0,3,0,0,0,0,0,0,0,0,0,0,0.5,0.125,0.375,0.5
2023_11_07_hier-kommt-der-kontext,palestinians,8,7,5,0,0,4,0,0,3,0,0,0,0,0,0,0,0.625,0.0,0.5,6.0
2023_11_07_israel-zerteilt-den-gazastreifen,general_journalists,2,2,2,0,0,0,0,0,0,0,0,0,0,0,0,0,1.0,0.0,0.0,0.0
2023_11_07_israel-zerteilt-den-gazastreifen,israelis,11,11,8,0,0,0,0,0,0,0,0,1,0,0,0,0,0.7273,0.0,0.0,2.5
2023_11_07_israel-zerteilt-den-gazastreifen,palestinians,4,4,2,0,0,0,0,0,1,0,0,0,0,0,0,0,0.5,0.0,0.0,2.0
2023_11_07_israelische-soldaten-k-mpfen-angeblich-im-herzen-von-gaza-stadt,israelis,1,1,1,0,2,1,0,0,0,0,0,0,0,0,0,0,1.0,0.0,1.0,0.0
2023_11_07_kann-spuren-von-extremismus-enthalten,palestinians,2,2,1,0,0,1,0,0,0,0,0,0,0,0,0,0,0.5,0.0,0.5,0.0
2023_11_07_nachrichten-am-7-november-2023,israelis,1,1,0,0,0,0,0,0,0,0,0,0,0,0,0,0,0.0,0.0,0.0,0.0
2023_11_07_nachrichten-am-7-november-2023,palestinians,3,1,1,0,12,3,0,0,3,0,0,0,0,0,0,0,0.3333,0.0,1.0,6.0
2023_11_07_ruanda-wird-s-nicht-richten,israelis,1,1,0,0,0,0,0,0,0,0,0,0,0,0,0,0,0.0,0.0,0.0,0.0
2023_11_07_ruanda-wird-s-nicht-richten,palestinians,1,1,0,0,0,0,0,0,0,0,0,0,0,0,0,0,0.0,0.0,0.0,0.0
2023_11_07_schreckliche-stille-kalte-angst,israelis,4,4,0,0,0,1,0,0,0,0,0,0,0,0,0,0,0.0,0.0,0.25,0.0
2023_11_07_schreckliche-stille-kalte-angst,palestinians,4,4,2,1,0,1,0,0,0,0,0,0,0,0,0,0,0.5,0.25,0.25,0.5
2023_11_07_so-hart-und-so-sprachlos,israelis,4,4,3,0,0,0,0,0,0,0,0,0,0,0,0,0,0.75,0.0,0.0,0.0
2023_11_07_so-hart-und-so-sprachlos,palestinians,8,5,1,0,0,0,0,0,0,0,0,0,0,0,0,0,0.125,0.0,0.0,0.0
2023_11_07_sorge-und-besorgte,israelis,2,2,1,0,0,1,0,0,0,0,0,0,0,0,0,0,0.5,0.0,0.5,0.0
2023_11_07_sorge-und-besorgte,palestinians,3,3,2,0,0,0,0,0,0,0,0,0,0,0,0,0,0.6667,0.0,0.0,0.0
2023_11_07_w-re-doch-gelacht,israelis,4,4,1,1,0,1,0,0,0,0,0,0,0,0,0,0,0.25,0.25,0.25,0.5
2023_11_07_zeichen-f-r-den-frieden,israelis,2,2,0,0,0,0,0,0,0,0,0,0,0,0,2,0,0.0,0.0,0.0,1.0
2023_11_07_zeichen-f-r-den-frieden,palestinians,3,2,1,0,0,0,0,0,0,0,0,0,0,0,3,0,0.3333,0.0,0.0,1.5
2023_11_08_au-enminister-der-g7-fordern-humanit-re-pausen,israelis,8,8,5,1,0,0,0,0,0,0,0,0,0,0,0,0,0.625,0.125,0.0,0.5
2023_11_08_au-enminister-der-g7-fordern-humanit-re-pausen,palestinians,9,8,4,0,2,1,0,0,2,0,0,0,0,0,0,0,0.4444,0.0,0.1111,4.0
2023_11_08_das-ver-ndert-wirklich-alles,palestinians,1,1,0,0,0,0,0,0,0,0,0,0,0,0,0,0,0.0,0.0,0.0,0.0
2023_11_08_der-traum,general_journalists,2,2,1,0,0,0,0,0,0,0,0,0,0,0,0,0,0.5,0.0,0.0,0.0
2023_11_08_der-traum,israelis,2,2,1,1,1,0,0,0,0,0,0,0,0,0,0,0,0.5,0.5,0.0,0.5
2023_11_08_der-traum,palestinians,2,2,0,0,1,0,0,0,0,0,0,0,0,0,0,0,0.0,0.0,0.0,0.0
2023_11_08_deutschland-finanziert-wieder-gaza-hilfen,israelis,3,3,0,0,0,0,0,0,0,0,0,0,0,0,0,0,0.0,0.0,0.0,0.0
2023_11_08_deutschland-finanziert-wieder-gaza-hilfen,palestinians,8,8,5,0,0,5,0,0,2,0,0,0,0,0,0,0,0.625,0.0,0.625,4.0
2023_11_08_eine-begegnung-wider-den-antisemitismus,israelis,2,2,1,0,2,1,0,0,0,0,0,0,0,0,0,0,0.5,0.0,0.5,0.0
2023_11_08_eine-begegnung-wider-den-antisemitismus,palestinians,1,1,0,0,0,0,0,0,0,0,0,0,0,0,0,0,0.0,0.0,0.0,0.0
2023_11_08_erteilen-sie-dem-terror-eine-klare-absage,israelis,1,1,1,0,0,0,0,0,0,0,0,0,0,0,0,0,1.0,0.0,0.0,0.0
2023_11_08_erteilen-sie-dem-terror-eine-klare-absage,palestinians,4,4,1,0,4,1,0,0,1,0,0,0,0,0,2,1,0.25,0.0,0.25,2.0
2023_11_08_habeck-sagt-lissabon-reise-wegen-kritik-an-israel-ab,israelis,9,8,5,0,4,2,0,0,0,0,0,0,0,0,0,0,0.5556,0.0,0.2222,0.0
2023_11_08_habeck-sagt-lissabon-reise-wegen-kritik-an-israel-ab,palestinians,1,1,0,0,0,0,0,0,0,0,0,0,0,0,0,0,0.0,0.0,0.0,0.0
2023_11_08_israel-will-gaza-weiter-kontrollieren,israelis,4,3,4,2,0,2,0,0,0,0,0,0,0,0,0,0,1.0,0.5,0.5,1.0
2023_11_08_israel-will-gaza-weiter-kontrollieren,palestinians,1,1,1,0,0,0,0,0,0,0,0,0,0,0,0,0,1.0,0.0,0.0,0.0
2023_11_08_ist-da-jemand,israelis,9,9,4,0,5,1,0,0,0,0,0,0,0,0,0,2,0.4444,0.0,0.1111,-2.0
2023_11_08_ist-da-jemand,palestinians,2,2,1,0,0,0,0,0,0,0,0,0,0,0,0,0,0.5,0.0,0.0,0.0
2023_11_08_nachrichten-am-8-november-2023,palestinians,1,1,0,0,0,0,0,0,0,0,0,0,0,0,0,0,0.0,0.0,0.0,0.0
2023_11_08_sanktionen-gegen-israel-gefordert,israelis,5,5,3,0,2,0,0,0,0,0,0,0,0,0,0,0,0.6,0.0,0.0,0.0
2023_11_08_sanktionen-gegen-israel-gefordert,palestinians,1,1,1,0,0,0,0,0,0,0,0,0,0,0,0,0,1.0,0.0,0.0,0.0
2023_11_08_seit-diesem-tag-ist-alles-anders,israelis,10,9,8,1,0,5,0,0,0,0,0,0,0,0,0,0,0.8,0.1,0.5,0.5
2023_11_08_seit-diesem-tag-ist-alles-anders,palestinians,2,2,2,0,0,0,0,0,0,0,0,0,0,0,0,0,1.0,0.0,0.0,0.0
2023_11_08_ukraine-beitritt-zur-eu-zu-korrupt-oder-l-ngst-bereit,palestinians,1,1,0,0,0,0,0,0,0,0,0,0,0,0,0,0,0.0,0.0,0.0,0.0
2023_11_08_usa-lehnen-blockade-und-besetzung-des-gazastreifens-ab,israelis,10,10,6,1,9,3,0,0,0,0,0,0,0,0,0,0,0.6,0.1,0.3,0.5
2023_11_08_usa-lehnen-blockade-und-besetzung-des-gazastreifens-ab,palestinians,5,5,3,0,4,2,0,0,0,0,0,0,0,0,0,0,0.6,0.0,0.4,0.0
2023_11_08_von-antisemitismus-bis-zweistaatenl-sung,israelis,38,37,22,0,0,0,0,0,0,0,0,0,0,0,0,1,0.5789,0.0,0.0,-1.0
2023_11_08_von-antisemitismus-bis-zweistaatenl-sung,palestinians,17,16,7,1,0,0,0,0,1,0,0,0,0,0,0,2,0.4118,0.0588,0.0,0.5
2023_11_08_was-ich-vorgefunden-habe-hat-mich-tief-ersch-ttert,israelis,2,2,1,0,0,0,0,0,0,0,0,0,0,0,0,0,0.5,0.0,0.0,0.0
2023_11_08_was-ich-vorgefunden-habe-hat-mich-tief-ersch-ttert,palestinians,1,1,1,0,0,0,0,0,0,0,0,0,0,0,0,0,1.0,0.0,0.0,0.0
2023_11_08_wir-sind-auf-uns-allein-gestellt,general_journalists,1,1,1,0,0,0,0,0,0,0,0,0,0,0,0,0,1.0,0.0,0.0,0.0
2023_11_08_wir-sind-auf-uns-allein-gestellt,israelis,22,22,12,2,0,2,0,0,0,0,0,1,0,0,1,0,0.5455,0.0909,0.0909,4.0
2023_11_08_wir-sind-auf-uns-allein-gestellt,palestinians,4,4,3,0,0,0,0,0,1,0,0,0,0,0,0,1,0.75,0.0,0.0,1.0
2023_11_09_afd-belastet-bayerns-parlament,israelis,4,4,2,0,0,0,0,0,0,0,0,0,0,0,2,0,0.5,0.0,0.0,1.0
2023_11_09_afd-belastet-bayerns-parlament,palestinians,3,3,2,1,4,1,0,0,0,0,0,0,0,0,1,0,0.6667,0.3333,0.3333,1.0
2023_11_09_angriff-aus-der-ferne,israelis,16,14,11,0,4,2,0,1,0,0,0,0,0,0,0,0,0.6875,0.0,0.125,1.5
2023_11_09_au-enminister-der-g-7-fordern-humanit-re-pausen,israelis,9,9,5,1,0,0,0,0,0,0,0,0,0,0,0,0,0.5556,0.1111,0.0,0.5
2023_11_09_au-enminister-der-g-7-fordern-humanit-re-pausen,palestinians,6,6,4,0,0,1,0,0,0,0,0,0,0,0,0,0,0.6667,0.0,0.1667,0.0
2023_11_09_brucker-bekunden-ihre-solidarit-t-mit-israel,israelis,5,5,1,0,0,2,0,0,0,0,0,0,0,0,0,2,0.2,0.0,0.4,-2.0
2023_11_09_brucker-bekunden-ihre-solidarit-t-mit-israel,palestinians,2,2,1,0,0,1,0,0,0,0,0,0,0,0,1,0,0.5,0.0,0.5,0.5
2023_11_09_der-beat-von-servus-salam-und-shalom,israelis,2,2,0,0,0,0,0,0,0,0,0,0,0,0,0,0,0.0,0.0,0.0,0.0
2023_11_09_der-beat-von-servus-salam-und-shalom,palestinians,1,1,0,0,0,0,0,0,0,0,0,0,0,0,0,0,0.0,0.0,0.0,0.0
2023_11_09_ein-hauch-vergeblichkeit,israelis,2,2,1,0,0,0,0,0,0,0,0,0,0,0,0,0,0.5,0.0,0.0,0.0
2023_11_09_ein-hauch-vergeblichkeit,palestinians,1,1,0,0,0,0,0,0,0,0,0,0,0,0,0,0,0.0,0.0,0.0,0.0
2023_11_09_es-ist-etwas-aus-den-fugen-geraten,israelis,4,4,2,0,1,0,0,0,0,0,0,0,0,0,0,0,0.5,0.0,0.0,0.0
2023_11_09_es-ist-etwas-aus-den-fugen-geraten,palestinians,2,2,1,0,4,1,0,0,0,0,0,0,0,0,0,0,0.5,0.0,0.5,0.0
2023_11_09_jubil-um-in-schwierigen-zeiten,palestinians,1,1,0,0,0,0,0,0,0,0,0,0,0,0,0,0,0.0,0.0,0.0,0.0
2023_11_09_k-sschen-von-der-hamas,general_journalists,11,10,7,1,14,6,0,0,0,0,0,0,0,0,0,2,0.6364,0.0909,0.5455,-1.5
2023_11_09_k-sschen-von-der-hamas,israelis,4,4,3,1,2,1,0,0,0,0,0,0,0,0,0,2,0.75,0.25,0.25,-1.5
2023_11_09_k-sschen-von-der-hamas,palestinians,6,6,4,0,4,2,0,0,0,0,0,0,0,0,0,3,0.6667,0.0,0.3333,-3.0
2023_11_09_mit-vernunft-gegen-den-krieg,israelis,8,7,5,1,0,0,0,1,0,0,0,0,0,0,0,2,0.625,0.125,0.0,0.0
2023_11_09_mit-vernunft-gegen-den-krieg,palestinians,6,6,2,0,0,0,0,0,1,0,0,0,0,0,0,0,0.3333,0.0,0.0,2.0
2023_11_09_nachrichten-am-9-november-2023,israelis,6,6,5,0,0,0,0,1,0,0,0,0,0,0,0,0,0.8333,0.0,0.0,1.5
2023_11_09_nachrichten-am-9-november-2023,palestinians,3,3,2,0,0,0,0,0,0,0,0,0,0,0,0,0,0.6667,0.0,0.0,0.0
2023_11_09_nahost-krieg-was-kommt-danach,israelis,2,1,0,0,4,2,0,0,0,0,0,0,0,0,0,0,0.0,0.0,1.0,0.0
2023_11_09_nahost-krieg-was-kommt-danach,palestinians,5,4,1,0,6,3,0,0,0,0,0,0,0,0,0,2,0.2,0.0,0.6,-2.0
2023_11_09_sanktionen-gefordert,israelis,3,3,2,0,0,0,0,0,0,0,0,0,0,0,0,0,0.6667,0.0,0.0,0.0
2023_11_09_sanktionen-gefordert,palestinians,1,1,1,0,0,0,0,0,0,0,0,0,0,0,0,0,1.0,0.0,0.0,0.0
2023_11_09_seht-euch-das-an,general_journalists,3,3,2,0,0,0,0,0,0,0,0,0,0,0,0,0,0.6667,0.0,0.0,0.0
2023_11_09_seht-euch-das-an,israelis,11,10,2,1,0,1,0,0,0,0,0,0,0,0,0,1,0.1818,0.0909,0.0909,-0.5
2023_11_09_seht-euch-das-an,palestinians,3,3,2,0,0,1,0,0,0,0,0,0,0,0,0,0,0.6667,0.0,0.3333,0.0
2023_11_09_steinmeier-appelliert-an-pal-stinenser-in-deutschland,israelis,1,1,1,0,0,0,0,0,0,0,0,0,0,0,0,0,1.0,0.0,0.0,0.0
2023_11_09_steinmeier-appelliert-an-pal-stinenser-in-deutschland,palestinians,4,4,1,0,0,1,0,0,1,0,0,0,0,0,1,1,0.25,0.0,0.25,1.5
2023_11_09_tief-ersch-ttert,israelis,2,2,2,0,0,0,0,0,0,0,0,0,0,0,0,0,1.0,0.0,0.0,0.0
2023_11_09_tief-ersch-ttert,palestinians,4,4,2,0,0,0,0,0,0,0,0,0,0,0,0,0,0.5,0.0,0.0,0.0
2023_11_09_un-werfen-hamas-und-israel-kriegsverbrechen-vor,israelis,3,3,2,0,1,0,0,0,0,0,0,0,0,0,0,2,0.6667,0.0,0.0,-2.0
2023_11_09_un-werfen-hamas-und-israel-kriegsverbrechen-vor,palestinians,2,2,2,1,0,0,0,0,1,0,0,0,0,0,0,0,1.0,0.5,0.0,2.5
2023_11_09_usa-gegen-besetzung-des-gazastreifens,israelis,10,10,6,1,0,3,0,0,0,0,0,0,0,0,0,0,0.6,0.1,0.3,0.5
2023_11_09_usa-gegen-besetzung-des-gazastreifens,palestinians,5,5,3,0,0,2,0,0,0,0,0,0,0,0,0,0,0.6,0.0,0.4,0.0
2023_11_09_weitere-niederlage-f-r-bayern,israelis,1,1,1,0,0,0,0,0,0,0,0,0,0,0,0,0,1.0,0.0,0.0,0.0
2023_11_09_wider-antisemitismus,israelis,2,2,1,0,0,1,0,0,0,0,0,0,0,0,0,0,0.5,0.0,0.5,0.0
2023_11_09_wider-antisemitismus,palestinians,1,1,0,0,0,0,0,0,0,0,0,0,0,0,0,0,0.0,0.0,0.0,0.0
2023_11_09_wut-im-berfluss,general_journalists,1,1,1,0,0,0,0,0,0,0,0,0,0,0,0,0,1.0,0.0,0.0,0.0
2023_11_09_wut-im-berfluss,israelis,2,2,1,0,0,1,0,0,0,0,0,0,0,0,0,0,0.5,0.0,0.5,0.0
2023_11_09_wut-im-berfluss,palestinians,4,4,2,0,0,1,0,0,1,0,0,0,0,0,0,2,0.5,0.0,0.25,0.0
2023_11_10_allein-zu-haus,general_journalists,2,2,2,0,0,0,0,0,0,0,0,0,0,0,0,0,1.0,0.0,0.0,0.0
2023_11_10_allein-zu-haus,israelis,9,9,6,0,0,2,0,0,0,0,0,0,0,0,0,5,0.6667,0.0,0.2222,-5.0
2023_11_10_allein-zu-haus,palestinians,3,3,2,0,1,3,0,0,0,0,0,0,0,0,0,0,0.6667,0.0,1.0,0.0
2023_11_10_blick-zur-ck-nach-vorn,israelis,13,13,6,2,0,2,0,0,0,0,0,0,0,0,0,0,0.4615,0.1538,0.1538,1.0
2023_11_10_blick-zur-ck-nach-vorn,palestinians,5,4,4,1,0,1,0,0,0,0,0,0,0,0,2,0,0.8,0.2,0.2,1.5
2023_11_10_das-beste-aus-aller-welt,general_journalists,1,1,1,0,0,0,0,0,0,0,0,0,0,0,0,0,1.0,0.0,0.0,0.0
2023_11_10_das-beste-aus-aller-welt,israelis,2,2,1,0,0,1,0,0,0,0,0,0,0,0,0,0,0.5,0.0,0.5,0.0
2023_11_10_das-beste-aus-aller-welt,palestinians,4,4,2,0,0,1,0,0,1,0,0,0,0,0,0,2,0.5,0.0,0.25,0.0
2023_11_10_das-ende-eines-sicheren-ortes,israelis,14,13,9,0,1,0,0,0,0,0,0,0,0,0,0,2,0.6429,0.0,0.0,-2.0
2023_11_10_das-ende-eines-sicheren-ortes,palestinians,5,4,3,1,0,0,0,0,1,0,0,0,0,0,2,4,0.6,0.2,0.0,-0.5
2023_11_10_der-reporter-der-keiner-ist,general_journalists,7,6,6,0,2,1,0,0,0,0,0,0,0,0,0,1,0.8571,0.0,0.1429,-1.0
2023_11_10_der-reporter-der-keiner-ist,israelis,1,1,0,0,0,0,0,0,0,0,0,0,0,0,0,0,0.0,0.0,0.0,0.0
2023_11_10_der-reporter-der-keiner-ist,palestinians,3,3,0,0,0,0,0,0,0,0,0,0,0,0,0,0,0.0,0.0,0.0,0.0
2023_11_10_die-gestrandeten-aus-gaza,israelis,11,10,4,0,2,0,0,0,0,0,0,0,0,0,0,1,0.3636,0.0,0.0,-1.0
2023_11_10_die-gestrandeten-aus-gaza,palestinians,19,18,10,0,2,0,0,0,0,0,0,0,0,0,0,5,0.5263,0.0,0.0,-5.0
2023_11_10_dreckiges-geld-f-r-die-hamas,israelis,10,8,8,0,0,2,0,0,0,0,0,0,0,0,0,0,0.8,0.0,0.2,0.0
2023_11_10_dreckiges-geld-f-r-die-hamas,palestinians,7,6,3,0,0,0,0,0,0,0,0,0,0,0,0,0,0.4286,0.0,0.0,0.0
2023_11_10_es-sind-wirklich-verr-ckte-umst-nde,palestinians,1,1,0,0,0,0,0,0,0,0,0,0,0,0,0,0,0.0,0.0,0.0,0.0
2023_11_10_free-palestine-im-lesesaal,israelis,2,2,1,0,0,0,0,0,0,0,0,0,0,0,0,2,0.5,0.0,0.0,-2.0
2023_11_10_gipfel-der-ohnmacht,israelis,2,2,1,1,0,0,0,0,0,0,0,0,0,0,0,0,0.5,0.5,0.0,0.5
2023_11_10_gipfel-der-ohnmacht,palestinians,4,4,1,0,0,1,0,0,1,0,0,0,0,0,0,0,0.25,0.0,0.25,2.0
2023_11_10_herumbablern,palestinians,1,1,0,0,0,0,0,0,0,0,0,0,0,0,0,0,0.0,0.0,0.0,0.0
2023_11_10_im-schutzraum-sagen-wir-ihnen-wir-machen-alle-zusammen-pyjamaparty,israelis,12,12,7,1,0,0,0,2,0,0,0,0,0,0,0,4,0.5833,0.0833,0.0,-0.5
2023_11_10_im-schutzraum-sagen-wir-ihnen-wir-machen-alle-zusammen-pyjamaparty,palestinians,1,1,1,0,0,0,0,0,0,0,0,0,0,0,0,0,1.0,0.0,0.0,0.0
2023_11_10_j-nger-wird-er-nicht,israelis,2,2,0,0,0,0,0,0,0,0,0,0,0,0,0,0,0.0,0.0,0.0,0.0
2023_11_10_j-nger-wird-er-nicht,palestinians,2,2,1,0,2,1,0,0,0,0,0,0,0,0,0,0,0.5,0.0,0.5,0.0
2023_11_10_nachrichten-am-10-november-2023,palestinians,1,1,1,0,0,0,0,0,0,0,0,0,0,0,0,0,1.0,0.0,0.0,0.0
2023_11_10_passt-auf-mit-wem-ihr-mitlauft,general_journalists,1,1,0,0,2,1,0,0,0,0,0,0,0,0,0,0,0.0,0.0,1.0,0.0
2023_11_10_passt-auf-mit-wem-ihr-mitlauft,palestinians,6,5,3,0,4,1,0,0,0,0,0,0,0,0,0,3,0.5,0.0,0.1667,-3.0
2023_11_10_samstag-sonntag,israelis,1,1,0,0,0,0,0,0,0,0,0,0,0,0,1,0,0.0,0.0,0.0,0.5
2023_11_10_samstag-sonntag,palestinians,2,1,0,0,0,0,0,0,0,0,0,0,0,0,2,0,0.0,0.0,0.0,1.0
2023_11_10_stellung-beziehen-aber-zackig,palestinians,1,1,1,0,2,1,0,0,0,0,0,0,0,0,1,0,1.0,0.0,1.0,0.5
2023_11_10_t-tervolk,israelis,9,8,4,0,10,2,0,0,1,0,0,0,0,0,0,2,0.4444,0.0,0.2222,0.0
2023_11_10_t-tervolk,palestinians,7,6,5,0,12,4,0,0,3,0,0,0,0,0,0,2,0.7143,0.0,0.5714,4.0
2023_11_10_ungeheuerlich-diese-k-lte,israelis,8,7,2,0,2,1,0,0,0,0,0,0,0,0,0,0,0.25,0.0,0.125,0.0
2023_11_10_ungeheuerlich-diese-k-lte,palestinians,3,3,0,1,5,2,0,0,0,0,0,0,0,0,1,0,0.0,0.3333,0.6667,1.0
2023_11_10_vernunft-gesucht,israelis,8,7,5,1,0,0,0,1,0,0,0,0,0,0,0,2,0.625,0.125,0.0,0.0
2023_11_10_vernunft-gesucht,palestinians,6,6,2,0,0,0,0,0,1,0,0,0,0,0,0,0,0.3333,0.0,0.0,2.0
2023_11_10_weitere-briefe,israelis,4,4,2,0,0,0,0,0,0,0,0,0,0,0,2,0,0.5,0.0,0.0,1.0
2023_11_10_weitere-briefe,palestinians,3,3,2,1,0,1,0,0,0,0,0,0,0,0,1,0,0.6667,0.3333,0.3333,1.0
2023_11_10_wie-der-krieg-in-gaza-indien-spaltet,general_journalists,2,2,1,0,0,1,0,0,0,0,0,0,0,0,0,0,0.5,0.0,0.5,0.0
2023_11_10_wie-der-krieg-in-gaza-indien-spaltet,israelis,15,15,5,1,0,4,0,0,0,0,0,0,0,0,0,0,0.3333,0.0667,0.2667,0.5
2023_11_10_wie-der-krieg-in-gaza-indien-spaltet,palestinians,9,9,4,0,0,0,0,0,1,0,0,0,0,0,0,0,0.4444,0.0,0.0,2.0
2023_11_10_zwischen-den-zeilen,palestinians,2,2,1,0,0,0,0,0,0,0,0,0,0,0,0,0,0.5,0.0,0.0,0.0
2023_11_11_bermorgen,israelis,13,13,8,0,0,0,0,0,0,0,0,0,0,0,0,2,0.6154,0.0,0.0,-2.0
2023_11_11_bermorgen,palestinians,5,4,3,1,0,0,0,0,1,0,0,0,0,0,2,2,0.6,0.2,0.0,1.5
2023_11_11_gestrandet,israelis,10,9,4,0,0,0,0,0,0,0,0,0,0,0,0,1,0.4,0.0,0.0,-1.0
2023_11_11_gestrandet,palestinians,17,16,10,1,0,0,0,0,0,0,0,0,0,0,0,5,0.5882,0.0588,0.0,-4.5
2023_11_11_k-sse-von-der-hamas,general_journalists,9,9,6,1,0,4,0,0,0,0,0,0,0,0,0,1,0.6667,0.1111,0.4444,-0.5
2023_11_11_k-sse-von-der-hamas,israelis,4,4,3,1,0,1,0,0,0,0,0,0,0,0,0,2,0.75,0.25,0.25,-1.5
2023_11_11_k-sse-von-der-hamas,palestinians,5,5,2,0,0,1,0,0,0,0,0,0,0,0,0,3,0.4,0.0,0.2,-3.0
2023_11_11_pro-pal-stinensische-demonstranten-werfen-israel-terrorismus-auf-h-chstem-niveau,israelis,8,8,3,0,14,6,0,0,0,0,0,0,0,0,0,2,0.375,0.0,0.75,-2.0
2023_11_11_pro-pal-stinensische-demonstranten-werfen-israel-terrorismus-auf-h-chstem-niveau,palestinians,9,9,7,1,17,7,0,0,0,0,0,0,0,0,0,2,0.7778,0.1111,0.7778,-1.5
2023_11_11_quietschen-in-stiller-halle,palestinians,1,1,0,0,0,0,0,0,0,0,0,0,0,0,0,0,0.0,0.0,0.0,0.0
2023_11_11_unter-verdacht,general_journalists,1,1,0,0,0,1,0,0,0,0,0,0,0,0,0,0,0.0,0.0,1.0,0.0
2023_11_11_unter-verdacht,palestinians,5,4,2,0,0,1,0,0,0,0,0,0,0,0,0,3,0.4,0.0,0.2,-3.0
2023_11_11_von-gestern,israelis,9,8,4,0,0,3,0,0,1,0,0,0,0,0,0,2,0.4444,0.0,0.3333,0.0
2023_11_11_von-gestern,palestinians,7,6,5,0,0,4,0,0,3,0,0,0,0,0,0,2,0.7143,0.0,0.5714,4.0
2023_11_11_von-krisengespr-ch-zu-krisengespr-ch,general_journalists,1,1,0,0,0,0,0,0,0,0,0,0,0,0,0,0,0.0,0.0,0.0,0.0
2023_11_11_von-krisengespr-ch-zu-krisengespr-ch,israelis,10,10,1,0,2,1,0,0,0,0,0,0,0,0,0,0,0.1,0.0,0.1,0.0
2023_11_11_von-krisengespr-ch-zu-krisengespr-ch,palestinians,4,4,3,1,0,0,0,0,0,0,0,0,0,0,1,0,0.75,0.25,0.0,1.0
2023_11_11_who-sehr-besorgt-ber-lage-am-al-schifa-krankenhaus-in-gaza,palestinians,1,1,0,0,2,1,0,0,0,0,0,0,0,0,0,0,0.0,0.0,1.0,0.0
2023_11_12_ein-ganz-anderer-piers-morgan,general_journalists,3,2,1,0,0,0,0,0,0,0,0,0,0,0,0,0,0.3333,0.0,0.0,0.0
2023_11_12_ein-ganz-anderer-piers-morgan,israelis,6,6,4,0,6,2,0,0,0,0,0,0,0,0,0,0,0.6667,0.0,0.3333,0.0
2023_11_12_ein-ganz-anderer-piers-morgan,palestinians,7,7,4,0,8,3,0,0,0,0,0,0,0,0,0,2,0.5714,0.0,0.4286,-2.0
2023_11_12_institutionen-sind-der-wichtigste-grund-daf-r-ob-nationen-berleben-oder-scheiter,general_journalists,1,1,1,0,0,0,0,0,0,0,0,0,0,0,0,0,1.0,0.0,0.0,0.0
2023_11_12_institutionen-sind-der-wichtigste-grund-daf-r-ob-nationen-berleben-oder-scheiter,israelis,2,2,0,0,0,0,0,0,0,0,0,0,0,0,0,0,0.0,0.0,0.0,0.0
2023_11_12_institutionen-sind-der-wichtigste-grund-daf-r-ob-nationen-berleben-oder-scheiter,palestinians,1,1,0,0,0,0,0,0,0,0,0,0,0,0,0,0,0.0,0.0,0.0,0.0
2023_11_12_nachrichten-am-12-november-2023,israelis,2,2,0,0,0,0,0,0,0,0,0,0,0,0,0,0,0.0,0.0,0.0,0.0
2023_11_12_nachrichten-am-12-november-2023,palestinians,1,1,0,0,2,1,0,0,0,0,0,0,0,0,0,0,0.0,0.0,1.0,0.0
2023_11_13_al-schifa-krankenhaus,israelis,2,2,2,0,0,0,0,0,0,0,0,0,0,0,0,0,1.0,0.0,0.0,0.0
2023_11_13_al-schifa-krankenhaus,palestinians,1,1,0,0,0,0,0,0,0,0,0,0,0,0,0,0,0.0,0.0,0.0,0.0
2023_11_13_baerbocks-balanceakt,israelis,11,11,5,0,0,1,0,0,0,0,0,0,0,0,0,0,0.4545,0.0,0.0909,0.0
2023_11_13_baerbocks-balanceakt,palestinians,7,7,4,1,0,3,0,0,0,1,0,0,0,0,0,3,0.5714,0.1429,0.4286,-0.5
2023_11_13_bekenntnis-zu-israel,israelis,5,5,1,0,0,0,0,0,0,1,0,0,0,0,0,0,0.2,0.0,0.0,2.0
2023_11_13_david-cameron-ist-neuer-uk-au-enminister-das-zeugt-von-verzweiflung,palestinians,1,1,0,0,0,0,0,0,0,0,0,0,0,0,0,1,0.0,0.0,0.0,-1.0
2023_11_13_der-atem-des-todes,israelis,10,9,8,0,0,3,0,0,0,0,0,0,0,0,0,0,0.8,0.0,0.3,0.0
2023_11_13_der-atem-des-todes,palestinians,4,4,1,0,0,0,0,0,0,0,0,0,0,0,0,0,0.25,0.0,0.0,0.0
2023_11_13_die-hetze-der-innenministerin,general_journalists,1,1,1,0,0,0,0,0,0,0,0,0,0,0,0,0,1.0,0.0,0.0,0.0
2023_11_13_die-hetze-der-innenministerin,israelis,1,1,1,0,0,0,0,0,0,0,0,0,0,0,0,0,1.0,0.0,0.0,0.0
2023_11_13_die-hetze-der-innenministerin,palestinians,1,1,1,0,0,1,0,0,0,0,0,0,0,0,0,0,1.0,0.0,1.0,0.0
2023_11_13_einiges-europa-in-der-gaza-frage-geht-das,israelis,2,2,0,0,0,0,0,0,0,0,0,0,0,0,0,0,0.0,0.0,0.0,0.0
2023_11_13_einiges-europa-in-der-gaza-frage-geht-das,palestinians,1,1,0,0,0,0,0,0,0,0,0,0,0,0,0,0,0.0,0.0,0.0,0.0
2023_11_13_gefangen-im-dilemma,israelis,7,7,2,1,0,0,0,0,0,0,0,0,0,0,1,0,0.2857,0.1429,0.0,1.0
2023_11_13_gefangen-im-dilemma,palestinians,3,3,3,0,0,0,0,0,0,1,0,0,0,0,0,1,1.0,0.0,0.0,1.0
2023_11_13_israel-k-mpft-um-die-ffentliche-gunst,general_journalists,1,1,0,0,0,0,0,0,0,0,0,0,0,0,0,0,0.0,0.0,0.0,0.0
2023_11_13_israel-k-mpft-um-die-ffentliche-gunst,israelis,9,8,5,2,0,2,0,0,0,0,0,0,0,0,0,0,0.5556,0.2222,0.2222,1.0
2023_11_13_israel-k-mpft-um-die-ffentliche-gunst,palestinians,4,4,0,2,0,2,0,0,0,0,0,0,0,0,0,0,0.0,0.5,0.5,1.0
2023_11_13_kicken-im-schatten-der-katastrophe,general_journalists,1,1,1,0,0,0,0,0,0,0,0,0,0,0,0,0,1.0,0.0,0.0,0.0
2023_11_13_kicken-im-schatten-der-katastrophe,israelis,25,25,13,1,2,1,0,0,0,0,0,0,0,0,0,2,0.52,0.04,0.04,-1.5
2023_11_13_kicken-im-schatten-der-katastrophe,palestinians,6,6,6,0,0,0,0,0,0,0,0,0,0,0,0,0,1.0,0.0,0.0,0.0
2023_11_13_mehr-piers-morgan-wagen,general_journalists,3,2,0,0,0,0,0,0,0,0,0,0,0,0,0,0,0.0,0.0,0.0,0.0
2023_11_13_mehr-piers-morgan-wagen,israelis,6,6,4,0,0,2,0,0,0,0,0,0,0,0,0,0,0.6667,0.0,0.3333,0.0
2023_11_13_mehr-piers-morgan-wagen,palestinians,7,7,4,0,0,3,0,0,0,0,0,0,0,0,0,2,0.5714,0.0,0.4286,-2.0
2023_11_13_osteurop-er-sorgen-sich-um-eu-hilfe-f-r-die-ukraine,israelis,2,2,1,0,2,1,0,0,0,0,0,0,0,0,0,0,0.5,0.0,0.5,0.0
2023_11_13_osteurop-er-sorgen-sich-um-eu-hilfe-f-r-die-ukraine,palestinians,1,1,1,0,0,0,0,0,0,0,0,0,0,0,0,0,1.0,0.0,0.0,0.0
2023_11_13_verbale-attacken-statt-solidarit-t-mit-den-opfern,israelis,8,8,3,0,0,6,0,0,0,0,0,0,0,0,0,2,0.375,0.0,0.75,-2.0
2023_11_13_verbale-attacken-statt-solidarit-t-mit-den-opfern,palestinians,9,9,7,1,0,7,0,0,0,0,0,0,0,0,0,2,0.7778,0.1111,0.7778,-1.5
2023_11_13_was-ist-los-mit-greta-thunberg,general_journalists,2,2,1,1,0,0,0,0,0,0,0,0,0,0,0,0,0.5,0.5,0.0,0.5
2023_11_13_was-ist-los-mit-greta-thunberg,israelis,3,2,1,0,4,2,0,0,0,0,0,0,0,0,0,0,0.3333,0.0,0.6667,0.0
2023_11_13_was-ist-los-mit-greta-thunberg,palestinians,9,9,6,0,8,4,0,0,2,0,0,0,0,0,0,0,0.6667,0.0,0.4444,4.0
2023_11_13_wenn-es-so-weitergeht-wird-ki-arbeitnehmern-und-demokratie-schaden,general_journalists,1,1,1,0,0,0,0,0,0,0,0,0,0,0,0,0,1.0,0.0,0.0,0.0
2023_11_13_wenn-es-so-weitergeht-wird-ki-arbeitnehmern-und-demokratie-schaden,israelis,2,2,0,0,0,0,0,0,0,0,0,0,0,0,0,0,0.0,0.0,0.0,0.0
2023_11_13_wenn-es-so-weitergeht-wird-ki-arbeitnehmern-und-demokratie-schaden,palestinians,1,1,0,0,0,0,0,0,0,0,0,0,0,0,0,0,0.0,0.0,0.0,0.0
2023_11_13_wie-kann-man-frieden-schlie-en-mit-einer-organisation-die-t-ten-will,israelis,9,9,3,0,0,0,0,0,0,0,0,0,0,0,0,2,0.3333,0.0,0.0,-2.0
2023_11_13_wie-kann-man-frieden-schlie-en-mit-einer-organisation-die-t-ten-will,palestinians,8,8,4,0,0,0,0,0,0,0,0,0,0,0,0,4,0.5,0.0,0.0,-4.0
2023_11_13_wir-k-nnen-wirklich-nirgendwo-hin,israelis,9,8,5,2,0,0,0,0,0,0,0,0,0,0,0,3,0.5556,0.2222,0.0,-2.0
2023_11_13_wir-k-nnen-wirklich-nirgendwo-hin,palestinians,1,1,0,0,0,0,0,0,0,0,0,0,0,0,0,2,0.0,0.0,0.0,-2.0
2023_11_14_42-journalisten-get-tet,general_journalists,20,16,14,2,8,4,0,0,0,0,0,0,0,0,1,1,0.7,0.1,0.2,0.5
2023_11_14_42-journalisten-get-tet,israelis,8,8,5,2,4,2,0,0,0,0,0,0,0,0,0,0,0.625,0.25,0.25,1.0
2023_11_14_42-journalisten-get-tet,palestinian_journalists,1,1,1,0,0,0,0,0,0,0,0,0,0,0,1,0,1.0,0.0,0.0,0.5
2023_11_14_42-journalisten-get-tet,palestinians,10,8,7,0,2,1,0,0,0,0,0,0,0,0,1,0,0.7,0.0,0.1,0.5
2023_11_14_al-schifa-klinik,israelis,2,2,2,0,0,0,0,0,0,0,0,0,0,0,0,0,1.0,0.0,0.0,0.0
2023_11_14_bekenntnis-der-union-zu-israel,israelis,5,5,1,0,0,0,0,0,0,1,0,0,0,0,0,0,0.2,0.0,0.0,2.0
2023_11_14_biden-verlangt-von-israel-krankenh-user-zu-sch-tzen,israelis,8,8,3,0,4,1,0,0,0,0,0,0,0,0,0,0,0.375,0.0,0.125,0.0
2023_11_14_biden-verlangt-von-israel-krankenh-user-zu-sch-tzen,palestinians,3,3,2,0,3,1,0,0,0,0,0,0,0,0,0,2,0.6667,0.0,0.3333,-2.0
2023_11_14_das-menschliche-gesicht-verloren,israelis,6,6,2,0,0,1,0,0,0,0,0,0,0,0,0,0,0.3333,0.0,0.1667,0.0
2023_11_14_das-menschliche-gesicht-verloren,palestinians,8,8,4,0,0,0,0,0,0,0,0,0,0,0,0,4,0.5,0.0,0.0,-4.0
2023_11_14_der-genozid-kehrt-nach-darfur-zur-ck,palestinians,1,1,0,0,0,0,0,0,0,0,0,0,0,0,0,0,0.0,0.0,0.0,0.0
2023_11_14_die-hilflosigkeit-ist-nicht-zu-beschreiben,israelis,7,7,3,0,0,1,0,0,0,0,0,0,0,0,0,1,0.4286,0.0,0.1429,-1.0
2023_11_14_die-hilflosigkeit-ist-nicht-zu-beschreiben,palestinians,1,1,1,1,0,0,0,0,0,0,0,0,0,0,0,0,1.0,1.0,0.0,0.5
2023_11_14_eu-ratspr-sident-versucht-sich-in-schadensbegrenzung,israelis,7,7,5,0,0,2,0,0,0,0,0,0,0,0,0,0,0.7143,0.0,0.2857,0.0
2023_11_14_eu-ratspr-sident-versucht-sich-in-schadensbegrenzung,palestinians,4,4,3,0,0,0,0,0,0,0,0,0,0,0,0,0,0.75,0.0,0.0,0.0
2023_11_14_gebrochene-herzen,general_journalists,1,1,1,0,0,0,0,0,0,0,0,0,0,0,0,0,1.0,0.0,0.0,0.0
2023_11_14_gebrochene-herzen,israelis,23,23,11,1,0,2,0,0,0,0,0,0,0,0,0,2,0.4783,0.0435,0.087,-1.5
2023_11_14_gebrochene-herzen,palestinians,6,6,6,0,0,0,0,0,0,0,0,0,0,0,0,0,1.0,0.0,0.0,0.0
2023_11_14_im-angesicht-des-todes,israelis,10,9,8,0,0,2,0,0,0,0,0,0,0,0,0,0,0.8,0.0,0.2,0.0
2023_11_14_im-angesicht-des-todes,palestinians,3,3,1,0,0,0,0,0,0,0,0,0,0,0,0,0,0.3333,0.0,0.0,0.0
2023_11_14_israelische-armee-dringt-in-al-schifa-krankenhaus-ein,israelis,2,2,0,0,0,0,0,0,0,0,0,0,0,0,0,0,0.0,0.0,0.0,0.0
2023_11_14_israelische-armee-dringt-in-al-schifa-krankenhaus-ein,palestinians,1,1,1,0,0,0,0,0,0,0,0,0,0,0,0,0,1.0,0.0,0.0,0.0
2023_11_14_krankenh-user-in-gaza-kaiserschnitte-ohne-bet-ubung-und-unbehandelte-knochenbr-c,israelis,3,3,1,0,0,0,0,0,0,0,0,0,0,0,0,0,0.3333,0.0,0.0,0.0
2023_11_14_krankenh-user-in-gaza-kaiserschnitte-ohne-bet-ubung-und-unbehandelte-knochenbr-c,palestinians,3,3,1,0,4,2,0,0,0,0,0,0,0,0,0,0,0.3333,0.0,0.6667,0.0
2023_11_14_nachrichten-am-14-november-2023,general_journalists,2,2,1,0,0,0,0,0,0,0,0,0,0,0,1,0,0.5,0.0,0.0,0.5
2023_11_14_nachrichten-am-14-november-2023,israelis,1,1,0,0,0,0,0,0,0,0,0,0,0,0,0,0,0.0,0.0,0.0,0.0
2023_11_14_nachrichten-am-14-november-2023,palestinian_journalists,1,1,1,0,0,0,0,0,0,0,0,0,0,0,1,0,1.0,0.0,0.0,0.5
2023_11_14_nachrichten-am-14-november-2023,palestinians,3,2,3,0,0,0,0,0,0,0,0,0,0,0,1,0,1.0,0.0,0.0,0.5
2023_11_14_naiv-unanst-ndig-granatenm-ig-dumm-kritik-an-thunbergs-auftritt,general_journalists,1,1,1,1,0,0,0,0,0,0,0,0,0,0,0,0,1.0,1.0,0.0,0.5
2023_11_14_naiv-unanst-ndig-granatenm-ig-dumm-kritik-an-thunbergs-auftritt,israelis,3,3,1,0,3,1,0,0,0,0,0,0,0,0,0,0,0.3333,0.0,0.3333,0.0
2023_11_14_naiv-unanst-ndig-granatenm-ig-dumm-kritik-an-thunbergs-auftritt,palestinians,10,10,7,0,10,5,0,0,1,0,0,0,0,0,0,0,0.7,0.0,0.5,2.0
2023_11_14_nimm-das-gute,general_journalists,1,1,1,0,0,1,0,0,0,0,0,0,0,0,0,0,1.0,0.0,1.0,0.0
2023_11_14_nimm-das-gute,israelis,7,6,5,0,0,1,0,0,0,0,0,0,0,0,0,0,0.7143,0.0,0.1429,0.0
2023_11_14_nimm-das-gute,palestinians,4,4,4,0,0,1,0,0,0,0,0,0,0,0,0,0,1.0,0.0,0.25,0.0
2023_11_14_polarisiert-bis-in-die-h-rs-le,israelis,10,8,2,4,22,6,0,0,0,0,0,0,0,0,0,0,0.2,0.4,0.6,2.0
2023_11_14_polarisiert-bis-in-die-h-rs-le,palestinians,7,7,3,1,12,5,0,0,0,0,0,0,0,0,0,0,0.4286,0.1429,0.7143,0.5
2023_11_14_sorge-um-eu-hilfe-f-r-die-ukraine,israelis,2,2,1,0,0,1,0,0,0,0,0,0,0,0,0,0,0.5,0.0,0.5,0.0
2023_11_14_sorge-um-eu-hilfe-f-r-die-ukraine,palestinians,1,1,0,0,0,0,0,0,0,0,0,0,0,0,0,0,0.0,0.0,0.0,0.0
2023_11_14_tanz-auf-der-roten-linie,israelis,8,8,4,1,0,0,0,0,0,0,0,0,0,0,0,0,0.5,0.125,0.0,0.5
2023_11_14_tanz-auf-der-roten-linie,palestinians,3,3,1,0,0,1,0,0,0,0,0,0,0,0,0,0,0.3333,0.0,0.3333,0.0
2023_11_14_verzicht-aus-wut,israelis,4,4,3,0,0,1,0,0,0,0,0,0,0,0,0,0,0.75,0.0,0.25,0.0
2023_11_14_verzicht-aus-wut,palestinians,2,2,1,0,0,1,0,0,0,0,0,0,0,0,0,0,0.5,0.0,0.5,0.0
2023_11_14_wenn-das-klima-kippt,general_journalists,2,2,1,0,0,1,0,0,0,0,0,0,0,0,0,0,0.5,0.0,0.5,0.0
2023_11_14_wenn-das-klima-kippt,israelis,6,6,2,0,0,3,0,0,0,0,0,0,0,0,0,0,0.3333,0.0,0.5,0.0
2023_11_14_wenn-das-klima-kippt,palestinians,4,3,3,0,0,0,0,0,2,0,0,0,0,0,0,0,0.75,0.0,0.0,4.0
2023_11_15_biden-kliniken-sch-tzen,israelis,5,5,1,0,0,0,0,0,0,0,0,0,0,0,0,0,0.2,0.0,0.0,0.0
2023_11_15_biden-kliniken-sch-tzen,palestinians,1,1,0,0,0,1,0,0,0,0,0,0,0,0,0,2,0.0,0.0,1.0,-2.0
2023_11_15_krieg-im-verborgenen,palestinians,2,2,1,0,0,0,0,0,0,0,0,0,0,0,0,0,0.5,0.0,0.0,0.0
2023_11_15_macron-im-selbsterzeugten-wirbelwind,general_journalists,1,1,1,0,2,1,0,0,0,0,0,0,0,0,0,0,1.0,0.0,1.0,0.0
2023_11_15_macron-im-selbsterzeugten-wirbelwind,israelis,9,9,3,1,2,1,0,0,0,0,0,0,0,0,0,0,0.3333,0.1111,0.1111,0.5
2023_11_15_macron-im-selbsterzeugten-wirbelwind,palestinians,5,5,1,0,0,0,0,0,0,0,0,0,0,0,0,0,0.2,0.0,0.0,0.0
2023_11_15_was-ber-die-milit-roperation-im-al-schifa-krankenhaus-bekannt-ist,general_journalists,1,1,0,1,0,0,0,0,0,0,0,0,0,0,0,0,0.0,1.0,0.0,0.5
2023_11_15_was-ber-die-milit-roperation-im-al-schifa-krankenhaus-bekannt-ist,israelis,13,13,6,0,2,1,0,0,0,0,0,0,0,0,0,0,0.4615,0.0,0.0769,0.0
2023_11_15_weltsicherheitsrat-fordert-in-gaza-resolution-mehrt-gige-feuerpausen,israelis,1,1,1,0,0,0,0,0,0,0,0,0,0,0,0,0,1.0,0.0,0.0,0.0
2023_11_15_wer-von-gaza-arabern-spricht,israelis,2,2,1,0,4,1,0,0,0,0,0,0,0,0,0,1,0.5,0.0,0.5,-1.0
2023_11_15_wer-von-gaza-arabern-spricht,palestinians,3,3,1,0,6,2,0,0,0,0,0,0,0,0,0,1,0.3333,0.0,0.6667,-1.0
2023_11_16_berlin-kritisiert-smotrich,palestinians,2,1,2,0,0,2,0,0,0,0,0,0,0,0,2,0,1.0,0.0,1.0,1.0
2023_11_16_der-getriebene-pr-sident,general_journalists,1,1,1,0,0,1,0,0,0,0,0,0,0,0,0,0,1.0,0.0,1.0,0.0
2023_11_16_der-getriebene-pr-sident,israelis,9,9,2,1,0,1,0,0,0,0,0,0,0,0,0,0,0.2222,0.1111,0.1111,0.5
2023_11_16_der-getriebene-pr-sident,palestinians,4,4,1,0,0,0,0,0,0,0,0,0,0,0,0,0,0.25,0.0,0.0,0.0
2023_11_16_der-planet-erde-ist-gro-genug-f-r-beide-l-nder,general_journalists,1,1,1,0,0,0,0,0,0,0,0,0,0,0,0,0,1.0,0.0,0.0,0.0
2023_11_16_der-planet-erde-ist-gro-genug-f-r-beide-l-nder,israelis,2,2,2,0,4,2,0,0,0,0,0,0,0,0,0,0,1.0,0.0,1.0,0.0
2023_11_16_der-planet-erde-ist-gro-genug-f-r-beide-l-nder,palestinians,1,1,0,0,0,0,0,0,0,0,0,0,0,0,0,0,0.0,0.0,0.0,0.0
2023_11_16_die-pal-stinenser-waren-pl-tzlich-der-neue-david,israelis,13,13,8,1,2,1,0,0,1,0,0,0,0,0,0,0,0.6154,0.0769,0.0769,2.5
2023_11_16_die-pal-stinenser-waren-pl-tzlich-der-neue-david,palestinians,11,11,9,0,2,1,0,0,2,0,0,0,0,0,0,0,0.8182,0.0,0.0909,4.0
2023_11_16_die-w-rde-der-menschheit,israelis,5,5,3,0,7,3,0,0,0,0,0,0,0,0,0,0,0.6,0.0,0.6,0.0
2023_11_16_die-w-rde-der-menschheit,palestinians,3,3,1,0,0,0,0,0,0,0,0,0,0,0,0,0,0.3333,0.0,0.0,0.0
2023_11_16_erdo-an-in-berlin-kann-er-vermittler-im-gaza-krieg-werden,israelis,2,1,0,0,0,0,0,0,0,0,0,0,0,0,0,0,0.0,0.0,0.0,0.0
2023_11_16_erdo-an-in-berlin-kann-er-vermittler-im-gaza-krieg-werden,palestinians,1,1,0,0,0,0,0,0,0,0,0,0,0,0,0,0,0.0,0.0,0.0,0.0
2023_11_16_ey-almanya,general_journalists,2,2,1,1,0,2,0,0,0,0,0,0,0,0,0,0,0.5,0.5,1.0,0.5
2023_11_16_ey-almanya,israelis,10,10,6,0,0,4,0,0,0,0,0,0,0,0,0,0,0.6,0.0,0.4,0.0
2023_11_16_ey-almanya,palestinians,12,12,6,0,0,5,0,0,2,0,0,0,0,0,0,2,0.5,0.0,0.4167,2.0
2023_11_16_f-r-g-ndo-an-wird-s-emotional,israelis,1,1,0,0,2,1,0,0,0,0,0,0,0,0,0,0,0.0,0.0,1.0,0.0
2023_11_16_fast-schon-so-was-wie-hoffnung,general_journalists,1,1,0,0,0,0,0,0,0,0,0,0,0,0,0,0,0.0,0.0,0.0,0.0
2023_11_16_fast-schon-so-was-wie-hoffnung,israelis,2,2,1,0,8,2,0,0,0,0,0,0,0,0,0,0,0.5,0.0,1.0,0.0
2023_11_16_fast-schon-so-was-wie-hoffnung,palestinians,5,5,1,0,4,1,0,0,0,0,0,0,0,0,0,0,0.2,0.0,0.2,0.0
2023_11_16_ich-schreibe-f-r-meine-generation,palestinians,2,2,2,0,0,0,0,0,0,0,0,0,0,0,0,4,1.0,0.0,0.0,-4.0
2023_11_16_im-zentrum-der-gefechte,israelis,11,11,5,2,0,0,0,0,0,0,0,0,0,0,0,0,0.4545,0.1818,0.0,1.0
2023_11_16_im-zentrum-der-gefechte,palestinians,3,3,1,1,0,0,0,0,0,0,0,0,0,0,0,0,0.3333,0.3333,0.0,0.5
2023_11_16_israel-sieht-milit-rsystem-der-hamas-kurz-vor-zerst-rung,israelis,2,2,0,1,0,0,0,0,0,0,0,0,0,0,0,0,0.0,0.5,0.0,0.5
2023_11_16_israelische-armee-dringt-in-klinik-ein,israelis,1,1,0,0,0,0,0,0,0,0,0,0,0,0,0,0,0.0,0.0,0.0,0.0
2023_11_16_israelische-armee-dringt-in-klinik-ein,palestinians,1,1,0,0,0,0,0,0,0,0,0,0,0,0,0,0,0.0,0.0,0.0,0.0
2023_11_16_nachrichten-am-16-november-2023,israelis,3,3,2,0,0,0,0,0,0,0,0,0,0,0,0,0,0.6667,0.0,0.0,0.0
2023_11_16_nachrichten-am-16-november-2023,palestinians,1,1,0,0,0,0,0,0,0,0,0,0,0,0,0,0,0.0,0.0,0.0,0.0
2023_11_16_sicherheitsrat-fordert-feuerpausen-in-gaza,israelis,11,10,5,0,4,2,0,0,0,0,0,0,0,0,0,2,0.4545,0.0,0.1818,-2.0
2023_11_16_sicherheitsrat-fordert-feuerpausen-in-gaza,palestinians,8,8,3,0,2,1,0,0,0,0,0,0,0,0,0,4,0.375,0.0,0.125,-4.0
2023_11_16_sie-w-rde-in-deutschland-nie-allein-in-einen-zug-steigen,israelis,5,5,1,0,0,0,0,0,0,0,0,0,0,0,0,2,0.2,0.0,0.0,-2.0
2023_11_16_sie-w-rde-in-deutschland-nie-allein-in-einen-zug-steigen,palestinians,1,1,0,0,0,0,0,0,0,0,0,0,0,0,0,0,0.0,0.0,0.0,0.0
2023_11_16_termine,israelis,1,1,1,0,0,0,0,0,0,0,0,0,0,0,0,0,1.0,0.0,0.0,0.0
2023_11_16_termine,palestinians,1,1,0,0,0,0,0,0,0,0,0,0,0,0,0,0,0.0,0.0,0.0,0.0
2023_11_16_un-sicherheitsrat-ber-gaza,palestinians,1,1,0,0,0,0,0,0,0,0,0,0,0,0,0,0,0.0,0.0,0.0,0.0
2023_11_16_vision-und-illusion,israelis,5,5,1,0,2,0,0,0,0,0,0,0,0,0,2,0,0.2,0.0,0.0,1.0
2023_11_16_vision-und-illusion,palestinians,2,2,0,0,1,0,0,0,0,0,0,0,0,0,2,0,0.0,0.0,0.0,1.0
2023_11_16_wer-gaza-araber-sagt,israelis,2,2,1,0,0,1,0,0,0,0,0,0,0,0,0,1,0.5,0.0,0.5,-1.0
2023_11_16_wer-gaza-araber-sagt,palestinians,3,3,1,0,0,2,0,0,0,0,0,0,0,0,0,1,0.3333,0.0,0.6667,-1.0
2023_11_17_das-schweigen-aushalten,israelis,5,5,1,0,0,0,0,0,0,0,0,0,0,0,0,2,0.2,0.0,0.0,-2.0
2023_11_17_das-schweigen-aushalten,palestinians,1,1,0,0,0,0,0,0,0,0,0,0,0,0,0,0,0.0,0.0,0.0,0.0
2023_11_17_der-planet-ist-gro-genug-f-r-beide-l-nder,general_journalists,1,1,1,0,0,0,0,0,0,0,0,0,0,0,0,0,1.0,0.0,0.0,0.0
2023_11_17_der-planet-ist-gro-genug-f-r-beide-l-nder,israelis,2,2,2,0,0,2,0,0,0,0,0,0,0,0,0,0,1.0,0.0,1.0,0.0
2023_11_17_der-planet-ist-gro-genug-f-r-beide-l-nder,palestinians,1,1,0,0,0,0,0,0,0,0,0,0,0,0,0,0,0.0,0.0,0.0,0.0
2023_11_17_erdo-an-und-scholz-betonen-unterschiede-bei-nahost-frage,israelis,5,5,2,0,4,1,0,0,0,0,0,0,0,0,0,2,0.4,0.0,0.2,-2.0
2023_11_17_erdo-an-und-scholz-betonen-unterschiede-bei-nahost-frage,palestinians,3,3,1,0,0,0,0,0,0,0,0,0,0,0,0,0,0.3333,0.0,0.0,0.0
2023_11_17_es-ist-nur-die-angst-vor-dem-falschen-wort,israelis,1,1,1,0,0,0,0,0,0,0,0,0,0,0,0,0,1.0,0.0,0.0,0.0
2023_11_17_es-ist-nur-die-angst-vor-dem-falschen-wort,palestinians,1,1,1,0,0,0,0,0,0,0,0,0,0,0,0,2,1.0,0.0,0.0,-2.0
2023_11_17_f-hrende-linke-solidarisieren-sich-mit-greta-thunberg,israelis,3,3,2,0,3,1,0,1,0,0,0,0,0,0,0,0,0.6667,0.0,0.3333,1.5
2023_11_17_f-hrende-linke-solidarisieren-sich-mit-greta-thunberg,palestinians,1,1,1,0,1,0,0,0,0,0,0,0,0,0,0,0,1.0,0.0,0.0,0.0
2023_11_17_heucheln-handeln,palestinians,1,1,0,0,0,0,0,0,0,0,0,0,0,0,0,0,0.0,0.0,0.0,0.0
2023_11_17_man-m-sste-schon-mehr-als-ein-paar-gewehre-finden,israelis,5,5,2,0,0,0,0,0,0,0,0,0,0,0,1,0,0.4,0.0,0.0,0.5
2023_11_17_man-m-sste-schon-mehr-als-ein-paar-gewehre-finden,palestinians,5,4,5,0,2,1,0,0,0,0,0,0,0,0,0,2,1.0,0.0,0.2,-2.0
2023_11_17_misstrauen-und-verunsicherung-wie-sich-m-nchner-muslime-f-hlen,general_journalists,1,1,0,0,1,0,0,0,0,0,0,0,0,0,0,0,0.0,0.0,0.0,0.0
2023_11_17_misstrauen-und-verunsicherung-wie-sich-m-nchner-muslime-f-hlen,israelis,4,4,2,0,6,3,0,0,0,0,0,0,0,0,0,2,0.5,0.0,0.75,-2.0
2023_11_17_misstrauen-und-verunsicherung-wie-sich-m-nchner-muslime-f-hlen,palestinians,7,7,5,1,11,3,0,0,1,0,0,0,0,0,0,3,0.7143,0.1429,0.4286,-0.5
2023_11_17_nachrichten-am-17-november-2023,palestinians,2,2,1,0,0,0,0,0,1,0,0,0,0,0,0,0,0.5,0.0,0.0,2.0
2023_11_17_nehmt-der-hamas-endlich-das-geld-weg,general_journalists,1,1,1,0,2,1,0,0,0,0,0,0,0,0,0,0,1.0,0.0,1.0,0.0
2023_11_17_nehmt-der-hamas-endlich-das-geld-weg,israelis,4,4,2,0,0,0,0,0,0,0,0,0,0,0,0,0,0.5,0.0,0.0,0.0
2023_11_17_nehmt-der-hamas-endlich-das-geld-weg,palestinians,1,1,1,0,0,0,0,0,0,0,0,0,0,0,0,0,1.0,0.0,0.0,0.0
2023_11_17_netanjahu-haben-hamas-zentrale-unter-klinik-gefunden,israelis,1,1,0,0,0,0,0,0,0,0,0,0,0,0,0,0,0.0,0.0,0.0,0.0
2023_11_17_sehr-besonderer-abend-f-r-g-ndogan,israelis,1,1,0,0,0,1,0,0,0,0,0,0,0,0,0,0,0.0,0.0,1.0,0.0
2023_11_17_sicherheitsrat-will-feuerpausen,israelis,10,9,5,0,0,2,0,0,0,0,0,0,0,0,0,2,0.5,0.0,0.2,-2.0
2023_11_17_sicherheitsrat-will-feuerpausen,palestinians,6,6,3,0,0,1,0,0,0,0,0,0,0,0,0,4,0.5,0.0,0.1667,-4.0
2023_11_17_vision-illusion,israelis,5,5,1,0,0,0,0,0,0,0,0,0,0,0,2,0,0.2,0.0,0.0,1.0
2023_11_17_vision-illusion,palestinians,2,2,0,0,0,0,0,0,0,0,0,0,0,0,2,0,0.0,0.0,0.0,1.0
2023_11_17_wir-sind-nicht-frei-wir-waren-es-nie,general_journalists,2,2,1,0,0,0,0,0,0,0,0,0,0,0,0,1,0.5,0.0,0.0,-1.0
2023_11_17_wir-sind-nicht-frei-wir-waren-es-nie,israelis,3,3,0,1,0,0,0,0,0,0,0,0,0,0,0,0,0.0,0.3333,0.0,0.5
2023_11_17_wir-sind-nicht-frei-wir-waren-es-nie,palestinians,6,5,1,0,0,1,0,0,0,0,0,0,0,0,0,0,0.1667,0.0,0.1667,0.0
2023_11_17_zerrei-probe-wie-l-st-die-ampel-ihr-60-milliarden-problem,palestinians,1,1,0,0,0,0,0,0,0,0,0,0,0,0,0,0,0.0,0.0,0.0,0.0
2023_11_18_aushalten,israelis,1,1,1,0,0,0,0,0,0,0,0,0,0,0,0,0,1.0,0.0,0.0,0.0
2023_11_18_aushalten,palestinians,1,1,1,0,0,0,0,0,0,0,0,0,0,0,0,2,1.0,0.0,0.0,-2.0
2023_11_18_deutschland-brauchte-israel-f-r-die-konstruktion-einer-neuen-identit-t,general_journalists,1,1,0,0,0,0,0,0,0,0,0,0,0,0,0,0,0.0,0.0,0.0,0.0
2023_11_18_deutschland-brauchte-israel-f-r-die-konstruktion-einer-neuen-identit-t,israelis,19,18,6,0,6,2,0,0,0,0,0,0,0,0,0,2,0.3158,0.0,0.1053,-2.0
2023_11_18_deutschland-brauchte-israel-f-r-die-konstruktion-einer-neuen-identit-t,palestinians,5,5,3,0,0,0,0,0,0,0,0,0,0,0,0,3,0.6,0.0,0.0,-3.0
2023_11_18_ein-bisschen-einigkeit,israelis,8,7,7,0,0,1,0,0,0,0,0,0,0,0,0,0,0.875,0.0,0.125,0.0
2023_11_18_ein-bisschen-einigkeit,palestinians,2,2,2,0,0,0,0,0,0,0,0,0,0,0,0,0,1.0,0.0,0.0,0.0
2023_11_18_erdo-an-in-berlin,israelis,1,1,0,0,0,0,0,0,0,0,0,0,0,0,0,0,0.0,0.0,0.0,0.0
2023_11_18_es-braucht-mehr-als-einige-waffen,israelis,6,6,3,0,0,0,0,0,0,0,0,0,0,0,1,0,0.5,0.0,0.0,0.5
2023_11_18_es-braucht-mehr-als-einige-waffen,palestinians,5,4,5,0,0,0,0,0,0,0,0,0,0,0,0,2,1.0,0.0,0.0,-2.0
2023_11_18_misstrauen-und-verunsicherung,general_journalists,1,1,0,0,0,0,0,0,0,0,0,0,0,0,0,0,0.0,0.0,0.0,0.0
2023_11_18_misstrauen-und-verunsicherung,israelis,4,4,2,0,0,3,0,0,0,0,0,0,0,0,0,2,0.5,0.0,0.75,-2.0
2023_11_18_misstrauen-und-verunsicherung,palestinians,7,7,5,0,0,3,0,0,1,0,0,0,0,0,0,3,0.7143,0.0,0.4286,-1.0
2023_11_18_nehmt-der-hamas-das-geld-weg,general_journalists,1,1,1,0,0,1,0,0,0,0,0,0,0,0,0,0,1.0,0.0,1.0,0.0
2023_11_18_nehmt-der-hamas-das-geld-weg,israelis,4,4,2,0,0,0,0,0,0,0,0,0,0,0,0,0,0.5,0.0,0.0,0.0
2023_11_18_nehmt-der-hamas-das-geld-weg,palestinians,1,1,1,0,0,0,0,0,0,0,0,0,0,0,0,0,1.0,0.0,0.0,0.0
2023_11_18_schweigen-kann-einsam-machen,palestinians,1,1,0,0,0,0,0,0,0,0,0,0,0,0,0,0,0.0,0.0,0.0,0.0
2023_11_18_stellen-sie-das-feuer-jetzt-ein,general_journalists,1,1,1,0,0,0,0,0,0,0,0,0,0,0,0,0,1.0,0.0,0.0,0.0
2023_11_18_stellen-sie-das-feuer-jetzt-ein,israelis,3,3,0,0,0,1,0,0,0,0,0,0,0,0,0,0,0.0,0.0,0.3333,0.0
2023_11_18_stellen-sie-das-feuer-jetzt-ein,palestinians,2,2,1,0,0,0,0,0,0,0,0,0,0,0,0,0,0.5,0.0,0.0,0.0
2023_11_18_straftaten-mit-gaza-bezug,israelis,1,1,0,0,0,0,0,0,0,0,0,0,0,0,0,0,0.0,0.0,0.0,0.0
2023_11_18_treibstoff-f-r-gaza,israelis,1,1,1,0,0,0,0,0,0,0,0,0,0,0,0,0,1.0,0.0,0.0,0.0
2023_11_18_treibstoff-f-r-gaza,palestinians,3,3,1,0,0,0,0,0,0,0,0,0,0,0,0,0,0.3333,0.0,0.0,0.0
2023_11_18_w-rde-ich-es-auch-so-sehen-wenn-ich-auf-der-anderen-seite-st-nde,general_journalists,1,1,0,0,0,0,0,0,0,0,0,0,0,0,0,0,0.0,0.0,0.0,0.0
2023_11_18_w-rde-ich-es-auch-so-sehen-wenn-ich-auf-der-anderen-seite-st-nde,israelis,4,4,2,0,0,3,0,0,0,0,0,0,0,0,0,2,0.5,0.0,0.75,-2.0
2023_11_18_w-rde-ich-es-auch-so-sehen-wenn-ich-auf-der-anderen-seite-st-nde,palestinians,7,7,5,0,0,3,0,0,1,0,0,0,0,0,0,3,0.7143,0.0,0.4286,-1.0
2023_11_18_was-soll-ich-bedauern,general_journalists,1,1,1,0,0,0,0,0,0,0,0,0,0,0,0,1,1.0,0.0,0.0,-1.0
2023_11_18_was-soll-ich-bedauern,israelis,1,1,0,0,0,0,0,0,0,0,0,0,0,0,0,0,0.0,0.0,0.0,0.0
2023_11_18_was-soll-ich-bedauern,palestinians,2,2,0,0,0,1,0,0,0,0,0,0,0,0,0,0,0.0,0.0,0.5,0.0
2023_11_18_zwei-tanklaster-pro-tag-netanjahu-l-sst-humanit-re-hilfe-f-r-gaza-zu,israelis,1,1,1,0,0,0,0,0,0,0,0,0,0,0,0,0,1.0,0.0,0.0,0.0
2023_11_18_zwei-tanklaster-pro-tag-netanjahu-l-sst-humanit-re-hilfe-f-r-gaza-zu,palestinians,1,1,0,0,0,0,0,0,0,0,0,0,0,0,0,0,0.0,0.0,0.0,0.0
2023_11_19_feinde-k-nnen-sich-aufraffen-um-frieden-zu-schaffen,israelis,14,13,4,2,0,0,0,0,1,0,0,0,0,0,0,2,0.2857,0.1429,0.0,1.0
2023_11_19_feinde-k-nnen-sich-aufraffen-um-frieden-zu-schaffen,palestinians,23,21,8,1,1,0,0,0,3,0,0,0,0,0,1,4,0.3478,0.0435,0.0,3.0
2023_11_19_gedenken-zum-volkstrauertag,israelis,1,1,1,0,2,1,0,0,0,0,0,0,0,0,0,0,1.0,0.0,1.0,0.0
2023_11_19_gedenken-zum-volkstrauertag,palestinians,1,1,0,0,2,1,0,0,0,0,0,0,0,0,0,1,0.0,0.0,1.0,-1.0
2023_11_19_was-die-menschlichkeit-gebietet,israelis,7,7,7,1,0,0,0,0,0,0,0,0,0,0,0,0,1.0,0.1429,0.0,0.5
2023_11_19_was-die-menschlichkeit-gebietet,palestinians,1,1,0,0,0,0,0,0,0,0,0,0,0,0,0,0,0.0,0.0,0.0,0.0
2023_11_19_wie-erinnerung-die-zukunft-pr-gt,israelis,2,2,1,0,4,2,0,0,0,0,0,0,0,0,0,0,0.5,0.0,1.0,0.0
2023_11_19_wie-erinnerung-die-zukunft-pr-gt,palestinians,1,1,0,0,0,0,0,0,0,0,0,0,0,0,0,0,0.0,0.0,0.0,0.0
2023_11_20_eigent-mer-gesucht,general_journalists,1,1,1,0,0,0,0,0,0,0,0,0,0,0,0,0,1.0,0.0,0.0,0.0
2023_11_20_eigent-mer-gesucht,israelis,8,8,6,0,3,1,0,0,0,0,0,0,0,0,0,0,0.75,0.0,0.125,0.0
2023_11_20_ein-vierteljahrhundert-historische-verantwortung,general_journalists,1,1,1,0,3,1,0,0,0,0,0,0,0,0,0,0,1.0,0.0,1.0,0.0
2023_11_20_ein-vierteljahrhundert-historische-verantwortung,israelis,1,1,1,0,0,0,0,0,0,0,0,0,0,0,0,0,1.0,0.0,0.0,0.0
2023_11_20_ein-vierteljahrhundert-historische-verantwortung,palestinians,1,1,1,0,0,0,0,0,0,0,0,0,0,0,0,0,1.0,0.0,0.0,0.0
2023_11_20_es-gebietet-die-menschlichkeit,israelis,5,5,5,1,0,0,0,0,0,0,0,0,0,0,0,0,1.0,0.2,0.0,0.5
2023_11_20_es-gebietet-die-menschlichkeit,palestinians,1,1,0,0,0,0,0,0,0,0,0,0,0,0,0,0,0.0,0.0,0.0,0.0
2023_11_20_es-ist-einfach-nur-schrecklich-gerade,israelis,13,12,5,1,0,0,0,0,1,0,0,0,0,0,0,2,0.3846,0.0769,0.0,0.5
2023_11_20_es-ist-einfach-nur-schrecklich-gerade,palestinians,23,21,8,1,0,0,0,0,3,0,0,0,0,0,1,4,0.3478,0.0435,0.0,3.0
2023_11_20_hamas-chef-waffenstillstandsabkommen-r-ckt-n-her,israelis,2,2,1,0,0,0,0,0,0,0,0,0,0,0,0,0,0.5,0.0,0.0,0.0
2023_11_20_hoffnung-auf-feuerpause-w-chst,israelis,5,5,2,0,0,0,0,0,1,0,0,0,0,0,0,0,0.4,0.0,0.0,2.0
2023_11_20_hoffnung-auf-feuerpause-w-chst,palestinians,9,7,7,0,0,2,0,0,2,0,1,0,0,0,0,0,0.7778,0.0,0.2222,6.5
2023_11_20_n-rnberger-christkindlesmarkt-soll-friedensbotschaft-senden,israelis,1,1,0,0,0,0,0,0,0,0,0,0,0,0,0,0,0.0,0.0,0.0,0.0
2023_11_20_n-rnberger-christkindlesmarkt-soll-friedensbotschaft-senden,palestinians,2,2,0,0,0,0,0,0,0,0,0,0,0,0,0,0,0.0,0.0,0.0,0.0
2023_11_20_nachrichten-vom-20-november-2023,israelis,1,1,1,0,0,0,0,0,0,0,0,0,0,0,0,0,1.0,0.0,0.0,0.0
2023_11_20_nachrichten-vom-20-november-2023,palestinians,1,1,0,0,0,0,0,0,1,0,0,0,0,0,0,0,0.0,0.0,0.0,2.0
2023_11_20_was-wirklich-hilft,israelis,4,4,1,0,0,0,0,0,0,0,0,0,0,0,0,0,0.25,0.0,0.0,0.0
2023_11_20_was-wirklich-hilft,palestinians,5,5,1,0,0,1,0,0,0,0,0,0,0,0,0,1,0.2,0.0,0.2,-1.0
2023_11_20_zwischen-den-fronten,israelis,17,15,6,3,0,6,0,0,0,0,0,0,0,0,0,1,0.3529,0.1765,0.3529,0.5
2023_11_20_zwischen-den-fronten,palestinians,10,9,4,0,0,5,0,0,0,0,0,0,0,0,0,0,0.4,0.0,0.5,0.0
2023_11_21_christkindlesmarkt-mit-israel-und-pal-stina,israelis,1,1,0,0,0,0,0,0,0,0,0,0,0,0,0,0,0.0,0.0,0.0,0.0
2023_11_21_christkindlesmarkt-mit-israel-und-pal-stina,palestinians,2,2,0,0,0,0,0,0,0,0,0,0,0,0,0,0,0.0,0.0,0.0,0.0
2023_11_21_deutschland-brauchte-israel,general_journalists,1,1,0,0,0,0,0,0,0,0,0,0,0,0,0,0,0.0,0.0,0.0,0.0
2023_11_21_deutschland-brauchte-israel,israelis,20,19,6,0,0,3,0,0,0,0,0,0,0,0,0,2,0.3,0.0,0.15,-2.0
2023_11_21_deutschland-brauchte-israel,palestinians,5,5,3,0,0,0,0,0,0,0,0,0,0,0,0,3,0.6,0.0,0.0,-3.0
2023_11_21_die-unheilige-dreifaltigkeit,israelis,6,6,3,0,8,4,0,0,0,0,0,0,0,0,0,0,0.5,0.0,0.6667,0.0
2023_11_21_die-unheilige-dreifaltigkeit,palestinians,2,2,0,0,0,0,0,0,0,0,0,0,0,0,0,0,0.0,0.0,0.0,0.0
2023_11_21_druck-auf-netanjahu-w-chst,israelis,2,2,1,0,0,0,0,0,0,0,0,0,0,0,0,0,0.5,0.0,0.0,0.0
2023_11_21_druck-auf-netanjahu-w-chst,palestinians,4,4,1,0,0,0,0,0,3,0,0,0,0,0,0,0,0.25,0.0,0.0,6.0
2023_11_21_entfremdet-von-der-deutschen-k-lte,general_journalists,2,2,1,0,0,1,0,0,1,0,0,0,0,0,0,0,0.5,0.0,0.5,2.0
2023_11_21_entfremdet-von-der-deutschen-k-lte,israelis,2,2,1,0,0,0,0,0,0,0,0,0,0,0,0,0,0.5,0.0,0.0,0.0
2023_11_21_entfremdet-von-der-deutschen-k-lte,palestinians,12,9,7,0,0,1,0,0,1,0,0,0,0,0,0,4,0.5833,0.0,0.0833,-2.0
2023_11_21_faustrecht-der-bilder,general_journalists,8,7,6,0,0,2,0,0,0,0,0,0,0,0,0,0,0.75,0.0,0.25,0.0
2023_11_21_faustrecht-der-bilder,israelis,24,20,12,0,0,3,0,0,1,0,0,2,0,0,1,6,0.5,0.0,0.125,1.5
2023_11_21_faustrecht-der-bilder,palestinians,32,32,10,0,0,7,0,0,1,0,0,0,0,0,1,4,0.3125,0.0,0.2188,-1.5
2023_11_21_friedenszeichen-in-dorfen,israelis,1,1,1,0,0,0,0,0,0,0,0,0,0,0,0,0,1.0,0.0,0.0,0.0
2023_11_21_friedenszeichen-in-dorfen,palestinians,5,5,3,0,0,0,0,0,1,0,0,0,0,0,1,0,0.6,0.0,0.0,2.5
2023_11_21_ich-bin-die-prophetin,israelis,4,4,2,0,0,2,0,0,0,0,0,0,0,0,0,0,0.5,0.0,0.5,0.0
2023_11_21_ich-bin-die-prophetin,palestinians,1,1,0,0,0,1,0,0,0,0,0,0,0,0,0,0,0.0,0.0,1.0,0.0
2023_11_21_israel-stimmt-feuerpause-und-austausch-von-geiseln-zu,israelis,8,7,4,0,2,1,0,0,0,0,0,0,0,0,0,0,0.5,0.0,0.125,0.0
2023_11_21_israel-stimmt-feuerpause-und-austausch-von-geiseln-zu,palestinians,1,1,0,0,0,0,0,0,0,0,0,0,0,0,0,0,0.0,0.0,0.0,0.0
2023_11_21_nachrichten-vom-21-november-2023,israelis,3,2,2,0,0,0,0,0,0,0,0,0,0,0,1,0,0.6667,0.0,0.0,0.5
2023_11_21_nachrichten-vom-21-november-2023,palestinians,1,1,1,0,0,0,0,0,0,0,0,0,0,0,0,0,1.0,0.0,0.0,0.0
2023_11_21_steinmeier-reist-nach-israel,israelis,3,2,2,0,0,0,0,0,0,0,0,0,0,0,0,0,0.6667,0.0,0.0,0.0
2023_11_21_zutiefst-schockiert-und-deprimiert,israelis,4,3,1,0,0,4,0,0,0,0,0,0,0,0,0,0,0.25,0.0,1.0,0.0
2023_11_22_auf-dem-weg-zur-grenze,general_journalists,1,1,1,0,0,0,0,0,0,0,0,0,0,0,0,0,1.0,0.0,0.0,0.0
2023_11_22_auf-dem-weg-zur-grenze,israelis,3,3,2,0,3,1,0,0,0,0,0,0,0,0,0,1,0.6667,0.0,0.3333,-1.0
2023_11_22_auf-dem-weg-zur-grenze,palestinians,7,6,4,0,0,0,0,0,0,0,0,0,0,0,0,0,0.5714,0.0,0.0,0.0
2023_11_22_bayernweite-gro-razzia-gegen-judenhasser,israelis,3,3,2,0,0,1,0,0,0,0,0,0,0,0,0,0,0.6667,0.0,0.3333,0.0
2023_11_22_den-vorteil-hat-die-hamas,israelis,5,5,4,0,0,0,0,0,0,0,0,0,0,0,0,0,0.8,0.0,0.0,0.0
2023_11_22_den-vorteil-hat-die-hamas,palestinians,2,2,1,0,0,0,0,0,0,0,0,0,0,0,0,2,0.5,0.0,0.0,-2.0
2023_11_22_der-terror-geht-weiter,israelis,2,2,2,0,0,0,0,0,0,0,0,0,0,0,0,0,1.0,0.0,0.0,0.0
2023_11_22_der-terror-geht-weiter,palestinians,2,2,1,0,0,0,0,0,0,0,0,0,0,0,0,0,0.5,0.0,0.0,0.0
2023_11_22_die-rolle-des-vermittlers-katar,israelis,3,3,1,0,0,0,0,0,0,0,0,0,0,0,0,0,0.3333,0.0,0.0,0.0
2023_11_22_die-rolle-des-vermittlers-katar,palestinians,6,6,5,0,0,0,0,0,0,0,0,0,0,0,0,0,0.8333,0.0,0.0,0.0
2023_11_22_ersehnt-und-gef-rchtet,israelis,6,6,2,0,0,1,0,0,0,0,0,0,0,0,0,0,0.3333,0.0,0.1667,0.0
2023_11_22_ersehnt-und-gef-rchtet,palestinians,2,2,1,0,0,0,0,0,0,0,0,0,0,0,0,0,0.5,0.0,0.0,0.0
2023_11_22_falschbilder,general_journalists,4,4,1,1,3,1,0,0,0,0,0,0,0,0,0,0,0.25,0.25,0.25,0.5
2023_11_22_falschbilder,israelis,1,1,0,0,0,0,0,0,0,0,0,0,0,0,0,0,0.0,0.0,0.0,0.0
2023_11_22_falschbilder,palestinians,1,1,0,0,0,0,0,0,0,0,0,0,0,0,0,0,0.0,0.0,0.0,0.0
2023_11_22_hier-spielt-die-hoffnung,general_journalists,1,1,0,0,0,0,0,0,0,0,0,0,0,0,0,0,0.0,0.0,0.0,0.0
2023_11_22_hier-spielt-die-hoffnung,israelis,10,10,6,0,0,0,0,0,0,0,0,0,0,0,0,0,0.6,0.0,0.0,0.0
2023_11_22_hier-spielt-die-hoffnung,palestinians,10,10,6,0,0,0,0,0,2,0,0,0,0,0,0,0,0.6,0.0,0.0,4.0
2023_11_22_melissa-barrera-von-scream-produzenten-gefeuert,general_journalists,2,2,2,1,4,2,0,0,0,0,0,0,0,0,0,0,1.0,0.5,1.0,0.5
2023_11_22_melissa-barrera-von-scream-produzenten-gefeuert,israelis,3,3,1,0,4,2,0,0,0,0,0,0,0,0,0,0,0.3333,0.0,0.6667,0.0
2023_11_22_nachrichten-vom-22-november-2023,israelis,4,4,2,1,0,0,0,0,0,0,0,0,0,0,0,0,0.5,0.25,0.0,0.5
2023_11_22_nur-schmerz,palestinians,2,2,1,0,0,0,0,0,0,0,0,0,0,0,0,0,0.5,0.0,0.0,0.0
2023_11_22_prominenter-geht-es-kaum,palestinians,1,1,0,0,0,0,0,0,0,0,0,0,0,0,0,0,0.0,0.0,0.0,0.0
2023_11_22_was-ber-den-deal-zwischen-israel-und-der-hamas-bekannt-ist,general_journalists,1,1,0,0,0,0,0,0,0,0,0,0,0,0,0,0,0.0,0.0,0.0,0.0
2023_11_22_was-ber-den-deal-zwischen-israel-und-der-hamas-bekannt-ist,israelis,20,18,14,1,8,2,0,1,0,0,0,0,0,0,0,2,0.7,0.05,0.1,0.0
2023_11_22_was-ber-den-deal-zwischen-israel-und-der-hamas-bekannt-ist,palestinians,7,7,5,1,4,1,0,1,0,0,0,0,0,0,0,2,0.7143,0.1429,0.1429,0.0
2023_11_22_was-das-abkommen-mit-der-hamas-f-r-israel-bedeutet,israelis,8,8,3,0,2,1,0,0,0,0,0,0,0,0,0,0,0.375,0.0,0.125,0.0
2023_11_22_was-das-abkommen-mit-der-hamas-f-r-israel-bedeutet,palestinians,1,1,0,0,0,0,0,0,0,0,0,0,0,0,0,0,0.0,0.0,0.0,0.0
2023_11_22_wenn-rechte-jauchzen,israelis,22,22,13,1,0,10,0,0,0,0,0,0,0,0,0,2,0.5909,0.0455,0.4545,-1.5
2023_11_22_wenn-rechte-jauchzen,palestinians,2,2,0,0,0,1,0,0,0,0,0,0,0,0,0,0,0.0,0.0,0.5,0.0
2023_11_22_zu-viel-der-theorie-zu-wenig-leben,israelis,1,1,0,0,0,0,0,0,0,0,0,0,0,0,0,0,0.0,0.0,0.0,0.0
2023_11_22_zu-viel-der-theorie-zu-wenig-leben,palestinians,1,1,1,0,0,0,0,0,0,0,0,0,0,0,0,0,1.0,0.0,0.0,0.0
2023_11_23_23-lange-jahre,palestinians,1,1,1,0,0,0,0,0,0,0,0,0,0,0,0,2,1.0,0.0,0.0,-2.0
2023_11_23_das-kalk-l-der-hamas,israelis,11,11,6,3,0,1,0,0,0,0,0,0,0,0,0,0,0.5455,0.2727,0.0909,1.5
2023_11_23_das-kalk-l-der-hamas,palestinians,5,4,3,1,0,0,0,0,0,0,0,0,0,0,0,0,0.6,0.2,0.0,0.5
2023_11_23_falsche-bilder,general_journalists,4,4,1,1,0,2,0,0,0,0,0,0,0,0,0,0,0.25,0.25,0.5,0.5
2023_11_23_falsche-bilder,israelis,1,1,0,0,0,0,0,0,0,0,0,0,0,0,0,0,0.0,0.0,0.0,0.0
2023_11_23_falsche-bilder,palestinians,1,1,0,0,0,0,0,0,0,0,0,0,0,0,0,0,0.0,0.0,0.0,0.0
2023_11_23_landkreis-hat-jetzt-beauftragten-gegen-antisemitismus,israelis,7,6,0,1,9,2,0,0,0,0,0,0,0,0,0,0,0.0,0.1429,0.2857,0.5
2023_11_23_links-rechts-was-hei-t-das-noch,israelis,5,5,4,0,0,0,0,0,0,0,0,0,0,0,0,2,0.8,0.0,0.0,-2.0
2023_11_23_links-rechts-was-hei-t-das-noch,palestinians,2,2,1,0,0,1,0,0,0,0,0,0,0,0,0,0,0.5,0.0,0.5,0.0
2023_11_23_melissa-barrera-gefeuert,general_journalists,3,3,2,1,0,2,0,0,0,0,0,0,0,0,0,0,0.6667,0.3333,0.6667,0.5
2023_11_23_melissa-barrera-gefeuert,israelis,3,3,1,0,0,2,0,0,0,0,0,0,0,0,0,0,0.3333,0.0,0.6667,0.0
2023_11_23_nur-nicht-loslassen,israelis,2,2,1,0,0,0,0,0,0,0,0,0,0,0,0,1,0.5,0.0,0.0,-1.0
2023_11_23_nur-nicht-loslassen,palestinians,1,1,0,0,0,1,0,0,0,0,0,0,0,0,0,0,0.0,0.0,1.0,0.0
2023_11_23_platz-der-hoffnung-platz-der-angst,israelis,4,4,1,0,0,0,0,0,0,0,0,0,0,0,0,0,0.25,0.0,0.0,0.0
2023_11_23_platz-der-hoffnung-platz-der-angst,palestinians,7,7,6,0,0,1,0,0,0,0,0,0,0,0,0,1,0.8571,0.0,0.1429,-1.0
2023_11_23_sind-politische-talkshows-noch-relevant,israelis,1,1,0,0,0,0,0,0,0,0,0,0,0,0,0,0,0.0,0.0,0.0,0.0
2023_11_23_sind-politische-talkshows-noch-relevant,palestinians,1,1,0,0,0,0,0,0,0,0,0,0,0,0,0,0,0.0,0.0,0.0,0.0
2023_11_23_vorteil-der-hamas,israelis,4,4,3,1,0,0,0,0,0,0,0,0,0,0,0,0,0.75,0.25,0.0,0.5
2023_11_23_vorteil-der-hamas,palestinians,2,2,1,0,0,0,0,0,0,0,0,0,0,0,0,2,0.5,0.0,0.0,-2.0
2023_11_23_wahlsieg-von-geert-wilders-ein-historisches-erdbeben-in-den-niederlanden,palestinians,1,1,1,0,0,0,0,0,0,0,0,0,0,0,0,0,1.0,0.0,0.0,0.0
2023_11_23_welches-gef-hl-l-st-das-wort-jude-in-ihnen-aus,israelis,9,9,4,0,0,3,0,0,0,0,0,0,0,0,0,2,0.4444,0.0,0.3333,-2.0
2023_11_23_welches-gef-hl-l-st-das-wort-jude-in-ihnen-aus,palestinians,6,5,3,0,0,0,0,2,1,0,0,0,0,0,0,0,0.5,0.0,0.0,5.0
2023_11_23_zu-viel-der-theorie,israelis,1,1,0,0,0,0,0,0,0,0,0,0,0,0,0,0,0.0,0.0,0.0,0.0
2023_11_23_zu-viel-der-theorie,palestinians,1,1,0,0,0,0,0,0,0,0,0,0,0,0,0,0,0.0,0.0,0.0,0.0
2023_11_24_die-dunklen-winkel-der-klimakrise,israelis,1,1,0,0,0,0,0,0,0,0,0,0,0,0,0,0,0.0,0.0,0.0,0.0
2023_11_24_eine-unaussprechliche-tat,israelis,8,8,6,0,3,1,0,0,0,0,0,0,0,0,0,1,0.75,0.0,0.125,-1.0
2023_11_24_eine-unaussprechliche-tat,palestinians,1,1,1,0,2,1,0,0,0,0,0,0,0,0,0,0,1.0,0.0,1.0,0.0
2023_11_24_einsatz-gegen-antisemitismus,israelis,2,2,0,0,0,0,0,0,0,0,0,0,0,0,0,0,0.0,0.0,0.0,0.0
2023_11_24_einsatz-gegen-antisemitismus,palestinians,1,1,0,0,0,0,0,0,0,0,0,0,0,0,0,0,0.0,0.0,0.0,0.0
2023_11_24_ende-der-geduld,israelis,1,1,1,0,0,0,0,0,0,0,0,0,0,0,0,0,1.0,0.0,0.0,0.0
2023_11_24_ende-der-geduld,palestinians,2,2,1,0,0,0,0,0,0,0,0,0,0,0,0,0,0.5,0.0,0.0,0.0
2023_11_24_heute,general_journalists,1,1,1,0,0,1,0,0,0,0,0,0,0,0,0,0,1.0,0.0,1.0,0.0
2023_11_24_heute,palestinians,1,1,1,0,0,0,0,0,0,0,0,0,0,0,0,0,1.0,0.0,0.0,0.0
2023_11_24_kampf-im-verborgenen,general_journalists,2,2,0,0,0,1,0,0,0,0,0,0,0,0,0,0,0.0,0.0,0.5,0.0
2023_11_24_kampf-im-verborgenen,israelis,7,7,2,2,0,1,0,0,0,0,0,0,0,0,0,0,0.2857,0.2857,0.1429,1.0
2023_11_24_kampf-im-verborgenen,palestinians,4,4,2,0,0,0,0,0,0,0,0,0,0,0,0,0,0.5,0.0,0.0,0.0
2023_11_24_kreis-hat-jetzt-beauftragten-gegen-antisemitismus,israelis,7,7,0,1,0,1,0,0,0,0,0,0,0,0,0,0,0.0,0.1429,0.1429,0.5
2023_11_24_nur-nicht-die-kontrolle-verlieren,general_journalists,2,2,0,1,0,0,0,0,0,0,0,0,0,0,0,0,0.0,0.5,0.0,0.5
2023_11_24_nur-nicht-die-kontrolle-verlieren,israelis,9,9,3,2,0,0,0,0,1,0,0,0,0,0,0,0,0.3333,0.2222,0.0,3.0
2023_11_24_nur-nicht-die-kontrolle-verlieren,palestinians,30,26,14,1,0,1,0,0,2,0,0,0,0,0,0,4,0.4667,0.0333,0.0333,0.5
2023_11_24_parteitag-der-gr-nen-realit-tscheck-in-karlsruhe,palestinians,1,1,1,0,1,0,0,0,0,0,0,0,0,0,0,0,1.0,0.0,0.0,0.0
2023_11_24_vier-deutsche-staatsangeh-rige-frei,general_journalists,1,1,1,0,0,0,0,0,0,0,0,0,0,0,0,1,1.0,0.0,0.0,-1.0
2023_11_24_vier-deutsche-staatsangeh-rige-frei,israelis,9,9,3,1,0,0,0,0,0,0,0,0,0,0,0,2,0.3333,0.1111,0.0,-1.5
2023_11_24_vier-deutsche-staatsangeh-rige-frei,palestinians,1,1,1,0,2,1,0,0,0,0,0,0,0,0,0,0,1.0,0.0,1.0,0.0
2023_11_24_was-meinen-sie-wenn-sie-nie-wieder-sagen,israelis,10,10,5,0,0,2,0,0,0,0,0,0,0,0,0,2,0.5,0.0,0.2,-2.0
2023_11_24_was-meinen-sie-wenn-sie-nie-wieder-sagen,palestinians,6,5,3,0,0,0,0,2,1,0,0,0,0,0,0,0,0.5,0.0,0.0,5.0
2023_11_24_wenn-der-staat-das-abo-k-ndigt,general_journalists,2,2,0,0,0,0,0,0,0,0,0,0,0,0,0,0,0.0,0.0,0.0,0.0
2023_11_24_wenn-der-staat-das-abo-k-ndigt,israelis,10,10,3,0,7,3,0,0,0,0,0,0,0,0,0,0,0.3,0.0,0.3,0.0
2023_11_24_wenn-der-staat-das-abo-k-ndigt,palestinians,2,2,1,0,0,0,1,0,0,0,0,0,0,0,0,0,0.5,0.0,0.0,2.0
2023_11_25_25-jahre-historische-verantwortung,general_journalists,1,1,1,0,0,1,0,0,0,0,0,0,0,0,0,0,1.0,0.0,1.0,0.0
2023_11_25_25-jahre-historische-verantwortung,israelis,1,1,1,0,0,0,0,0,0,0,0,0,0,0,0,0,1.0,0.0,0.0,0.0
2023_11_25_25-jahre-historische-verantwortung,palestinians,1,1,1,0,0,0,0,0,0,0,0,0,0,0,0,0,1.0,0.0,0.0,0.0
2023_11_25_die-freilassung-erf-llt-israel-mit-hoffnung,israelis,13,11,7,0,0,0,0,0,0,0,0,0,0,0,0,0,0.5385,0.0,0.0,0.0
2023_11_25_die-gro-e-leere,israelis,4,4,2,0,0,4,0,0,0,0,0,0,0,0,0,0,0.5,0.0,1.0,0.0
2023_11_25_die-gro-e-leere,palestinians,2,2,0,0,0,2,0,0,0,0,0,0,0,0,0,0,0.0,0.0,1.0,0.0
2023_11_25_die-meisten-hier-hassen-israel,general_journalists,1,1,1,0,0,0,0,0,0,0,0,0,0,0,0,0,1.0,0.0,0.0,0.0
2023_11_25_die-meisten-hier-hassen-israel,israelis,4,4,2,1,0,2,0,0,0,0,0,0,0,0,0,0,0.5,0.25,0.5,0.5
2023_11_25_die-meisten-hier-hassen-israel,palestinians,4,4,1,0,0,1,0,0,0,0,0,0,0,0,0,0,0.25,0.0,0.25,0.0
2023_11_25_ein-kleiner-lichtblick,general_journalists,1,1,0,0,0,0,0,0,0,0,0,0,0,0,0,1,0.0,0.0,0.0,-1.0
2023_11_25_ein-kleiner-lichtblick,israelis,23,23,16,4,0,0,0,0,0,0,0,0,0,0,0,1,0.6957,0.1739,0.0,1.0
2023_11_25_ein-kleiner-lichtblick,palestinians,7,6,5,0,0,2,0,0,0,0,0,0,0,0,0,0,0.7143,0.0,0.2857,0.0
2023_11_25_gegen-antisemitismus,israelis,2,2,0,0,0,0,0,0,0,0,0,0,0,0,0,0,0.0,0.0,0.0,0.0
2023_11_25_gegen-antisemitismus,palestinians,1,1,0,0,0,0,0,0,0,0,0,0,0,0,0,0,0.0,0.0,0.0,0.0
2023_11_25_ich-musste-entscheiden-wer-stirbt-und-wer-nicht,israelis,6,5,5,0,0,0,0,0,0,0,0,0,0,0,0,0,0.8333,0.0,0.0,0.0
2023_11_25_ich-musste-entscheiden-wer-stirbt-und-wer-nicht,palestinians,12,12,6,1,0,1,0,0,2,0,0,0,0,0,1,5,0.5,0.0833,0.0833,0.0
2023_11_25_tausend-menschen-bei-pro-pal-stinensischer-kundgebung,palestinians,4,4,2,0,5,2,0,0,0,0,0,0,0,0,0,0,0.5,0.0,0.5,0.0
2023_11_25_unaussprechliche-tat,israelis,9,9,6,0,0,0,0,0,0,0,0,0,0,0,0,1,0.6667,0.0,0.0,-1.0
2023_11_25_unaussprechliche-tat,palestinians,1,1,1,0,0,1,0,0,0,0,0,0,0,0,0,0,1.0,0.0,1.0,0.0
2023_11_25_vier-deutsche-kommen-frei,general_journalists,1,1,0,0,0,0,0,0,0,0,0,0,0,0,0,1,0.0,0.0,0.0,-1.0
2023_11_25_vier-deutsche-kommen-frei,israelis,4,4,2,1,0,0,0,0,0,0,0,0,0,0,0,0,0.5,0.25,0.0,0.5
2023_11_25_vier-deutsche-kommen-frei,palestinians,1,1,1,0,0,1,0,0,0,0,0,0,0,0,0,0,1.0,0.0,1.0,0.0
2023_11_25_was-dieser-kriegsbesoffene-haufen-so-von-sich-gibt,palestinians,2,2,0,0,6,2,0,0,0,0,0,0,0,0,0,0,0.0,0.0,1.0,0.0
2023_11_26_die-wei-en-tauben-sind-m-de,palestinians,2,2,0,0,0,0,0,0,0,0,0,0,0,0,0,0,0.0,0.0,0.0,0.0
2023_11_26_eine-dynamik-die-kaum-zu-kalkulieren-ist,israelis,7,7,4,0,0,0,0,0,0,0,0,0,0,0,0,0,0.5714,0.0,0.0,0.0
2023_11_26_eine-dynamik-die-kaum-zu-kalkulieren-ist,palestinians,2,2,0,0,0,0,0,0,1,0,0,0,0,0,0,0,0.0,0.0,0.0,2.0
2023_11_26_nachrichten-am-26-november-2023,general_journalists,1,1,0,0,0,0,0,0,0,0,0,0,0,0,0,0,0.0,0.0,0.0,0.0
2023_11_26_nachrichten-am-26-november-2023,israelis,2,2,1,0,0,0,0,0,0,0,0,0,0,0,0,0,0.5,0.0,0.0,0.0
2023_11_26_nachrichten-am-26-november-2023,palestinians,1,1,1,0,0,0,0,0,0,0,0,0,0,0,0,0,1.0,0.0,0.0,0.0
2023_11_26_wagenknechts-rhetorik-und-wagenknechts-masche,israelis,1,1,1,1,0,0,0,0,0,0,0,0,0,0,0,0,1.0,1.0,0.0,0.5
2023_11_26_wagenknechts-rhetorik-und-wagenknechts-masche,palestinians,1,1,0,0,0,0,0,0,0,0,0,0,0,0,0,0,0.0,0.0,0.0,0.0
2023_11_27_die-freude-der-anderen,israelis,4,4,2,0,0,0,0,0,0,0,0,0,0,0,0,1,0.5,0.0,0.0,-1.0
2023_11_27_die-freude-der-anderen,palestinians,4,4,2,0,0,0,0,0,0,0,0,0,0,0,0,0,0.5,0.0,0.0,0.0
2023_11_27_eine-wilde-mischung,palestinians,2,2,0,0,0,2,0,0,0,0,0,0,0,0,0,0,0.0,0.0,1.0,0.0
2023_11_27_es-wird-immer-schwieriger-westliche-werte-zu-vermitteln,general_journalists,2,2,2,0,2,1,0,0,0,0,0,0,0,0,0,2,1.0,0.0,0.5,-2.0
2023_11_27_es-wird-immer-schwieriger-westliche-werte-zu-vermitteln,israelis,6,6,3,1,2,1,0,0,0,0,0,0,0,0,0,0,0.5,0.1667,0.1667,0.5
2023_11_27_es-wird-immer-schwieriger-westliche-werte-zu-vermitteln,palestinians,11,9,4,0,4,2,0,0,3,0,0,0,0,0,1,2,0.3636,0.0,0.1818,4.5
2023_11_27_f-r-frieden-und-gegen-gewalt,general_journalists,1,1,0,0,0,1,0,0,0,0,0,0,0,0,0,0,0.0,0.0,1.0,0.0
2023_11_27_f-r-frieden-und-gegen-gewalt,israelis,4,4,3,0,0,2,0,0,0,0,0,0,0,0,0,2,0.75,0.0,0.5,-2.0
2023_11_27_f-r-frieden-und-gegen-gewalt,palestinians,6,6,2,0,0,2,0,0,0,0,0,0,0,0,0,0,0.3333,0.0,0.3333,0.0
2023_11_27_ihre-rhetorik-ihre-masche,israelis,1,1,1,1,0,0,0,0,0,0,0,0,0,0,0,0,1.0,1.0,0.0,0.5
2023_11_27_ihre-rhetorik-ihre-masche,palestinians,1,1,0,0,0,0,0,0,0,0,0,0,0,0,0,0,0.0,0.0,0.0,0.0
2023_11_27_israel-und-hamas-einigen-sich-auf-verl-ngerung-der-waffenruhe-um-zwei-tage,israelis,2,2,2,0,0,0,0,0,0,0,0,0,0,0,0,0,1.0,0.0,0.0,0.0
2023_11_27_jetzt-ein-besuch-in-israel-ja-gerade-jetzt,israelis,16,13,4,0,0,9,0,0,0,0,0,0,0,0,2,0,0.25,0.0,0.5625,1.0
2023_11_27_jetzt-ein-besuch-in-israel-ja-gerade-jetzt,palestinians,2,2,2,0,0,0,0,0,0,0,0,0,0,0,0,0,1.0,0.0,0.0,0.0
2023_11_27_nachrichten-am-27-november-2023,general_journalists,1,1,0,0,2,1,0,0,0,0,0,0,0,0,0,0,0.0,0.0,1.0,0.0
2023_11_27_nachrichten-am-27-november-2023,israelis,1,1,1,0,0,0,0,0,0,0,0,0,0,0,0,0,1.0,0.0,0.0,0.0
2023_11_27_unter-feuer,israelis,7,7,4,0,0,0,0,0,0,0,0,0,0,0,0,0,0.5714,0.0,0.0,0.0
2023_11_27_unter-feuer,palestinians,2,2,0,0,0,0,0,0,1,0,0,0,0,0,0,0,0.0,0.0,0.0,2.0
2023_11_27_vorwurf-sabotage,general_journalists,2,2,0,0,0,0,0,0,0,0,0,0,0,0,0,0,0.0,0.0,0.0,0.0
2023_11_27_vorwurf-sabotage,israelis,3,3,2,0,0,1,0,0,0,0,0,0,0,0,0,0,0.6667,0.0,0.3333,0.0
2023_11_27_vorwurf-sabotage,palestinians,3,3,1,0,0,0,1,0,0,0,0,0,0,0,0,0,0.3333,0.0,0.0,2.0
2023_11_27_weitere-geiseln-freigelassen,israelis,10,10,8,2,0,1,0,0,0,0,0,0,0,0,0,2,0.8,0.2,0.1,-1.0
2023_11_27_weitere-geiseln-freigelassen,palestinians,8,7,8,0,0,0,0,0,2,0,0,0,0,0,0,0,1.0,0.0,0.0,4.0
2023_11_28_besser-nicht-ber-gaza-reden,general_journalists,2,2,0,0,0,0,0,0,1,0,0,0,0,0,0,0,0.0,0.0,0.0,2.0
2023_11_28_besser-nicht-ber-gaza-reden,israelis,6,6,5,0,0,0,0,0,0,0,0,0,0,0,0,0,0.8333,0.0,0.0,0.0
2023_11_28_besser-nicht-ber-gaza-reden,palestinians,14,13,7,0,0,1,0,0,1,0,0,0,0,0,0,2,0.5,0.0,0.0714,0.0
2023_11_28_der-alte-mann-und-der-krieg,general_journalists,1,1,1,0,0,1,0,0,0,0,0,0,0,0,0,0,1.0,0.0,1.0,0.0
2023_11_28_der-alte-mann-und-der-krieg,israelis,9,9,5,0,0,0,0,0,0,0,0,0,0,0,0,0,0.5556,0.0,0.0,0.0
2023_11_28_der-alte-mann-und-der-krieg,palestinians,11,10,5,0,0,0,0,0,2,0,0,0,0,0,4,2,0.4545,0.0,0.0,4.0
2023_11_28_der-f-nfte-tag,israelis,9,9,4,0,0,2,0,0,0,0,0,0,0,0,0,0,0.4444,0.0,0.2222,0.0
2023_11_28_der-f-nfte-tag,palestinians,9,9,2,1,0,0,0,0,0,0,0,0,0,0,0,0,0.2222,0.1111,0.0,0.5
2023_11_28_der-riss,general_journalists,1,1,0,0,0,0,0,0,0,0,0,0,0,0,0,0,0.0,0.0,0.0,0.0
2023_11_28_der-riss,israelis,8,8,4,2,1,0,0,0,0,0,0,0,0,0,0,0,0.5,0.25,0.0,1.0
2023_11_28_der-riss,palestinians,3,3,1,0,0,0,0,0,0,0,0,0,0,0,0,1,0.3333,0.0,0.0,-1.0
2023_11_28_hamas-l-sst-weitere-geiseln-frei,israelis,1,1,0,0,0,0,0,0,0,0,0,0,0,0,0,0,0.0,0.0,0.0,0.0
2023_11_28_heute-ist-aktivismus-wenn-man-auf-facebook-die-flagge-postet-f-r-die-man-gerade-,general_journalists,1,1,0,0,0,0,0,0,0,0,0,0,0,0,0,0,0.0,0.0,0.0,0.0
2023_11_28_heute-ist-aktivismus-wenn-man-auf-facebook-die-flagge-postet-f-r-die-man-gerade-,israelis,12,12,8,0,2,1,0,0,0,0,0,0,0,0,0,0,0.6667,0.0,0.0833,0.0
2023_11_28_heute-ist-aktivismus-wenn-man-auf-facebook-die-flagge-postet-f-r-die-man-gerade-,palestinians,12,12,3,0,4,2,0,1,2,0,0,0,0,0,0,2,0.25,0.0,0.1667,3.5
2023_11_28_in-der-h-lle-von-robotyne,general_journalists,1,1,1,0,0,0,0,0,0,0,0,0,0,0,0,0,1.0,0.0,0.0,0.0
2023_11_28_in-der-h-lle-von-robotyne,palestinians,1,1,0,0,0,0,0,0,0,0,0,0,0,0,0,0,0.0,0.0,0.0,0.0
2023_11_28_katar-leistet-mehr-f-r-den-frieden-als-die-bundesrepublik,israelis,10,9,5,0,4,2,0,0,0,0,0,0,0,0,0,0,0.5,0.0,0.2,0.0
2023_11_28_katar-leistet-mehr-f-r-den-frieden-als-die-bundesrepublik,palestinians,5,5,2,0,6,2,0,0,1,0,0,0,0,0,0,0,0.4,0.0,0.4,2.0
2023_11_28_kritik-von-allen-seiten,general_journalists,3,3,3,1,0,0,0,0,0,0,0,0,0,0,0,0,1.0,0.3333,0.0,0.5
2023_11_28_kritik-von-allen-seiten,israelis,2,2,1,0,0,1,0,0,0,0,0,0,0,0,0,0,0.5,0.0,0.5,0.0
2023_11_28_kritik-von-allen-seiten,palestinians,3,3,3,0,0,2,0,0,0,0,0,0,0,0,0,2,1.0,0.0,0.6667,-2.0
2023_11_28_nur-ein-fauxpas-oder-offener-antisemitismus,general_journalists,3,3,1,1,6,2,0,0,0,0,0,0,0,0,0,0,0.3333,0.3333,0.6667,0.5
2023_11_28_nur-ein-fauxpas-oder-offener-antisemitismus,israelis,2,2,0,0,2,1,0,0,0,0,0,0,0,0,0,0,0.0,0.0,0.5,0.0
2023_11_28_nur-ein-fauxpas-oder-offener-antisemitismus,palestinians,2,2,2,0,2,1,0,0,0,0,0,0,0,0,0,0,1.0,0.0,0.5,0.0
2023_11_28_verhandlungen-auf-schmalem-grat,israelis,13,11,9,0,0,0,0,0,0,0,0,0,0,0,0,2,0.6923,0.0,0.0,-2.0
2023_11_28_verhandlungen-auf-schmalem-grat,palestinians,4,4,2,0,0,0,0,0,0,0,0,0,0,0,0,0,0.5,0.0,0.0,0.0
2023_11_28_von-einem-der-r-ckw-rts-tr-umt,israelis,23,22,16,2,0,9,0,0,3,0,0,1,0,0,0,6,0.6957,0.087,0.3913,3.5
2023_11_28_von-einem-der-r-ckw-rts-tr-umt,palestinians,5,5,3,0,0,1,0,0,3,0,0,0,0,0,0,0,0.6,0.0,0.2,6.0
2023_11_28_wen-es-trifft,general_journalists,2,2,2,0,0,1,0,0,0,0,0,0,0,0,0,2,1.0,0.0,0.5,-2.0
2023_11_28_wen-es-trifft,israelis,6,6,3,0,0,1,0,0,0,0,0,0,0,0,0,0,0.5,0.0,0.1667,0.0
2023_11_28_wen-es-trifft,palestinians,11,9,4,0,0,2,0,0,3,0,0,0,0,0,1,2,0.3636,0.0,0.1818,4.5
2023_11_28_wie-israels-seele-zerst-rt-wurde,israelis,4,4,2,0,0,0,0,0,0,0,0,0,0,0,0,2,0.5,0.0,0.0,-2.0
2023_11_28_wie-israels-seele-zerst-rt-wurde,palestinians,1,1,0,1,0,0,0,0,0,0,0,0,0,0,0,0,0.0,1.0,0.0,0.5
2023_11_29_die-vermittler,israelis,9,8,5,0,0,2,0,0,0,0,0,0,0,0,0,0,0.5556,0.0,0.2222,0.0
2023_11_29_die-vermittler,palestinians,5,5,2,0,0,2,0,0,1,0,0,0,0,0,0,0,0.4,0.0,0.4,2.0
2023_11_29_ich-will-ihn-nur-ansehen-umarmen-k-ssen,israelis,18,17,10,0,12,3,0,1,0,0,0,0,0,0,0,4,0.5556,0.0,0.1667,-2.5
2023_11_29_ich-will-ihn-nur-ansehen-umarmen-k-ssen,palestinians,13,13,6,4,8,2,0,0,0,0,0,0,0,0,0,0,0.4615,0.3077,0.1538,2.0
2023_11_29_israel-hat-erneut-30-pal-stinensische-h-ftlinge-freigelassen,israelis,1,1,1,0,0,0,0,0,0,0,0,0,0,0,0,0,1.0,0.0,0.0,0.0
2023_11_29_israel-hat-erneut-30-pal-stinensische-h-ftlinge-freigelassen,palestinians,1,1,1,0,0,0,0,0,0,0,0,0,0,0,0,0,1.0,0.0,0.0,0.0
2023_11_29_wie-man-den-nutzern-von-tiktok-hilft,general_journalists,4,4,2,0,2,1,0,0,0,0,0,0,0,0,0,0,0.5,0.0,0.25,0.0
2023_11_29_wie-man-den-nutzern-von-tiktok-hilft,israelis,2,2,1,0,2,1,0,0,0,0,0,0,0,0,0,0,0.5,0.0,0.5,0.0
2023_11_29_wie-man-den-nutzern-von-tiktok-hilft,palestinians,4,4,1,0,2,1,0,0,0,0,0,0,0,0,0,0,0.25,0.0,0.25,0.0
2023_11_29_wir-sind-doch-alle-menschen,israelis,1,1,1,0,0,1,0,0,0,0,0,0,0,0,0,0,1.0,0.0,1.0,0.0
2023_11_29_wir-sind-doch-alle-menschen,palestinians,1,1,1,0,0,1,0,0,1,0,0,0,0,0,0,0,1.0,0.0,1.0,2.0
2023_11_29_zwei-jugendliche-unter-terrorverdacht,israelis,1,1,1,0,0,0,0,0,0,0,0,0,0,0,0,0,1.0,0.0,0.0,0.0
2023_11_29_zwei-jugendliche-unter-terrorverdacht,palestinians,2,2,2,0,2,1,0,0,0,0,0,0,0,0,0,2,1.0,0.0,0.5,-2.0
2023_11_30_den-nutzern-helfen,general_journalists,3,3,1,0,0,1,0,0,0,0,0,0,0,0,0,0,0.3333,0.0,0.3333,0.0
2023_11_30_den-nutzern-helfen,israelis,2,2,1,0,0,1,0,0,0,0,0,0,0,0,0,0,0.5,0.0,0.5,0.0
2023_11_30_den-nutzern-helfen,palestinians,3,3,1,0,0,1,0,0,0,0,0,0,0,0,0,0,0.3333,0.0,0.3333,0.0
2023_11_30_endspiel,palestinians,2,2,0,0,0,0,0,0,1,0,0,0,0,0,0,0,0.0,0.0,0.0,2.0
2023_11_30_es-gab-so-viele-warnsignale,general_journalists,2,2,1,0,0,0,0,0,0,0,0,0,0,0,0,0,0.5,0.0,0.0,0.0
2023_11_30_es-gab-so-viele-warnsignale,israelis,7,6,4,0,2,1,0,0,0,0,0,1,0,0,0,2,0.5714,0.0,0.1429,0.5
2023_11_30_es-gab-so-viele-warnsignale,palestinians,4,4,1,0,0,0,0,0,0,0,0,0,0,0,0,2,0.25,0.0,0.0,-2.0
2023_11_30_ich-will-ihn-nur-umarmen,israelis,17,16,9,0,0,4,0,1,0,0,0,0,0,0,0,4,0.5294,0.0,0.2353,-2.5
2023_11_30_ich-will-ihn-nur-umarmen,palestinians,12,12,5,3,0,3,0,0,0,0,0,0,0,0,0,0,0.4167,0.25,0.25,1.5
2023_11_30_israel-geht-der-hamas-in-die-falle,israelis,18,17,7,1,6,2,0,0,0,0,0,0,0,0,0,1,0.3889,0.0556,0.1111,-0.5
2023_11_30_israel-geht-der-hamas-in-die-falle,palestinians,10,10,5,0,0,0,0,0,0,0,0,0,0,0,0,0,0.5,0.0,0.0,0.0
2023_11_30_krieg-in-nahost-medien-und-die-vielfaltsgesellschaft,general_journalists,9,8,1,1,4,2,0,0,0,0,0,0,0,0,0,0,0.1111,0.1111,0.2222,0.5
2023_11_30_krieg-in-nahost-medien-und-die-vielfaltsgesellschaft,israelis,1,1,1,0,0,0,0,0,0,0,0,0,0,0,0,0,1.0,0.0,0.0,0.0
2023_11_30_netanjahus-dilemma,israelis,10,9,6,1,0,0,0,1,0,0,0,0,0,0,0,0,0.6,0.1,0.0,2.0
2023_11_30_netanjahus-dilemma,palestinians,6,5,4,0,0,0,0,0,0,0,0,0,0,0,1,0,0.6667,0.0,0.0,0.5
2023_11_30_neu-ist-dass-sie-auch-kinder-morden-ganz-gezielt,general_journalists,2,2,0,0,0,0,0,0,0,0,0,0,0,0,0,0,0.0,0.0,0.0,0.0
2023_11_30_neu-ist-dass-sie-auch-kinder-morden-ganz-gezielt,israelis,6,6,1,0,0,0,0,0,0,0,0,0,0,0,0,0,0.1667,0.0,0.0,0.0
2023_11_30_neu-ist-dass-sie-auch-kinder-morden-ganz-gezielt,palestinians,3,3,2,0,2,1,0,0,0,0,0,0,0,0,0,0,0.6667,0.0,0.3333,0.0
2023_11_30_viele-sind-einfach-m-de-sich-wieder-mit-etwas-auseinanderzusetzen,palestinians,1,1,0,0,0,0,0,0,0,0,0,0,0,0,0,0,0.0,0.0,0.0,0.0
2023_11_30_wie-dieser-krieg-ein-ende-finden-kann-vielleicht,israelis,7,7,3,0,2,1,0,0,0,0,0,1,0,0,0,0,0.4286,0.0,0.1429,2.5
2023_11_30_wie-dieser-krieg-ein-ende-finden-kann-vielleicht,palestinians,3,3,3,0,0,0,0,0,0,0,0,0,0,0,0,0,1.0,0.0,0.0,0.0
2023_11_30_wie-israel-die-hamas-im-norden-zerschlagen-hat,general_journalists,1,1,1,0,0,0,0,0,0,0,0,0,0,0,0,0,1.0,0.0,0.0,0.0
2023_11_30_wie-israel-die-hamas-im-norden-zerschlagen-hat,israelis,31,30,17,3,0,5,0,0,0,0,0,0,0,0,0,0,0.5484,0.0968,0.1613,1.5
2023_11_30_wie-israel-die-hamas-im-norden-zerschlagen-hat,palestinians,4,3,3,0,0,1,0,0,0,0,0,0,0,0,0,0,0.75,0.0,0.25,0.0
2023_11_30_wir-wollen-einen-neustart,general_journalists,1,1,0,0,0,0,0,0,0,0,0,0,0,0,0,0,0.0,0.0,0.0,0.0
2023_11_30_wir-wollen-einen-neustart,israelis,13,13,8,0,0,1,0,0,0,0,0,0,0,0,0,0,0.6154,0.0,0.0769,0.0
2023_11_30_wir-wollen-einen-neustart,palestinians,12,12,3,0,0,2,0,1,2,0,0,0,0,0,0,2,0.25,0.0,0.1667,3.5
2023_12_01_die-terrorfalle,israelis,18,17,8,1,0,1,0,0,0,0,0,0,0,0,0,1,0.4444,0.0556,0.0556,-0.5
2023_12_01_die-terrorfalle,palestinians,10,10,6,0,0,0,0,0,0,0,0,0,0,0,0,2,0.6,0.0,0.0,-2.0
2023_12_01_doch-kompliziert,israelis,7,7,5,1,0,1,0,0,0,0,0,0,0,0,0,2,0.7143,0.1429,0.1429,-1.5
2023_12_01_doch-kompliziert,palestinians,6,6,3,0,0,1,0,0,0,0,0,0,0,0,1,0,0.5,0.0,0.1667,0.5
2023_12_01_endlich-frei,general_journalists,1,1,1,0,0,1,0,0,0,0,0,0,0,0,0,1,1.0,0.0,1.0,-1.0
2023_12_01_endlich-frei,palestinians,2,2,1,0,0,0,0,0,0,0,0,0,0,0,0,0,0.5,0.0,0.0,0.0
2023_12_01_es-g-be-einen-ausweg,israelis,6,6,3,0,0,1,0,0,0,0,0,1,0,0,0,0,0.5,0.0,0.1667,2.5
2023_12_01_es-g-be-einen-ausweg,palestinians,2,2,2,0,0,0,0,0,0,0,0,0,0,0,0,0,1.0,0.0,0.0,0.0
2023_12_01_kampf-zwischen-ruinen,general_journalists,1,1,1,0,0,0,0,0,0,0,0,0,0,0,0,0,1.0,0.0,0.0,0.0
2023_12_01_kampf-zwischen-ruinen,israelis,24,24,15,3,0,4,0,0,0,0,0,0,0,0,0,2,0.625,0.125,0.1667,-0.5
2023_12_01_kampf-zwischen-ruinen,palestinians,2,1,2,0,0,0,0,0,0,0,0,0,0,0,0,0,1.0,0.0,0.0,0.0
2023_12_01_nachrichten-vom-1-dezember-2023,israelis,4,4,3,1,0,0,0,0,0,0,0,0,0,0,0,0,0.75,0.25,0.0,0.5
2023_12_01_nachrichten-vom-1-dezember-2023,palestinians,1,1,0,0,0,0,0,0,0,0,0,0,0,0,0,0,0.0,0.0,0.0,0.0
2023_12_01_neu-ist-dass-sie-auch-kinder-morden-gezielt,general_journalists,2,2,0,0,0,0,0,0,0,0,0,0,0,0,0,0,0.0,0.0,0.0,0.0
2023_12_01_neu-ist-dass-sie-auch-kinder-morden-gezielt,israelis,5,5,1,0,0,0,0,0,0,0,0,0,0,0,0,0,0.2,0.0,0.0,0.0
2023_12_01_neu-ist-dass-sie-auch-kinder-morden-gezielt,palestinians,3,3,2,0,0,1,0,0,0,0,0,0,0,0,0,0,0.6667,0.0,0.3333,0.0
2023_12_01_viele-sind-einfach-m-de,palestinians,1,1,0,0,0,0,0,0,0,0,0,0,0,0,0,0,0.0,0.0,0.0,0.0
2023_12_01_von-den-lebenden-und-den-toten,israelis,10,10,5,3,0,1,0,0,0,0,0,0,0,0,0,0,0.5,0.3,0.1,1.5
2023_12_01_von-den-lebenden-und-den-toten,palestinians,7,7,4,0,0,0,0,0,0,0,0,0,0,0,0,2,0.5714,0.0,0.0,-2.0
2023_12_01_wenn-man-einem-traumpaar-im-weg-steht,israelis,1,1,0,0,0,0,0,0,0,0,0,0,0,0,0,0,0.0,0.0,0.0,0.0
2023_12_01_wilders-und-le-pen-imitieren-das-bringt-gar-nichts,palestinians,1,1,0,0,4,1,1,0,0,0,0,0,0,0,0,0,0.0,0.0,1.0,2.0
2023_12_01_willkommen-bei-sch-nreden-tv,general_journalists,2,2,1,0,4,1,0,0,0,0,0,0,0,0,0,0,0.5,0.0,0.5,0.0
2023_12_01_willkommen-bei-sch-nreden-tv,israelis,3,3,1,1,0,0,0,0,0,0,0,0,0,0,0,0,0.3333,0.3333,0.0,0.5
2023_12_01_willkommen-bei-sch-nreden-tv,palestinians,2,2,0,0,0,0,0,0,0,0,0,0,0,0,0,0,0.0,0.0,0.0,0.0
2023_12_01_wir-brauchen-ein-bilderverbot,general_journalists,2,2,2,0,0,0,0,0,0,0,0,0,0,0,0,0,1.0,0.0,0.0,0.0
2023_12_02_der-alarm-bert-nt-viele-vorw-rfe,israelis,15,14,11,0,0,3,0,0,0,0,0,0,0,0,0,0,0.7333,0.0,0.2,0.0
2023_12_02_der-alarm-bert-nt-viele-vorw-rfe,palestinians,1,1,0,0,0,0,0,0,0,0,0,0,0,0,0,0,0.0,0.0,0.0,0.0
2023_12_02_die-heimkehr,general_journalists,1,1,1,0,0,0,0,0,0,0,0,0,0,0,0,0,1.0,0.0,0.0,0.0
2023_12_02_die-heimkehr,israelis,4,4,3,0,0,0,0,0,0,0,0,0,0,0,0,0,0.75,0.0,0.0,0.0
2023_12_02_die-heimkehr,palestinians,9,9,3,0,0,0,0,0,0,0,0,0,0,0,0,0,0.3333,0.0,0.0,0.0
2023_12_02_dieses-dilemma,palestinians,1,1,0,0,0,1,1,0,0,0,0,0,0,0,0,0,0.0,0.0,1.0,2.0
2023_12_02_ich-sitze-auf-zwei-st-hlen,israelis,23,21,8,0,0,6,0,0,4,0,0,0,0,0,0,0,0.3478,0.0,0.2609,8.0
2023_12_02_ich-sitze-auf-zwei-st-hlen,palestinians,16,14,6,0,0,4,0,0,4,0,0,0,0,0,0,0,0.375,0.0,0.25,8.0
2023_12_02_leute,israelis,1,1,0,0,0,0,0,0,0,0,0,0,0,0,0,0,0.0,0.0,0.0,0.0
2023_12_02_was-vom-trubel-brig-bleibt,palestinians,1,1,1,0,0,1,0,0,0,0,0,0,0,0,0,0,1.0,0.0,1.0,0.0
2023_12_03_anzeigen-nach-pal-stinademo,palestinians,2,2,0,0,4,2,0,0,0,0,0,0,0,0,0,0,0.0,0.0,1.0,0.0
2023_12_03_der-attent-ter-vom-eiffelturm-war-kein-unbekannter,general_journalists,2,2,1,0,0,0,0,0,0,0,0,0,0,0,0,0,0.5,0.0,0.0,0.0
2023_12_03_der-attent-ter-vom-eiffelturm-war-kein-unbekannter,palestinians,1,1,0,0,2,1,0,0,0,0,0,0,0,0,0,0,0.0,0.0,1.0,0.0
2023_12_03_grundkurs-nahostkonflikt,israelis,10,9,8,0,0,1,0,0,0,0,0,0,0,0,0,0,0.8,0.0,0.1,0.0
2023_12_03_grundkurs-nahostkonflikt,palestinians,11,11,5,0,0,1,0,0,1,0,0,0,0,0,0,4,0.4545,0.0,0.0909,-2.0
2023_12_03_solidarit-t-mit-den-terror-opfern,israelis,14,13,3,0,10,4,0,0,0,0,0,0,0,0,1,0,0.2143,0.0,0.2857,0.5
2023_12_04_anzeigen-bei-pal-stinademo,palestinians,1,1,0,0,0,1,0,0,0,0,0,0,0,0,0,0,0.0,0.0,1.0,0.0
2023_12_04_b-cher-sind-kein-allheilmittel-aber-sie-k-nnen-tr-sten-und-helfen-zu-verstehen,general_journalists,1,1,0,0,0,0,0,0,0,0,0,0,0,0,0,0,0.0,0.0,0.0,0.0
2023_12_04_b-cher-sind-kein-allheilmittel-aber-sie-k-nnen-tr-sten-und-helfen-zu-verstehen,israelis,6,6,1,0,4,2,0,0,0,0,0,0,0,0,0,1,0.1667,0.0,0.3333,-1.0
2023_12_04_b-cher-sind-kein-allheilmittel-aber-sie-k-nnen-tr-sten-und-helfen-zu-verstehen,palestinians,1,1,0,0,1,0,0,0,0,0,0,0,0,0,0,0,0.0,0.0,0.0,0.0
2023_12_04_das-ist-direkte-mitt-terschaft,general_journalists,2,2,1,0,0,0,0,0,0,0,0,0,0,0,0,0,0.5,0.0,0.0,0.0
2023_12_04_das-ist-direkte-mitt-terschaft,israelis,6,6,3,0,0,0,0,0,0,0,0,0,0,0,0,0,0.5,0.0,0.0,0.0
2023_12_04_das-ist-direkte-mitt-terschaft,palestinians,10,10,2,0,4,1,0,0,0,0,0,0,0,0,1,4,0.2,0.0,0.1,-3.5
2023_12_04_der-attent-ter-war-kein-unbekannter,general_journalists,2,2,1,0,0,1,0,0,0,0,0,0,0,0,0,0,0.5,0.0,0.5,0.0
2023_12_04_der-attent-ter-war-kein-unbekannter,palestinians,1,1,0,0,0,1,0,0,0,0,0,0,0,0,0,0,0.0,0.0,1.0,0.0
2023_12_04_die-verb-ndeten-erh-hen-den-druck,israelis,8,8,3,1,0,4,0,0,0,0,0,0,0,0,0,0,0.375,0.125,0.5,0.5
2023_12_04_die-verb-ndeten-erh-hen-den-druck,palestinians,7,6,5,0,0,4,0,0,0,0,1,0,0,0,0,2,0.7143,0.0,0.5714,0.5
2023_12_04_hat-der-attent-ter-alle-get-uscht,palestinians,1,1,1,0,0,0,0,0,0,0,0,0,0,0,1,0,1.0,0.0,0.0,0.5
2023_12_04_konzerte,palestinians,1,1,0,0,0,0,0,0,0,0,0,0,0,0,0,0,0.0,0.0,0.0,0.0
2023_12_04_mit-seinem-gepolter-bewirkt-pedro-s-nchez-bislang-nichts,israelis,1,1,0,0,0,0,0,0,0,0,0,0,0,0,0,0,0.0,0.0,0.0,0.0
2023_12_04_mit-seinem-gepolter-bewirkt-pedro-s-nchez-bislang-nichts,palestinians,1,1,1,0,0,0,0,0,0,0,0,0,0,0,0,0,1.0,0.0,0.0,0.0
2023_12_04_nachrichten-vom-4-dezember-2023,israelis,3,3,0,0,0,0,0,0,0,0,0,0,0,0,0,0,0.0,0.0,0.0,0.0
2023_12_04_nahost-krieg-warum-die-terrorgefahr-auch-in-deutschland-steigt,palestinians,1,1,0,0,0,0,0,0,0,0,0,0,0,0,0,0,0.0,0.0,0.0,0.0
2023_12_04_netanjahu-widersetzt-sich-den-usa,general_journalists,1,1,1,0,0,0,0,0,0,0,0,0,0,0,0,0,1.0,0.0,0.0,0.0
2023_12_04_netanjahu-widersetzt-sich-den-usa,israelis,6,6,4,1,0,2,0,0,0,0,0,0,0,0,0,0,0.6667,0.1667,0.3333,0.5
2023_12_04_netanjahu-widersetzt-sich-den-usa,palestinians,4,4,1,1,0,1,0,0,0,0,0,0,0,0,0,0,0.25,0.25,0.25,0.5
2023_12_04_solidarit-t-mit-terror-opfern,israelis,10,9,2,0,0,3,0,0,0,0,0,0,0,0,1,0,0.2,0.0,0.3,0.5
2023_12_04_waffenfreunde-wider-willen,israelis,4,4,3,0,0,1,0,0,0,0,0,0,0,0,0,0,0.75,0.0,0.25,0.0
2023_12_04_waffenfreunde-wider-willen,palestinians,1,1,0,0,0,0,0,0,0,0,0,0,0,0,0,0,0.0,0.0,0.0,0.0
2023_12_05_b-cher-k-nnen-tr-sten-und-helfen-zu-verstehen,general_journalists,1,1,0,0,0,0,0,0,0,0,0,0,0,0,0,0,0.0,0.0,0.0,0.0
2023_12_05_b-cher-k-nnen-tr-sten-und-helfen-zu-verstehen,israelis,6,6,1,0,0,2,0,0,0,0,0,0,0,0,0,1,0.1667,0.0,0.3333,-1.0
2023_12_05_b-cher-k-nnen-tr-sten-und-helfen-zu-verstehen,palestinians,1,1,0,0,0,0,0,0,0,0,0,0,0,0,0,0,0.0,0.0,0.0,0.0
2023_12_05_kein-entrinnen,israelis,9,9,7,0,0,1,0,0,0,0,0,0,0,0,1,0,0.7778,0.0,0.1111,0.5
2023_12_05_kein-entrinnen,palestinians,3,3,1,0,0,0,0,0,0,0,0,0,0,0,0,0,0.3333,0.0,0.0,0.0
2023_12_05_lust-am-abenteuer,israelis,1,1,0,0,0,0,0,0,0,0,0,0,0,0,0,0,0.0,0.0,0.0,0.0
2023_12_05_lust-am-abenteuer,palestinians,1,1,1,0,0,0,0,0,0,0,0,0,0,0,0,0,1.0,0.0,0.0,0.0
2023_12_05_nachrichten-am-5-dezember-2023,israelis,2,2,2,0,0,0,0,0,0,0,0,0,0,0,0,0,1.0,0.0,0.0,0.0
2023_12_05_nachrichten-am-5-dezember-2023,palestinians,1,1,1,0,2,1,0,0,0,0,0,0,0,0,0,0,1.0,0.0,1.0,0.0
2023_12_05_netanjahus-endspiel-bidens-preis,israelis,7,7,3,1,0,0,0,0,0,0,0,0,0,0,0,0,0.4286,0.1429,0.0,0.5
2023_12_05_netanjahus-endspiel-bidens-preis,palestinians,3,3,1,0,0,0,0,0,1,0,0,0,0,0,0,0,0.3333,0.0,0.0,2.0
2023_12_05_niemand-wei-wo-es-noch-sicher-ist,israelis,5,5,3,0,0,0,0,0,0,0,0,0,0,0,0,0,0.6,0.0,0.0,0.0
2023_12_05_niemand-wei-wo-es-noch-sicher-ist,palestinians,5,4,3,1,0,0,0,0,0,0,0,0,0,0,2,0,0.6,0.2,0.0,1.5
2023_12_05_stille-gedenkfeier-f-r-den-frieden,israelis,1,1,0,0,0,0,0,0,0,0,0,0,0,0,0,0,0.0,0.0,0.0,0.0
2023_12_05_stille-gedenkfeier-f-r-den-frieden,palestinians,1,1,1,0,0,0,0,0,0,0,0,0,0,0,0,0,1.0,0.0,0.0,0.0
2023_12_06_biden-soll-den-preis-nennen,israelis,7,7,3,1,0,0,0,0,0,0,0,0,0,0,0,0,0.4286,0.1429,0.0,0.5
2023_12_06_biden-soll-den-preis-nennen,palestinians,2,2,0,0,0,0,0,0,1,0,0,0,0,0,0,0,0.0,0.0,0.0,2.0
2023_12_06_israels-bodentruppen-stehen-vor-chan-yunis,israelis,6,6,3,0,0,0,0,0,0,0,0,0,0,0,0,1,0.5,0.0,0.0,-1.0
2023_12_06_israels-bodentruppen-stehen-vor-chan-yunis,palestinians,4,3,3,1,0,0,0,0,0,0,0,0,0,0,2,0,0.75,0.25,0.0,1.5
2023_12_06_mit-judenhass-hatte-das-massaker-nichts-zu-tun,general_journalists,3,3,2,0,1,0,0,0,0,0,0,0,0,0,0,0,0.6667,0.0,0.0,0.0
2023_12_06_mit-judenhass-hatte-das-massaker-nichts-zu-tun,israelis,16,13,6,0,12,4,0,0,0,0,0,1,0,0,0,0,0.375,0.0,0.25,2.5
2023_12_06_mit-judenhass-hatte-das-massaker-nichts-zu-tun,palestinians,7,7,4,0,1,0,0,0,0,0,0,0,0,0,0,0,0.5714,0.0,0.0,0.0
2023_12_06_un-chef-dringt-auf-waffenstillstand,israelis,2,2,1,0,0,0,0,0,0,0,0,0,0,0,0,2,0.5,0.0,0.0,-2.0
2023_12_06_un-chef-dringt-auf-waffenstillstand,palestinians,1,1,1,0,0,0,0,0,0,0,0,0,0,0,0,2,1.0,0.0,0.0,-2.0
2023_12_06_wir-bekennen-uns-zur-freien-meinungs-u-erung-auch-wenn-sie-hasserf-llt-ist,israelis,4,3,3,0,3,1,0,0,0,0,0,0,0,0,0,0,0.75,0.0,0.25,0.0
2023_12_06_wir-bekennen-uns-zur-freien-meinungs-u-erung-auch-wenn-sie-hasserf-llt-ist,palestinians,1,1,1,0,2,1,0,0,0,0,0,0,0,0,0,0,1.0,0.0,1.0,0.0
2023_12_06_wir-werden-nicht-vergessen-und-wir-werden-nicht-vergeben,israelis,5,5,2,0,2,1,0,0,0,0,0,0,0,0,1,0,0.4,0.0,0.2,0.5
2023_12_06_wir-werden-nicht-vergessen-und-wir-werden-nicht-vergeben,palestinians,4,4,1,0,2,1,0,0,0,0,0,0,0,0,0,0,0.25,0.0,0.25,0.0
2023_12_06_zwei-monate-krieg-in-nahost-im-nebel-der-gefechte,israelis,3,3,3,0,0,0,0,0,0,0,0,0,0,0,0,0,1.0,0.0,0.0,0.0
2023_12_06_zwei-monate-krieg-in-nahost-im-nebel-der-gefechte,palestinians,3,3,1,0,0,0,0,0,0,0,0,0,0,0,0,0,0.3333,0.0,0.0,0.0
2023_12_07_ein-berw-ltigender-krafteinsatz,israelis,5,5,2,0,0,1,0,0,0,0,0,0,0,0,1,0,0.4,0.0,0.2,0.5
2023_12_07_ein-berw-ltigender-krafteinsatz,palestinians,4,4,1,0,0,1,0,0,0,0,0,0,0,0,0,0,0.25,0.0,0.25,0.0
2023_12_07_eine-z-sur-im-nahen-osten,israelis,23,23,14,0,0,0,0,1,0,0,0,0,0,0,0,2,0.6087,0.0,0.0,-0.5
2023_12_07_eine-z-sur-im-nahen-osten,palestinians,4,4,2,2,0,0,0,0,0,0,0,0,0,0,1,0,0.5,0.5,0.0,1.5
2023_12_07_er-hat-berlebt-in-seiner-kreativit-t,palestinians,1,1,0,0,0,0,0,0,0,0,0,0,0,0,0,0,0.0,0.0,0.0,0.0
2023_12_07_f-r-unsere-heilige-rache,israelis,1,1,0,0,0,0,0,0,0,0,0,0,0,0,0,0,0.0,0.0,0.0,0.0
2023_12_07_f-r-unsere-heilige-rache,palestinians,1,1,1,0,0,0,0,0,0,0,0,0,0,0,0,0,1.0,0.0,0.0,0.0
2023_12_07_geteiltes-leid,general_journalists,6,6,6,2,0,2,0,0,0,0,0,0,0,0,0,1,1.0,0.3333,0.3333,0.0
2023_12_07_geteiltes-leid,israelis,3,3,2,1,0,0,0,0,0,0,0,0,0,0,0,0,0.6667,0.3333,0.0,0.5
2023_12_07_geteiltes-leid,palestinians,2,2,1,0,0,0,0,0,0,0,0,0,0,0,0,0,0.5,0.0,0.0,0.0
2023_12_07_greta-thunbergs-tiefer-fall,general_journalists,1,1,0,0,0,1,0,0,0,0,0,0,0,0,0,0,0.0,0.0,1.0,0.0
2023_12_07_greta-thunbergs-tiefer-fall,israelis,2,2,2,0,0,0,0,0,0,0,0,0,0,0,0,0,1.0,0.0,0.0,0.0
2023_12_07_greta-thunbergs-tiefer-fall,palestinians,7,7,6,0,0,4,0,0,2,0,0,1,0,0,0,0,0.8571,0.0,0.5714,6.5
2023_12_07_ihr-seid-die-n-chsten,general_journalists,3,3,2,0,0,0,0,0,0,0,0,0,0,0,0,0,0.6667,0.0,0.0,0.0
2023_12_07_ihr-seid-die-n-chsten,israelis,15,13,5,0,0,3,0,0,0,0,0,1,0,0,0,0,0.3333,0.0,0.2,2.5
2023_12_07_ihr-seid-die-n-chsten,palestinians,7,7,3,0,0,1,0,0,0,0,0,0,0,0,0,0,0.4286,0.0,0.1429,0.0
2023_12_07_putin-auf-der-lspur,israelis,2,2,0,1,0,0,0,0,0,0,0,0,0,0,0,0,0.0,0.5,0.0,0.5
2023_12_07_putin-auf-der-lspur,palestinians,4,4,1,0,0,0,0,0,0,0,0,0,0,0,0,0,0.25,0.0,0.0,0.0
2023_12_07_viele-wahlm-glichkeiten-keine-entscheidungen,palestinians,1,1,1,0,0,0,0,0,0,0,0,0,0,0,0,0,1.0,0.0,0.0,0.0
2023_12_07_wir-sprechen-von-einer-terrororganisation-die-uns-ausl-schen-will,general_journalists,1,1,0,0,0,0,0,0,0,0,0,0,0,0,0,0,0.0,0.0,0.0,0.0
2023_12_07_wir-sprechen-von-einer-terrororganisation-die-uns-ausl-schen-will,israelis,3,3,1,1,2,1,0,0,0,0,0,0,0,0,0,0,0.3333,0.3333,0.3333,0.5
2023_12_07_wir-sprechen-von-einer-terrororganisation-die-uns-ausl-schen-will,palestinians,4,4,3,1,3,1,0,0,0,0,0,0,0,0,0,0,0.75,0.25,0.25,0.5
2023_12_08_al-sisi-profitiert-von-der-krise,israelis,3,3,1,0,2,1,0,0,0,0,0,0,0,0,0,0,0.3333,0.0,0.3333,0.0
2023_12_08_al-sisi-profitiert-von-der-krise,palestinians,9,8,2,0,4,1,0,0,0,0,0,0,0,0,0,0,0.2222,0.0,0.1111,0.0
2023_12_08_bilder-von-gefangenen-sorgen-f-r-debatte,general_journalists,4,4,3,0,2,1,0,0,0,0,0,0,0,0,0,0,0.75,0.0,0.25,0.0
2023_12_08_bilder-von-gefangenen-sorgen-f-r-debatte,israelis,5,5,3,1,2,1,0,0,0,0,0,0,0,0,0,0,0.6,0.2,0.2,0.5
2023_12_08_bilder-von-gefangenen-sorgen-f-r-debatte,palestinians,2,2,2,0,2,1,0,0,0,0,0,0,0,0,0,0,1.0,0.0,0.5,0.0
2023_12_08_chan-yunis-wird-zum-schlachtfeld,general_journalists,1,1,1,0,0,0,0,0,0,0,0,0,0,0,0,1,1.0,0.0,0.0,-1.0
2023_12_08_chan-yunis-wird-zum-schlachtfeld,israelis,8,8,3,2,0,1,0,0,0,0,0,0,0,0,0,1,0.375,0.25,0.125,0.0
2023_12_08_chan-yunis-wird-zum-schlachtfeld,palestinians,1,1,1,0,0,0,0,0,0,0,0,0,0,0,0,0,1.0,0.0,0.0,0.0
2023_12_08_das-gr-te-geschenk-f-r-putin,israelis,3,3,2,0,0,0,0,0,0,0,0,0,0,0,0,0,0.6667,0.0,0.0,0.0
2023_12_08_der-genozid-vorwurf-gegen-israel-trifft-nicht-zu,israelis,5,5,3,1,0,0,0,0,0,0,0,0,0,0,0,0,0.6,0.2,0.0,0.5
2023_12_08_der-genozid-vorwurf-gegen-israel-trifft-nicht-zu,palestinians,3,3,1,0,2,1,0,0,0,0,0,0,0,0,0,4,0.3333,0.0,0.3333,-4.0
2023_12_08_der-nahost-konflikt-ganz-nah,israelis,8,8,2,0,5,2,0,0,0,0,0,0,0,0,0,1,0.25,0.0,0.25,-1.0
2023_12_08_der-nahost-konflikt-ganz-nah,palestinians,1,1,1,0,0,0,0,0,0,0,0,0,0,0,0,0,1.0,0.0,0.0,0.0
2023_12_08_familie-abujadallah-lebt-nicht-mehr,israelis,3,3,1,0,0,0,0,0,0,0,0,0,0,0,0,0,0.3333,0.0,0.0,0.0
2023_12_08_familie-abujadallah-lebt-nicht-mehr,palestinians,18,16,8,0,0,2,0,0,0,0,0,0,0,0,2,9,0.4444,0.0,0.1111,-8.0
2023_12_08_geiselhaft,israelis,1,1,1,0,0,0,0,0,0,0,0,0,0,0,0,2,1.0,0.0,0.0,-2.0
2023_12_08_geiselhaft,palestinians,2,2,0,0,0,0,0,0,0,0,0,0,0,0,0,2,0.0,0.0,0.0,-2.0
2023_12_08_hier-spielt-die-musik,general_journalists,1,1,0,0,0,0,0,0,0,0,0,0,0,0,0,0,0.0,0.0,0.0,0.0
2023_12_08_hier-spielt-die-musik,palestinians,1,1,0,0,0,1,0,0,0,0,0,0,0,0,0,0,0.0,0.0,1.0,0.0
2023_12_08_in-zeiten-wie-diesen,palestinians,1,1,0,0,0,0,0,0,0,0,0,0,0,0,0,0,0.0,0.0,0.0,0.0
2023_12_08_nachrichten-vom-8-dezember-2023,general_journalists,1,1,0,0,0,0,0,0,0,0,0,0,0,0,0,0,0.0,0.0,0.0,0.0
2023_12_08_nachrichten-vom-8-dezember-2023,israelis,2,2,1,0,2,1,0,0,0,0,0,0,0,0,0,0,0.5,0.0,0.5,0.0
2023_12_08_nachrichten-vom-8-dezember-2023,palestinians,4,4,1,0,2,1,0,0,0,0,0,0,0,0,2,1,0.25,0.0,0.25,0.0
2023_12_08_wir-zielen-nicht-auf-journalisten,general_journalists,13,11,8,2,8,3,0,0,0,0,0,0,0,0,0,0,0.6154,0.1538,0.2308,1.0
2023_12_08_wir-zielen-nicht-auf-journalisten,israelis,11,11,6,1,6,3,0,0,0,0,0,0,0,0,0,0,0.5455,0.0909,0.2727,0.5
2023_12_08_wir-zielen-nicht-auf-journalisten,palestinians,1,1,1,0,0,0,0,0,0,0,0,0,0,0,0,0,1.0,0.0,0.0,0.0
2023_12_09_gewinner-der-krise,israelis,3,3,1,0,0,1,0,0,0,0,0,0,0,0,0,0,0.3333,0.0,0.3333,0.0
2023_12_09_gewinner-der-krise,palestinians,9,9,2,0,0,1,0,0,0,0,0,0,0,0,0,0,0.2222,0.0,0.1111,0.0
2023_12_09_journalisten-unter-beschuss,general_journalists,11,9,6,2,0,3,0,0,0,0,0,0,0,0,0,0,0.5455,0.1818,0.2727,1.0
2023_12_09_journalisten-unter-beschuss,israelis,10,10,5,1,0,3,0,0,0,0,0,0,0,0,0,0,0.5,0.1,0.3,0.5
2023_12_09_scholz-fordert-von-netanjahu-mehr-humanit-re-hilfe-f-r-gaza,palestinians,1,1,0,0,0,0,0,0,0,0,0,0,0,0,0,0,0.0,0.0,0.0,0.0
2023_12_09_v-lkermord-ist-das-nicht,israelis,5,5,3,1,0,0,0,0,0,0,0,0,0,0,0,0,0.6,0.2,0.0,0.5
2023_12_09_v-lkermord-ist-das-nicht,palestinians,3,3,1,0,0,1,0,0,0,0,0,0,0,0,0,4,0.3333,0.0,0.3333,-4.0
2023_12_10_die-fortsetzung-des-krieges-mit-bildern,general_journalists,5,5,3,0,5,2,0,0,0,0,0,0,0,0,0,0,0.6,0.0,0.4,0.0
2023_12_10_die-fortsetzung-des-krieges-mit-bildern,israelis,6,6,1,1,4,2,0,0,0,0,0,0,0,0,0,0,0.1667,0.1667,0.3333,0.5
2023_12_10_dreit-gige-pr-sidentenwahl-hat-begonnen,palestinians,4,4,3,0,0,0,0,0,0,0,1,0,0,0,0,0,0.75,0.0,0.0,2.5
2023_12_10_h-lle-auf-erden,israelis,4,4,1,1,0,1,0,0,0,0,0,0,0,0,0,0,0.25,0.25,0.25,0.5
2023_12_10_h-lle-auf-erden,palestinians,3,3,1,0,0,1,0,0,0,0,0,0,0,0,0,0,0.3333,0.0,0.3333,0.0
2023_12_10_nachrichten-am-10-dezember-2023,israelis,1,1,0,0,0,0,0,0,0,0,0,0,0,0,0,0,0.0,0.0,0.0,0.0
2023_12_10_und-nun-auch-noch-bilder-wie-aus-abu-ghraib,israelis,5,5,3,0,0,0,0,0,0,0,0,0,0,0,0,0,0.6,0.0,0.0,0.0
2023_12_10_und-nun-auch-noch-bilder-wie-aus-abu-ghraib,palestinians,4,4,0,0,0,0,0,0,0,0,0,0,0,0,0,0,0.0,0.0,0.0,0.0
2023_12_10_zwei-drittel-zivilisten-ein-drittel-k-mpfer,israelis,3,3,3,0,6,1,0,0,0,0,0,0,0,0,0,0,1.0,0.0,0.3333,0.0
2023_12_10_zwei-drittel-zivilisten-ein-drittel-k-mpfer,palestinians,5,5,1,0,7,2,0,0,0,0,0,0,0,0,0,0,0.2,0.0,0.4,0.0
2023_12_11_bilder-wie-aus-abu-ghraib,israelis,4,4,3,0,0,0,0,0,0,0,0,0,0,0,0,0,0.75,0.0,0.0,0.0
2023_12_11_bilder-wie-aus-abu-ghraib,palestinians,2,2,0,0,0,0,0,0,0,0,0,0,0,0,0,0,0.0,0.0,0.0,0.0
2023_12_11_der-genozid-der-anderen,general_journalists,1,1,1,0,0,1,0,0,0,0,0,0,0,0,0,0,1.0,0.0,1.0,0.0
2023_12_11_die-entschuldigung-kommt-wom-glich-zu-sp-t,israelis,1,1,1,0,0,0,0,0,0,0,0,0,0,0,0,0,1.0,0.0,0.0,0.0
2023_12_11_die-entschuldigung-kommt-wom-glich-zu-sp-t,palestinians,1,1,1,0,0,0,0,0,0,0,0,0,0,0,0,0,1.0,0.0,0.0,0.0
2023_12_11_diplomatie-aus-dem-keller,israelis,9,9,2,0,1,0,0,0,0,0,0,0,0,0,0,1,0.2222,0.0,0.0,-1.0
2023_12_11_diplomatie-aus-dem-keller,palestinians,2,2,0,0,0,0,0,0,0,0,0,0,0,0,0,0,0.0,0.0,0.0,0.0
2023_12_11_im-schatten-von-gaza,israelis,6,6,4,0,0,1,0,0,0,0,0,0,0,0,0,0,0.6667,0.0,0.1667,0.0
2023_12_11_im-schatten-von-gaza,palestinians,5,5,1,0,0,0,0,0,0,0,0,0,0,0,0,0,0.2,0.0,0.0,0.0
2023_12_11_krieg-der-bilder,general_journalists,4,4,2,0,0,2,0,0,0,0,0,0,0,0,0,0,0.5,0.0,0.5,0.0
2023_12_11_krieg-der-bilder,israelis,6,6,1,0,0,1,0,0,0,0,0,0,0,0,0,1,0.1667,0.0,0.1667,-1.0
2023_12_11_krieg-der-bilder,palestinians,1,1,1,0,0,0,0,0,0,0,0,0,0,0,0,0,1.0,0.0,0.0,0.0
2023_12_11_man-soll-nicht-auf-das-leben-verzichten,israelis,6,6,2,0,2,1,0,0,0,0,0,0,0,0,0,0,0.3333,0.0,0.1667,0.0
2023_12_11_man-soll-nicht-auf-das-leben-verzichten,palestinians,1,1,0,0,2,1,0,0,0,0,0,0,0,0,0,0,0.0,0.0,1.0,0.0
2023_12_11_netanjahu-kritisiert-russlands-haltung,israelis,3,3,3,0,0,0,0,0,0,0,0,0,0,0,0,0,1.0,0.0,0.0,0.0
2023_12_11_netanjahu-kritisiert-russlands-haltung,palestinians,3,2,2,2,0,0,0,0,0,0,0,0,0,0,0,0,0.6667,0.6667,0.0,1.0
2023_12_11_usa-besorgt-berichte-ber-israels-einsatz-von-wei-em-phosphor,israelis,1,1,0,0,0,0,0,0,0,0,0,0,0,0,0,0,0.0,0.0,0.0,0.0
2023_12_11_wir-brauchen-das-gef-hl-nicht-allein-zu-stehen,israelis,11,9,7,0,18,6,0,0,0,0,0,0,0,0,1,1,0.6364,0.0,0.5455,-0.5
2023_12_12_antisemitismus-in-deutschland-weitverbreitet,israelis,5,5,5,1,0,0,0,0,0,0,0,0,0,0,0,0,1.0,0.2,0.0,0.5
2023_12_12_antisemitismus-in-deutschland-weitverbreitet,palestinians,2,2,0,0,0,0,0,0,0,0,0,0,0,0,0,0,0.0,0.0,0.0,0.0
2023_12_12_brennpunkt-rotes-meer,israelis,7,6,4,0,0,3,0,0,0,0,0,0,0,0,0,0,0.5714,0.0,0.4286,0.0
2023_12_12_brennpunkt-rotes-meer,palestinians,1,1,0,0,0,0,0,0,0,0,0,0,0,0,0,0,0.0,0.0,0.0,0.0
2023_12_12_claudine-gay,israelis,1,1,1,0,0,0,0,0,0,0,0,0,0,0,0,0,1.0,0.0,0.0,0.0
2023_12_12_claudine-gay,palestinians,1,1,1,0,0,0,0,0,0,0,0,0,0,0,0,0,1.0,0.0,0.0,0.0
2023_12_12_das-gef-hl-nicht-allein-zu-stehen,israelis,10,9,6,0,0,4,0,0,0,0,0,0,0,0,1,1,0.6,0.0,0.4,-0.5
2023_12_12_das-problemtuch,israelis,7,7,2,1,0,3,0,0,0,0,0,0,0,0,0,0,0.2857,0.1429,0.4286,0.5
2023_12_12_das-problemtuch,palestinians,2,2,2,0,0,1,0,0,0,0,0,0,0,0,0,0,1.0,0.0,0.5,0.0
2023_12_12_der-minister-der-den-sohn-und-den-neffen-verlor,israelis,4,4,2,1,0,0,1,0,0,0,0,0,0,0,0,0,0.5,0.25,0.0,2.5
2023_12_12_formel-des-grauens,israelis,2,2,2,0,0,1,0,0,0,0,0,0,0,0,0,0,1.0,0.0,0.5,0.0
2023_12_12_formel-des-grauens,palestinians,4,4,0,0,0,2,0,0,0,0,0,0,0,0,1,0,0.0,0.0,0.5,0.5
2023_12_12_israel-soll-laut-us-medien-flutung-von-hamas-tunneln-testen,israelis,1,1,1,0,0,0,0,0,0,0,0,0,0,0,0,0,1.0,0.0,0.0,0.0
2023_12_12_israel-soll-laut-us-medien-flutung-von-hamas-tunneln-testen,palestinians,1,1,0,0,0,0,0,0,0,0,0,0,0,0,0,0,0.0,0.0,0.0,0.0
2023_12_12_jeder-will-den-anderen-zerst-ren,israelis,5,5,3,0,2,1,0,0,0,0,0,0,0,0,0,0,0.6,0.0,0.2,0.0
2023_12_12_jeder-will-den-anderen-zerst-ren,palestinians,8,8,7,1,4,2,0,0,0,0,0,0,0,0,0,4,0.875,0.125,0.25,-3.5
2023_12_12_kellerdiplomatie,israelis,10,10,3,0,0,0,0,0,0,0,0,0,0,0,0,1,0.3,0.0,0.0,-1.0
2023_12_12_kellerdiplomatie,palestinians,1,1,0,0,0,0,0,0,0,0,0,0,0,0,0,0,0.0,0.0,0.0,0.0
2023_12_12_nachrichten-am-12-dezember-2023,general_journalists,1,1,1,0,0,0,0,0,0,0,0,0,0,0,0,0,1.0,0.0,0.0,0.0
2023_12_12_nachrichten-am-12-dezember-2023,israelis,2,2,1,0,0,0,0,0,0,0,0,0,0,0,0,0,0.5,0.0,0.0,0.0
2023_12_12_nachrichten-am-12-dezember-2023,palestinians,1,1,0,0,0,0,0,0,0,0,0,0,0,0,0,0,0.0,0.0,0.0,0.0
2023_12_12_so-viel-leid,israelis,12,12,7,0,0,0,0,0,0,0,0,0,0,0,0,0,0.5833,0.0,0.0,0.0
2023_12_12_so-viel-leid,palestinians,2,2,1,0,0,0,0,0,0,0,0,0,0,0,0,0,0.5,0.0,0.0,0.0
2023_12_13_auf-der-suche-nach-einer-l-sung,israelis,8,7,4,0,14,4,0,0,0,0,0,0,0,0,0,0,0.5,0.0,0.5,0.0
2023_12_13_auf-der-suche-nach-einer-l-sung,palestinians,6,6,2,0,6,2,0,0,0,0,0,0,0,0,0,2,0.3333,0.0,0.3333,-2.0
2023_12_13_biden-und-netanjahu-tragen-ffentlich-ihre-kontroversen-aus,general_journalists,2,2,2,0,2,1,0,0,0,0,0,0,0,0,0,0,1.0,0.0,0.5,0.0
2023_12_13_biden-und-netanjahu-tragen-ffentlich-ihre-kontroversen-aus,israelis,11,11,8,1,10,3,0,0,0,0,0,0,0,0,0,0,0.7273,0.0909,0.2727,0.5
2023_12_13_biden-und-netanjahu-tragen-ffentlich-ihre-kontroversen-aus,palestinians,5,4,2,1,8,2,0,0,0,0,0,0,0,0,0,0,0.4,0.2,0.4,0.5
2023_12_13_bremer-senat-und-b-ll-stiftung-gegen-preisverleihung,palestinians,2,2,0,0,0,0,0,0,0,0,0,0,0,0,0,0,0.0,0.0,0.0,0.0
2023_12_13_der-mann-der-angeblich-zum-dritten-mal-fast-97-prozent-bekam,general_journalists,1,1,0,0,0,0,0,0,0,0,0,0,0,0,0,0,0.0,0.0,0.0,0.0
2023_12_13_der-mann-der-angeblich-zum-dritten-mal-fast-97-prozent-bekam,israelis,1,1,0,0,0,0,0,0,0,0,0,0,0,0,0,0,0.0,0.0,0.0,0.0
2023_12_13_der-mann-der-angeblich-zum-dritten-mal-fast-97-prozent-bekam,palestinians,7,6,3,0,0,0,0,0,0,0,0,0,0,0,0,0,0.4286,0.0,0.0,0.0
2023_12_13_dieser-druck-aus-dem-wei-en-haus,israelis,7,7,2,0,4,2,0,0,0,0,0,0,0,0,0,0,0.2857,0.0,0.2857,0.0
2023_12_13_dieser-druck-aus-dem-wei-en-haus,palestinians,5,4,4,0,6,2,0,0,0,0,0,0,0,0,0,0,0.8,0.0,0.4,0.0
2023_12_13_ein-deutliches-zeichen-an-israel,israelis,20,19,14,0,2,1,0,0,0,0,0,0,0,0,0,1,0.7,0.0,0.05,-1.0
2023_12_13_ein-deutliches-zeichen-an-israel,palestinians,10,10,3,0,4,2,0,0,0,0,0,0,0,0,1,0,0.3,0.0,0.2,0.5
2023_12_13_gadi-eisenkot,israelis,3,3,1,1,0,0,1,0,0,0,0,0,0,0,0,0,0.3333,0.3333,0.0,2.5
2023_12_13_gadi-eisenkot,palestinians,1,1,0,0,0,0,0,0,0,0,0,0,0,0,0,0,0.0,0.0,0.0,0.0
2023_12_13_humanit-re-hilfe-in-gaza-fast-eingestellt,palestinians,2,2,1,0,0,0,0,0,0,0,0,0,0,0,0,0,0.5,0.0,0.0,0.0
2023_12_13_schmerzhafter-spagat,israelis,15,15,7,2,8,4,0,0,0,0,0,0,0,0,0,0,0.4667,0.1333,0.2667,1.0
2023_12_13_schmerzhafter-spagat,palestinians,2,2,2,0,2,1,0,0,0,0,0,0,0,0,0,0,1.0,0.0,0.5,0.0
2023_12_13_vermittler-in-wartestellung,israelis,5,5,3,0,0,0,0,0,0,0,0,0,0,0,0,0,0.6,0.0,0.0,0.0
2023_12_13_vermittler-in-wartestellung,palestinians,8,8,7,1,0,2,0,0,0,0,0,0,0,0,0,4,0.875,0.125,0.25,-3.5
2023_12_14_abdel-fattah-al-sisi,general_journalists,1,1,0,0,0,0,0,0,0,0,0,0,0,0,0,0,0.0,0.0,0.0,0.0
2023_12_14_abdel-fattah-al-sisi,israelis,1,1,0,0,0,0,0,0,0,0,0,0,0,0,0,0,0.0,0.0,0.0,0.0
2023_12_14_abdel-fattah-al-sisi,palestinians,7,6,3,0,0,0,0,0,0,0,0,0,0,0,0,0,0.4286,0.0,0.0,0.0
2023_12_14_deutliches-zeichen-an-israel,israelis,18,17,13,0,0,1,0,0,0,0,0,0,0,0,0,1,0.7222,0.0,0.0556,-1.0
2023_12_14_deutliches-zeichen-an-israel,palestinians,10,10,3,0,0,2,0,0,0,0,0,0,0,0,1,0,0.3,0.0,0.2,0.5
2023_12_14_die-hamas-hat-das-nicht-gemacht,general_journalists,2,2,2,0,4,2,0,0,0,0,0,0,0,0,0,0,1.0,0.0,1.0,0.0
2023_12_14_die-hamas-hat-das-nicht-gemacht,israelis,11,11,3,1,11,3,0,0,1,0,0,0,0,0,0,0,0.2727,0.0909,0.2727,2.5
2023_12_14_die-hamas-hat-das-nicht-gemacht,palestinians,3,3,0,0,4,1,0,0,1,0,0,0,0,0,0,0,0.0,0.0,0.3333,2.0
2023_12_14_dieser-druck-aus-washington,israelis,6,6,1,0,0,2,0,0,0,0,0,0,0,0,0,0,0.1667,0.0,0.3333,0.0
2023_12_14_dieser-druck-aus-washington,palestinians,4,3,3,0,0,1,0,0,0,0,0,0,0,0,0,0,0.75,0.0,0.25,0.0
2023_12_14_jetzt-sind-die-masken-ab,israelis,19,19,5,0,2,1,0,0,0,0,0,0,0,0,0,0,0.2632,0.0,0.0526,0.0
2023_12_14_jetzt-sind-die-masken-ab,palestinians,2,2,1,0,0,0,0,0,0,0,0,0,0,0,0,0,0.5,0.0,0.0,0.0
2023_12_14_l-sungssuche,israelis,8,7,4,0,0,4,0,0,0,0,0,0,0,0,0,0,0.5,0.0,0.5,0.0
2023_12_14_l-sungssuche,palestinians,6,6,2,0,0,2,0,0,0,0,0,0,0,0,0,2,0.3333,0.0,0.3333,-2.0
2023_12_14_manche-politiker-sagen-das-sei-kein-terrorismus-hier-ist-der-beleg,general_journalists,2,2,1,0,0,0,0,0,0,0,0,0,0,0,0,0,0.5,0.0,0.0,0.0
2023_12_14_manche-politiker-sagen-das-sei-kein-terrorismus-hier-ist-der-beleg,israelis,12,12,5,0,8,3,0,0,0,0,0,0,0,0,1,0,0.4167,0.0,0.25,0.5
2023_12_14_manche-politiker-sagen-das-sei-kein-terrorismus-hier-ist-der-beleg,palestinians,1,1,0,0,0,0,0,0,0,0,0,0,0,0,1,0,0.0,0.0,0.0,0.5
2023_12_14_netanjahus-kalk-l-hei-t-zeit-gewinnen-und-an-der-macht-bleiben,israelis,9,9,5,2,0,0,0,0,0,0,0,0,0,0,0,0,0.5556,0.2222,0.0,1.0
2023_12_14_netanjahus-kalk-l-hei-t-zeit-gewinnen-und-an-der-macht-bleiben,palestinians,3,3,2,0,4,2,0,0,0,0,0,0,0,0,0,0,0.6667,0.0,0.6667,0.0
2023_12_14_tr-stliches-f-r-die-weihnachtszeit,palestinians,1,1,0,0,0,0,0,0,0,0,0,0,0,0,0,0,0.0,0.0,0.0,0.0
2023_12_14_vorw-rtsverteidigung,israelis,2,2,0,0,0,0,0,0,0,0,0,0,0,0,0,0,0.0,0.0,0.0,0.0
2023_12_14_vorw-rtsverteidigung,palestinians,1,1,0,0,0,0,0,0,0,0,0,0,0,0,0,0,0.0,0.0,0.0,0.0
2023_12_14_wie-beim-russischen-roulette,general_journalists,1,1,1,0,0,0,0,0,0,0,0,0,0,0,0,0,1.0,0.0,0.0,0.0
2023_12_14_wie-beim-russischen-roulette,israelis,3,3,2,0,7,2,0,0,0,0,0,0,0,0,0,0,0.6667,0.0,0.6667,0.0
2023_12_14_wie-beim-russischen-roulette,palestinians,2,2,2,0,0,0,0,0,0,0,0,0,0,0,0,0,1.0,0.0,0.0,0.0
2023_12_15_die-deutschen-k-nnen-ihr-problem-ihre-obsession-mit-den-juden-nicht-absch-tteln,general_journalists,3,3,1,1,0,1,0,0,0,0,0,0,0,0,0,0,0.3333,0.3333,0.3333,0.5
2023_12_15_die-deutschen-k-nnen-ihr-problem-ihre-obsession-mit-den-juden-nicht-absch-tteln,israelis,12,12,7,0,0,0,0,0,0,0,0,0,0,0,0,0,0.5833,0.0,0.0,0.0
2023_12_15_die-deutschen-k-nnen-ihr-problem-ihre-obsession-mit-den-juden-nicht-absch-tteln,palestinians,3,3,0,0,0,0,0,0,0,0,0,0,0,0,0,0,0.0,0.0,0.0,0.0
2023_12_15_die-erinnerung-f-llt-so-schwer,israelis,1,1,0,0,0,0,0,0,0,0,0,0,0,0,0,0,0.0,0.0,0.0,0.0
2023_12_15_die-erinnerung-f-llt-so-schwer,palestinians,4,4,2,0,0,1,0,0,0,0,0,0,0,0,1,0,0.5,0.0,0.25,0.5
2023_12_15_die-klimakrise-ist-viel-zu-dr-ngend,palestinians,2,2,1,0,2,1,0,0,0,0,0,0,0,0,0,0,0.5,0.0,0.5,0.0
2023_12_15_ein-wahrer-verb-ndeter-des-staates-israel,general_journalists,2,2,1,0,0,0,0,0,0,0,0,0,0,0,0,0,0.5,0.0,0.0,0.0
2023_12_15_ein-wahrer-verb-ndeter-des-staates-israel,israelis,11,11,4,0,0,4,0,0,0,0,0,0,0,0,1,0,0.3636,0.0,0.3636,0.5
2023_12_15_ein-wahrer-verb-ndeter-des-staates-israel,palestinians,1,1,0,0,0,0,0,0,0,0,0,0,0,0,1,0,0.0,0.0,0.0,0.5
2023_12_15_jeder-tag-da-ist-wie-die-h-lle,general_journalists,1,1,1,0,0,0,0,0,0,0,0,0,0,0,0,0,1.0,0.0,0.0,0.0
2023_12_15_jeder-tag-da-ist-wie-die-h-lle,israelis,5,5,3,0,0,1,0,0,0,0,0,0,0,0,0,0,0.6,0.0,0.2,0.0
2023_12_15_jeder-tag-da-ist-wie-die-h-lle,palestinians,3,3,2,0,0,0,0,0,0,0,0,0,0,0,0,0,0.6667,0.0,0.0,0.0
2023_12_15_nachrichten-vom-15-dezember-2023,israelis,2,2,0,0,2,1,0,0,0,0,0,0,0,0,0,0,0.0,0.0,0.5,0.0
2023_12_15_nachrichten-vom-15-dezember-2023,palestinians,1,1,1,0,2,1,0,0,0,0,0,0,0,0,0,0,1.0,0.0,1.0,0.0
2023_12_15_netanjahus-kalk-l,israelis,6,6,4,2,0,0,0,0,0,0,0,0,0,0,0,0,0.6667,0.3333,0.0,1.0
2023_12_15_netanjahus-kalk-l,palestinians,3,3,2,0,0,2,0,0,0,0,0,0,0,0,0,0,0.6667,0.0,0.6667,0.0
2023_12_15_nun-sprechen-die-festgenommenen,general_journalists,7,7,1,0,0,0,0,0,0,0,0,0,0,0,0,2,0.1429,0.0,0.0,-2.0
2023_12_15_nun-sprechen-die-festgenommenen,israelis,6,6,4,0,0,1,0,0,0,0,0,0,0,0,0,1,0.6667,0.0,0.1667,-1.0
2023_12_15_nun-sprechen-die-festgenommenen,palestinians,10,10,7,1,0,1,0,0,0,0,0,0,0,0,0,2,0.7,0.1,0.1,-1.5
2023_12_15_sch-nes-wochenende,israelis,15,14,2,0,0,9,0,0,0,0,0,0,0,0,0,0,0.1333,0.0,0.6,0.0
2023_12_15_sch-nes-wochenende,palestinians,3,3,0,0,0,1,0,0,0,0,0,0,0,0,0,0,0.0,0.0,0.3333,0.0
2023_12_15_theaterleitung-festgenommen,general_journalists,1,1,0,0,0,0,0,0,0,0,0,0,0,0,0,0,0.0,0.0,0.0,0.0
2023_12_15_theaterleitung-festgenommen,israelis,3,3,0,0,4,2,0,0,0,0,0,0,0,0,0,0,0.0,0.0,0.6667,0.0
2023_12_15_theaterleitung-festgenommen,palestinians,3,3,1,0,0,0,0,0,0,0,0,0,0,0,0,0,0.3333,0.0,0.0,0.0
2023_12_15_warum-ich-einen-roten-fingernagel-trage,israelis,1,1,0,0,0,0,0,0,0,0,0,0,0,0,0,0,0.0,0.0,0.0,0.0
2023_12_15_warum-ich-einen-roten-fingernagel-trage,palestinians,3,3,3,0,0,0,0,0,0,0,0,0,0,0,0,0,1.0,0.0,0.0,0.0
2023_12_15_wortgewalt,israelis,10,10,4,0,0,6,0,0,0,0,0,0,0,0,0,0,0.4,0.0,0.6,0.0
2023_12_15_wortgewalt,palestinians,5,5,3,1,0,1,0,0,1,0,0,0,0,0,0,0,0.6,0.2,0.2,2.5
2023_12_16_bilder-die-die-welt-bewegen,general_journalists,6,6,3,0,0,0,0,0,0,0,0,0,0,0,0,2,0.5,0.0,0.0,-2.0
2023_12_16_bilder-die-die-welt-bewegen,israelis,6,6,4,0,0,1,0,0,0,0,0,0,0,0,0,1,0.6667,0.0,0.1667,-1.0
2023_12_16_bilder-die-die-welt-bewegen,palestinians,7,7,6,1,0,1,0,0,0,0,0,0,0,0,0,4,0.8571,0.1429,0.1429,-3.5
2023_12_16_der-fingernagel,israelis,1,1,0,0,0,0,0,0,0,0,0,0,0,0,0,0,0.0,0.0,0.0,0.0
2023_12_16_der-fingernagel,palestinians,3,3,3,0,0,0,0,0,0,0,0,0,0,0,0,0,1.0,0.0,0.0,0.0
2023_12_16_die-klimakrise-ist-zu-dr-ngend,palestinians,2,2,1,0,0,1,0,0,0,0,0,0,0,0,0,0,0.5,0.0,0.5,0.0
2023_12_16_es-gibt-bislang-keinen-zweiten-holocaust,israelis,7,7,3,0,0,0,0,0,1,0,1,0,0,0,0,0,0.4286,0.0,0.0,4.5
2023_12_16_es-gibt-bislang-keinen-zweiten-holocaust,palestinians,10,8,6,0,0,2,0,0,2,0,2,0,0,0,0,0,0.6,0.0,0.2,9.0
2023_12_16_ist-es-euch-ernst,israelis,6,6,1,0,0,5,0,0,0,0,0,0,0,0,0,0,0.1667,0.0,0.8333,0.0
2023_12_16_ist-es-euch-ernst,palestinians,3,3,2,0,0,3,0,0,0,0,0,0,0,0,0,2,0.6667,0.0,1.0,-2.0
2023_12_16_mehr-hamas-unterst-tzung,israelis,3,3,3,0,0,0,0,0,0,0,0,0,0,0,0,0,1.0,0.0,0.0,0.0
2023_12_16_mehr-hamas-unterst-tzung,palestinians,1,1,0,0,0,0,0,0,0,0,0,0,0,0,0,0,0.0,0.0,0.0,0.0
2023_12_16_schweigen-angesichts-des-schreckens,israelis,4,4,2,0,0,1,0,0,0,0,0,0,0,0,0,2,0.5,0.0,0.25,-2.0
2023_12_16_wie-hei-t-der-baum,palestinians,1,1,0,0,0,0,0,0,0,0,0,0,0,0,0,0,0.0,0.0,0.0,0.0
2023_12_17_nachrichten-am-17-dezember-2023,israelis,2,2,1,0,0,0,0,0,0,0,0,0,0,0,0,0,0.5,0.0,0.0,0.0
2023_12_17_ohne-schutz-ohne-vertrauen,general_journalists,1,1,1,0,0,0,0,0,0,0,0,0,0,0,0,0,1.0,0.0,0.0,0.0
2023_12_17_ohne-schutz-ohne-vertrauen,israelis,6,6,5,1,0,0,0,0,0,0,0,0,0,0,0,0,0.8333,0.1667,0.0,0.5
2023_12_17_ohne-schutz-ohne-vertrauen,palestinians,9,9,7,1,2,1,0,0,2,0,0,0,0,0,1,0,0.7778,0.1111,0.1111,5.0
2023_12_17_verzweiflungsnuancen-und-hoffnungsschimmer,palestinians,1,1,0,0,0,0,0,0,0,0,0,0,0,0,0,0,0.0,0.0,0.0,0.0
2023_12_17_wir-sehen-jetzt-wie-stark-antisemitismus-weltweit-verbreitet-ist,israelis,4,4,3,0,0,0,0,0,0,0,0,0,0,0,1,0,0.75,0.0,0.0,0.5
2023_12_17_wir-sehen-jetzt-wie-stark-antisemitismus-weltweit-verbreitet-ist,palestinians,2,2,0,0,4,1,0,0,0,0,0,0,0,0,0,0,0.0,0.0,0.5,0.0
2023_12_18_flucht-ins-ungl-ck,israelis,20,20,8,1,0,2,0,0,0,0,0,0,0,0,0,3,0.4,0.05,0.1,-2.5
2023_12_18_nuancierte-gef-hle,palestinians,1,1,0,0,0,0,0,0,0,0,0,0,0,0,0,0,0.0,0.0,0.0,0.0
2023_12_18_siedlerkolonie-israel,israelis,23,22,12,7,0,7,0,0,0,0,0,0,0,0,0,0,0.5217,0.3043,0.3043,3.5
2023_12_18_siedlerkolonie-israel,palestinians,4,4,1,2,0,1,0,0,1,0,0,0,0,0,0,0,0.25,0.5,0.25,3.0
2023_12_18_t-tet-sie-nicht,general_journalists,2,2,0,0,0,0,0,0,0,0,0,0,0,0,0,0,0.0,0.0,0.0,0.0
2023_12_18_t-tet-sie-nicht,israelis,6,3,4,0,0,2,0,0,0,0,0,0,0,0,0,2,0.6667,0.0,0.3333,-2.0
2023_12_18_t-tet-sie-nicht,palestinians,5,4,3,1,0,0,0,0,0,0,0,0,0,0,0,0,0.6,0.2,0.0,0.5
2023_12_18_usa-verhandeln-ber-einsatz-im-roten-meer,israelis,14,13,9,1,0,2,0,0,0,0,0,0,0,0,0,0,0.6429,0.0714,0.1429,0.5
2023_12_18_usa-verhandeln-ber-einsatz-im-roten-meer,palestinians,1,1,1,0,0,0,0,0,0,0,0,0,0,0,0,0,1.0,0.0,0.0,0.0
2023_12_18_wie-der-nahostkonflikt-m-nchen-bewegt,israelis,6,5,6,1,0,4,0,0,0,0,0,0,0,0,1,2,1.0,0.1667,0.6667,-1.0
2023_12_18_wie-der-nahostkonflikt-m-nchen-bewegt,palestinians,2,2,1,1,0,2,0,0,0,0,0,0,0,0,0,2,0.5,0.5,1.0,-1.5
2023_12_19_amerikanische-w-nsche-treffen-auf-israelische-unbeirrtheit,israelis,10,10,5,0,6,3,0,0,1,0,0,0,0,0,0,0,0.5,0.0,0.3,2.0
2023_12_19_amerikanische-w-nsche-treffen-auf-israelische-unbeirrtheit,palestinians,5,5,4,0,4,2,0,0,1,0,0,0,0,0,0,0,0.8,0.0,0.4,2.0
2023_12_19_angriffe-im-roten-meer-usa-k-ndigen-neue-milit-rallianz-an,israelis,2,1,0,0,0,0,0,0,0,0,0,0,0,0,0,0,0.0,0.0,0.0,0.0
2023_12_19_es-geht-um-gleichheit-im-recht,israelis,4,4,1,1,2,1,0,0,0,0,0,0,0,0,0,0,0.25,0.25,0.25,0.5
2023_12_19_es-geht-um-gleichheit-im-recht,palestinians,4,4,3,0,0,0,0,0,0,0,0,0,0,0,0,1,0.75,0.0,0.0,-1.0
2023_12_19_eskalation-im-roten-meer-eine-weitere-front-im-nahost-konflikt,israelis,3,2,0,0,0,0,0,0,0,0,0,0,0,0,0,2,0.0,0.0,0.0,-2.0
2023_12_19_eskalation-im-roten-meer-eine-weitere-front-im-nahost-konflikt,palestinians,1,1,0,0,0,0,0,0,0,0,0,0,0,0,0,0,0.0,0.0,0.0,0.0
2023_12_19_manche-berlebende-denken-sie-verdienten-es-zu-leiden,israelis,5,5,2,0,10,3,0,0,0,0,0,0,0,0,0,0,0.4,0.0,0.6,0.0
2023_12_19_manche-berlebende-denken-sie-verdienten-es-zu-leiden,palestinians,6,5,5,0,1,0,0,0,0,0,0,0,0,0,0,2,0.8333,0.0,0.0,-2.0
2023_12_19_pen,palestinians,1,1,0,0,0,0,0,0,0,0,0,0,0,0,0,0,0.0,0.0,0.0,0.0
2023_12_19_trump-ist-wenigstens-ehrlich-dar-ber-dass-er-migranten-hasst,general_journalists,1,1,0,0,0,0,0,0,0,0,0,0,0,0,0,0,0.0,0.0,0.0,0.0
2023_12_19_trump-ist-wenigstens-ehrlich-dar-ber-dass-er-migranten-hasst,israelis,2,2,0,0,0,0,0,0,0,0,0,0,0,0,0,0,0.0,0.0,0.0,0.0
2023_12_19_usa-dr-ngen-israel-zu-kurswechsel,israelis,14,13,9,1,0,1,0,0,0,0,0,0,0,0,0,0,0.6429,0.0714,0.0714,0.5
2023_12_19_usa-dr-ngen-israel-zu-kurswechsel,palestinians,3,3,3,1,0,0,0,0,0,0,0,0,0,0,0,0,1.0,0.3333,0.0,0.5
2023_12_20_bidens-migrationsdilemma,general_journalists,1,1,0,0,0,0,0,0,0,0,0,0,0,0,0,0,0.0,0.0,0.0,0.0
2023_12_20_bidens-migrationsdilemma,israelis,2,2,0,0,0,0,0,0,0,0,0,0,0,0,0,0,0.0,0.0,0.0,0.0
2023_12_20_druck-h-chstens-hinter-den-kulissen,israelis,10,10,6,0,0,3,0,0,1,0,0,0,0,0,0,0,0.6,0.0,0.3,2.0
2023_12_20_druck-h-chstens-hinter-den-kulissen,palestinians,5,5,4,0,0,2,0,0,1,0,0,0,0,0,0,0,0.8,0.0,0.4,2.0
2023_12_20_ein-minister-in-gro-en-schwierigkeiten,israelis,5,5,2,1,0,0,0,0,0,0,0,0,0,0,0,0,0.4,0.2,0.0,0.5
2023_12_20_ein-minister-in-gro-en-schwierigkeiten,palestinians,1,1,0,0,0,0,0,0,0,0,0,0,0,0,0,0,0.0,0.0,0.0,0.0
2023_12_20_es-geht-um-gleichheit,israelis,4,4,1,1,0,1,0,0,0,0,0,0,0,0,0,0,0.25,0.25,0.25,0.5
2023_12_20_es-geht-um-gleichheit,palestinians,3,3,3,0,0,0,0,0,0,0,0,0,0,0,0,0,1.0,0.0,0.0,0.0
2023_12_20_nachrichten-am-20-dezember-2023,palestinians,1,1,0,0,0,0,0,0,0,0,0,0,0,0,0,1,0.0,0.0,0.0,-1.0
2023_12_20_nichts-gesagt,israelis,1,1,0,0,0,0,0,0,0,0,0,0,0,0,0,0,0.0,0.0,0.0,0.0
2023_12_20_nichts-gesagt,palestinians,11,7,8,0,0,6,0,0,5,0,0,0,0,0,1,2,0.7273,0.0,0.5455,8.5
2023_12_20_wacht-am-bab-el-mandeb,israelis,4,4,4,0,0,2,0,0,0,0,0,0,0,0,0,0,1.0,0.0,0.5,0.0
2023_12_20_wacht-am-bab-el-mandeb,palestinians,2,2,1,0,0,2,0,0,0,0,0,0,0,0,0,2,0.5,0.0,1.0,-2.0
2023_12_20_wir-m-ssen-in-richtung-zweistaatenl-sung-dr-ngen,israelis,2,2,1,0,0,0,0,0,0,0,0,0,0,0,0,0,0.5,0.0,0.0,0.0
2023_12_20_wir-m-ssen-in-richtung-zweistaatenl-sung-dr-ngen,palestinians,5,5,0,1,2,1,0,0,0,0,0,0,0,0,0,1,0.0,0.2,0.2,-0.5
2023_12_21_der-terrorismus-ist-eine-familie,israelis,9,9,4,0,1,0,0,0,0,0,0,0,0,0,0,1,0.4444,0.0,0.0,-1.0
2023_12_21_der-terrorismus-ist-eine-familie,palestinians,2,2,1,0,0,0,0,0,0,0,0,0,0,0,1,0,0.5,0.0,0.0,0.5
2023_12_21_f-r-drei-stunden-die-welt-vergessen,general_journalists,1,1,0,0,0,0,0,0,0,0,0,0,0,0,0,0,0.0,0.0,0.0,0.0
2023_12_21_f-r-drei-stunden-die-welt-vergessen,israelis,10,9,2,0,2,1,0,0,0,0,0,0,0,0,0,0,0.2,0.0,0.1,0.0
2023_12_21_f-r-drei-stunden-die-welt-vergessen,palestinians,6,5,2,0,0,0,0,0,0,0,0,0,0,0,0,0,0.3333,0.0,0.0,0.0
2023_12_21_faeser-f-rchtet-neue-krawalle-an-silvester,palestinians,1,1,1,0,0,0,0,0,0,0,0,0,0,0,0,0,1.0,0.0,0.0,0.0
2023_12_21_feiertage-sind-f-r-mich-zu-einem-albtraum-geworden,israelis,10,10,4,0,0,0,0,0,0,0,0,0,0,0,0,0,0.4,0.0,0.0,0.0
2023_12_21_feiertage-sind-f-r-mich-zu-einem-albtraum-geworden,palestinians,3,3,1,0,0,0,0,0,0,0,0,0,0,0,0,1,0.3333,0.0,0.0,-1.0
2023_12_21_in-richtung-zweistaatenl-sung-dr-ngen,israelis,2,2,1,0,0,0,0,0,0,0,0,0,0,0,0,0,0.5,0.0,0.0,0.0
2023_12_21_in-richtung-zweistaatenl-sung-dr-ngen,palestinians,5,5,0,1,0,1,0,0,0,0,0,0,0,0,0,1,0.0,0.2,0.2,-0.5
2023_12_21_manche-denken-sie-verdienten-es-zu-leiden,israelis,4,4,2,0,0,2,0,0,0,0,0,0,0,0,0,0,0.5,0.0,0.5,0.0
2023_12_21_manche-denken-sie-verdienten-es-zu-leiden,palestinians,6,5,5,0,0,0,0,0,0,0,0,0,0,0,0,2,0.8333,0.0,0.0,-2.0
2023_12_21_musik-f-r-die-menschlichkeit,israelis,4,4,2,0,0,0,0,0,0,0,0,0,0,0,0,1,0.5,0.0,0.0,-1.0
2023_12_21_musik-f-r-die-menschlichkeit,palestinians,2,2,1,0,0,0,0,0,0,0,0,0,0,0,0,0,0.5,0.0,0.0,0.0
2023_12_21_nachrichten-am-21-dezember-2023,palestinians,2,2,1,0,0,0,0,0,0,0,0,0,0,0,0,2,0.5,0.0,0.0,-2.0
2023_12_21_offensive-an-zwei-fronten,israelis,6,6,3,0,3,1,0,0,0,0,0,0,0,0,0,0,0.5,0.0,0.1667,0.0
2023_12_21_offensive-an-zwei-fronten,palestinians,2,2,1,0,4,1,0,0,0,0,0,0,0,0,0,0,0.5,0.0,0.5,0.0
2023_12_21_reden-beten-und-sonst,israelis,1,1,1,0,0,0,0,0,0,0,0,0,0,0,0,0,1.0,0.0,0.0,0.0
2023_12_22_das-kreuz-mit-den-worten,palestinians,1,1,0,0,0,0,0,0,0,0,0,0,0,0,0,0,0.0,0.0,0.0,0.0
2023_12_22_jeder-zweite-in-gaza-leidet-hunger,general_journalists,1,1,0,0,0,1,0,0,0,0,0,0,0,0,0,0,0.0,0.0,1.0,0.0
2023_12_22_jeder-zweite-in-gaza-leidet-hunger,israelis,7,6,6,0,0,1,0,0,0,0,0,0,0,0,0,0,0.8571,0.0,0.1429,0.0
2023_12_22_jeder-zweite-in-gaza-leidet-hunger,palestinians,4,4,4,0,0,0,0,0,0,0,0,0,0,0,0,0,1.0,0.0,0.0,0.0
2023_12_22_kinder-des-krieges,israelis,5,5,3,1,0,1,0,0,0,0,0,0,0,0,0,2,0.6,0.2,0.2,-1.5
2023_12_22_kinder-des-krieges,palestinians,12,12,7,0,0,3,0,0,0,0,0,0,0,0,1,4,0.5833,0.0,0.25,-3.5
2023_12_22_netanjahu-wird-eingekreist,israelis,4,4,3,0,0,0,0,0,0,0,0,0,0,0,0,0,0.75,0.0,0.0,0.0
2023_12_22_netanjahu-wird-eingekreist,palestinians,3,3,2,0,0,0,0,0,0,0,0,0,0,0,0,0,0.6667,0.0,0.0,0.0
2023_12_22_wer-nicht-an-wunder-glaubt-ist-kein-realist,general_journalists,1,1,0,0,0,0,0,0,0,0,0,0,0,0,0,0,0.0,0.0,0.0,0.0
2023_12_22_wer-nicht-an-wunder-glaubt-ist-kein-realist,israelis,9,9,4,1,5,2,0,0,0,0,0,0,0,0,0,0,0.4444,0.1111,0.2222,0.5
2023_12_22_wer-nicht-an-wunder-glaubt-ist-kein-realist,palestinians,10,8,4,1,0,0,0,0,2,0,0,0,0,0,0,0,0.4,0.1,0.0,4.5
2023_12_22_wir-f-hlen-uns-bedroht,israelis,6,6,3,1,0,4,0,0,0,0,0,0,0,0,0,0,0.5,0.1667,0.6667,0.5
2023_12_22_wir-f-hlen-uns-bedroht,palestinians,9,9,4,0,0,7,0,0,0,0,0,0,0,0,0,2,0.4444,0.0,0.7778,-2.0
2023_12_23_der-tag-danach,general_journalists,1,1,0,0,0,0,0,0,0,0,0,0,0,0,0,0,0.0,0.0,0.0,0.0
2023_12_23_der-tag-danach,israelis,9,9,4,1,0,2,0,0,0,0,0,0,0,0,0,0,0.4444,0.1111,0.2222,0.5
2023_12_23_der-tag-danach,palestinians,10,8,4,1,0,0,0,0,2,0,0,0,0,0,0,0,0.4,0.1,0.0,4.5
2023_12_23_feiertage-sind-f-r-mich-zum-albtraum-geworden,israelis,10,10,4,0,0,1,0,0,0,0,0,0,0,0,0,0,0.4,0.0,0.1,0.0
2023_12_23_feiertage-sind-f-r-mich-zum-albtraum-geworden,palestinians,3,3,1,0,0,0,0,0,0,0,0,0,0,0,0,1,0.3333,0.0,0.0,-1.0
2023_12_23_hilfe-trotz-allem,general_journalists,1,1,0,0,0,0,0,0,0,0,0,0,0,0,0,0,0.0,0.0,0.0,0.0
2023_12_23_hilfe-trotz-allem,israelis,1,1,0,0,0,0,0,0,0,0,0,0,0,0,0,0,0.0,0.0,0.0,0.0
2023_12_23_hilfe-trotz-allem,palestinians,2,2,0,0,0,1,0,0,0,0,0,0,0,0,0,0,0.0,0.0,0.5,0.0
2023_12_23_israel-weitet-bodenkampf-in-gaza-aus,israelis,1,1,1,0,0,0,0,0,0,0,0,0,0,0,0,0,1.0,0.0,0.0,0.0
2023_12_23_israel-weitet-bodenkampf-in-gaza-aus,palestinians,1,1,1,0,0,0,0,0,0,0,0,0,0,0,0,0,1.0,0.0,0.0,0.0
2023_12_23_mehr-hilfsg-ter-f-r-gaza,israelis,4,4,3,0,0,0,0,0,0,0,0,0,0,0,0,2,0.75,0.0,0.0,-2.0
2023_12_23_mehr-hilfsg-ter-f-r-gaza,palestinians,11,11,8,0,0,2,0,0,0,0,0,0,0,0,0,4,0.7273,0.0,0.1818,-4.0
2023_12_23_netanjahu-in-der-ecke,israelis,4,4,3,0,0,0,0,0,0,0,0,0,0,0,0,0,0.75,0.0,0.0,0.0
2023_12_23_netanjahu-in-der-ecke,palestinians,3,3,2,0,0,0,0,0,0,0,0,0,0,0,0,0,0.6667,0.0,0.0,0.0
2023_12_23_traurig-an-der-tr-mmerkrippe,israelis,5,4,2,2,0,1,0,0,0,0,0,0,0,0,0,0,0.4,0.4,0.2,1.0
2023_12_23_traurig-an-der-tr-mmerkrippe,palestinians,9,9,5,0,0,3,0,0,0,0,0,0,0,0,1,2,0.5556,0.0,0.3333,-1.5
2023_12_23_weiter-leben,israelis,14,13,8,1,0,2,0,0,0,0,0,0,0,0,0,3,0.5714,0.0714,0.1429,-2.5
2023_12_23_weiter-leben,palestinians,4,4,4,0,0,1,0,0,0,0,0,0,0,0,0,2,1.0,0.0,0.25,-2.0
2023_12_23_weltsicherheitsrat-verlangt-mehr-hilfsg-ter-f-r-gaza,israelis,5,5,4,1,2,1,0,0,0,0,0,0,0,0,0,2,0.8,0.2,0.2,-1.5
2023_12_23_weltsicherheitsrat-verlangt-mehr-hilfsg-ter-f-r-gaza,palestinians,13,13,10,0,10,5,0,0,0,0,0,0,0,0,0,6,0.7692,0.0,0.3846,-6.0
2023_12_24_israels-armee-leichen-von-f-nf-geiseln-aus-hamas-tunneln-geborgen,israelis,1,1,1,0,0,0,0,0,0,0,0,0,0,0,0,0,1.0,0.0,0.0,0.0
2023_12_25_die-wichtigsten-b-cher-des-jahres,israelis,1,1,1,0,0,0,0,0,0,0,0,0,0,0,0,0,1.0,0.0,0.0,0.0
2023_12_25_die-wichtigsten-b-cher-des-jahres,palestinians,1,1,0,0,0,0,0,0,0,0,0,0,0,0,0,0,0.0,0.0,0.0,0.0
2023_12_25_papst-ruft-zu-frieden-im-nahen-osten-auf,israelis,3,3,3,0,2,1,0,0,0,0,0,0,0,0,0,0,1.0,0.0,0.3333,0.0
2023_12_25_papst-ruft-zu-frieden-im-nahen-osten-auf,palestinians,1,1,0,0,1,0,0,0,0,0,0,0,0,0,0,0,0.0,0.0,0.0,0.0
2023_12_26_friedensinitiative-aus-kairo-verhallt-ohne-positives-echo,general_journalists,1,1,0,0,0,0,0,0,0,0,0,0,0,0,0,0,0.0,0.0,0.0,0.0
2023_12_26_friedensinitiative-aus-kairo-verhallt-ohne-positives-echo,israelis,10,10,7,3,7,3,0,0,0,0,0,0,0,0,0,0,0.7,0.3,0.3,1.5
2023_12_26_friedensinitiative-aus-kairo-verhallt-ohne-positives-echo,palestinians,7,6,3,0,10,3,0,0,0,0,0,0,0,0,0,0,0.4286,0.0,0.4286,0.0
2023_12_26_im-nahen-osten-drohen-neue-szenarien-des-schreckens,israelis,3,3,2,0,0,0,0,0,0,0,0,0,0,0,0,0,0.6667,0.0,0.0,0.0
2023_12_26_im-nahen-osten-drohen-neue-szenarien-des-schreckens,palestinians,5,4,1,0,0,0,0,0,0,0,0,0,0,0,0,0,0.2,0.0,0.0,0.0
2023_12_26_nachrichten-am-26-dezember-2023,israelis,1,1,0,0,0,0,0,0,0,0,0,0,0,0,0,0,0.0,0.0,0.0,0.0
2023_12_26_nat-rlich-kann-biden-gewinnen,israelis,1,1,0,0,0,0,0,0,0,0,0,0,0,0,0,0,0.0,0.0,0.0,0.0
2023_12_27_es-brodelt-an-sieben-fronten,israelis,13,13,4,1,4,2,0,0,0,0,0,0,0,0,1,0,0.3077,0.0769,0.1538,1.0
2023_12_27_es-brodelt-an-sieben-fronten,palestinians,3,3,1,0,4,2,0,0,0,0,0,0,0,0,0,0,0.3333,0.0,0.6667,0.0
2023_12_27_friedensplan-aus-kairo-bleibt-ohne-echo,general_journalists,1,1,0,0,0,0,0,0,0,0,0,0,0,0,0,0,0.0,0.0,0.0,0.0
2023_12_27_friedensplan-aus-kairo-bleibt-ohne-echo,israelis,10,10,7,3,0,3,0,0,0,0,0,0,0,0,0,0,0.7,0.3,0.3,1.5
2023_12_27_friedensplan-aus-kairo-bleibt-ohne-echo,palestinians,8,7,3,0,0,3,0,0,0,0,0,0,0,0,0,0,0.375,0.0,0.375,0.0
2023_12_27_nat-rlich-kann-er-gewinnen,israelis,1,1,0,0,0,0,0,0,0,0,0,0,0,0,0,0,0.0,0.0,0.0,0.0
2023_12_27_sieben-fronten,israelis,3,3,2,0,0,0,0,0,0,0,0,0,0,0,0,0,0.6667,0.0,0.0,0.0
2023_12_27_sieben-fronten,palestinians,5,4,1,0,0,0,0,0,0,0,0,0,0,0,0,0,0.2,0.0,0.0,0.0
2023_12_27_wie-war-2023,general_journalists,4,4,1,1,0,0,0,0,0,0,0,0,0,0,0,0,0.25,0.25,0.0,0.5
2023_12_27_wie-war-2023,israelis,2,2,0,0,0,1,0,0,0,0,0,0,0,0,0,0,0.0,0.0,0.5,0.0
2023_12_27_willkommen-in-abraham-ibrahim,israelis,11,10,7,0,14,5,0,0,1,0,0,0,0,0,0,0,0.6364,0.0,0.4545,2.0
2023_12_27_willkommen-in-abraham-ibrahim,palestinians,11,9,5,0,16,5,0,0,2,0,0,0,0,0,0,0,0.4545,0.0,0.4545,4.0
2023_12_27_wir-sollten-diesen-krieg-nicht-nach-deutschland-bringen,israelis,9,9,5,0,2,0,0,0,0,0,0,0,0,0,0,2,0.5556,0.0,0.0,-2.0
2023_12_27_wir-sollten-diesen-krieg-nicht-nach-deutschland-bringen,palestinians,9,8,6,1,0,0,0,0,0,0,0,0,0,0,0,4,0.6667,0.1111,0.0,-3.5
2023_12_30_eine-insel-des-miteinanders,israelis,5,5,2,0,0,2,0,0,0,0,0,0,0,0,0,1,0.4,0.0,0.4,-1.0
2023_12_30_eine-insel-des-miteinanders,palestinians,4,4,0,0,0,2,0,0,0,0,0,0,0,0,0,2,0.0,0.0,0.5,-2.0
2023_12_30_olaf-hilf,israelis,1,1,0,0,0,0,0,0,0,0,0,0,0,0,0,0,0.0,0.0,0.0,0.0
2023_12_30_olaf-hilf,palestinians,1,1,1,0,0,0,0,0,0,0,0,0,0,0,0,0,1.0,0.0,0.0,0.0
2023_12_31_k-nigin-margrethe-ii-k-ndigt-berraschend-abdankung-an,general_journalists,1,1,1,0,2,1,0,0,0,0,0,0,0,0,0,0,1.0,0.0,1.0,0.0
2024_01_01_maersk-weicht-huthi-rebellen-aus,israelis,1,1,1,0,0,0,0,0,0,0,0,0,0,0,0,0,1.0,0.0,0.0,0.0
2024_01_01_oberstes-gericht-kippt-kernelement-der-justizreform,israelis,6,6,3,1,3,1,0,0,0,0,0,0,0,0,0,0,0.5,0.1667,0.1667,0.5
2024_01_01_oberstes-gericht-kippt-kernelement-der-justizreform,palestinians,1,1,1,0,0,0,0,0,0,0,0,0,0,0,0,0,1.0,0.0,0.0,0.0
2024_01_02_gehen-amerikaner-und-briten-nun-gemeinsam-gegen-die-huthis-vor,israelis,7,7,4,0,4,2,0,0,0,0,0,0,0,0,0,0,0.5714,0.0,0.2857,0.0
2024_01_02_gehen-amerikaner-und-briten-nun-gemeinsam-gegen-die-huthis-vor,palestinians,2,1,2,0,4,2,0,0,0,0,0,0,0,0,0,0,1.0,0.0,1.0,0.0
2024_01_02_unvers-hnlich,general_journalists,1,1,1,0,0,1,0,0,0,0,0,0,0,0,0,0,1.0,0.0,1.0,0.0
2024_01_02_unvers-hnlich,israelis,16,15,8,0,0,3,0,0,0,0,0,0,0,0,0,1,0.5,0.0,0.1875,-1.0
2024_01_02_unvers-hnlich,palestinians,25,25,12,0,0,6,0,1,4,0,1,0,0,0,0,0,0.48,0.0,0.24,12.0
2024_01_03_der-nahostkonflikt-ist-unberechenbar-wie-nie-zuvor,israelis,6,6,3,0,2,1,0,0,0,0,0,0,0,0,0,0,0.5,0.0,0.1667,0.0
2024_01_03_der-nahostkonflikt-ist-unberechenbar-wie-nie-zuvor,palestinians,4,4,0,0,0,0,0,0,0,0,0,0,0,0,0,0,0.0,0.0,0.0,0.0
2024_01_03_die-eine-eskalation-zu-viel,israelis,6,6,3,0,0,2,0,0,0,0,0,0,0,0,0,0,0.5,0.0,0.3333,0.0
2024_01_03_die-eine-eskalation-zu-viel,palestinians,2,1,2,0,0,2,0,0,0,0,0,0,0,0,0,0,1.0,0.0,1.0,0.0
2024_01_03_die-neue-gefahr-im-nahen-osten,israelis,16,16,8,0,5,2,0,0,0,0,0,0,0,0,0,0,0.5,0.0,0.125,0.0
2024_01_03_die-neue-gefahr-im-nahen-osten,palestinians,5,3,1,0,2,0,0,0,0,0,0,0,0,0,0,0,0.2,0.0,0.0,0.0
2024_01_03_droht-der-nahostkonflikt-zu-eskalieren,general_journalists,1,1,1,0,0,0,0,0,0,0,0,0,0,0,0,0,1.0,0.0,0.0,0.0
2024_01_03_droht-der-nahostkonflikt-zu-eskalieren,israelis,18,18,11,0,0,0,0,0,0,0,0,0,0,0,0,2,0.6111,0.0,0.0,-2.0
2024_01_03_im-w-rgegriff-der-hisbollah,general_journalists,2,1,1,0,4,2,0,0,0,0,0,0,0,0,0,0,0.5,0.0,1.0,0.0
2024_01_03_im-w-rgegriff-der-hisbollah,israelis,11,10,5,0,6,3,0,0,0,0,0,0,0,0,0,0,0.4545,0.0,0.2727,0.0
2024_01_03_im-w-rgegriff-der-hisbollah,palestinians,6,6,4,0,5,2,0,0,0,0,0,0,0,0,0,0,0.6667,0.0,0.3333,0.0
2024_01_03_israel-t-tet-einen-der-h-chsten-hamas-f-hrer,general_journalists,1,1,1,0,0,0,0,0,0,0,0,0,0,0,0,0,1.0,0.0,0.0,0.0
2024_01_03_israel-t-tet-einen-der-h-chsten-hamas-f-hrer,israelis,12,12,6,2,0,1,0,0,0,0,0,0,0,0,0,0,0.5,0.1667,0.0833,1.0
2024_01_03_teile-der-linken-haben-schon-immer-verst-rende-sympathien-gepflegt,israelis,5,5,3,1,0,0,0,0,0,0,0,0,0,0,0,0,0.6,0.2,0.0,0.5
2024_01_03_teile-der-linken-haben-schon-immer-verst-rende-sympathien-gepflegt,palestinians,2,2,1,0,0,0,0,0,0,0,0,0,0,0,0,0,0.5,0.0,0.0,0.0
2024_01_03_tod-eines-hamas-f-hrers-wie-reagiert-die-hisbollah,israelis,2,1,1,0,0,0,0,0,0,0,0,0,0,0,0,0,0.5,0.0,0.0,0.0
2024_01_03_wie-reagiert-die-hisbollah-auf-arouris-tod,israelis,10,10,7,0,0,0,0,0,0,0,0,0,0,0,0,0,0.7,0.0,0.0,0.0
2024_01_03_wie-reagiert-die-hisbollah-auf-arouris-tod,palestinians,3,3,2,0,0,0,0,0,0,0,0,0,0,0,0,0,0.6667,0.0,0.0,0.0
2024_01_04_an-der-formel-stimmt-etwas-nicht,israelis,1,1,0,0,0,0,0,0,0,0,0,0,0,0,0,0,0.0,0.0,0.0,0.0
2024_01_04_an-der-formel-stimmt-etwas-nicht,palestinians,1,1,1,0,0,0,0,0,0,0,0,0,0,0,0,0,1.0,0.0,0.0,0.0
2024_01_04_diese-schw-che-ist-gef-hrlich,israelis,3,3,3,0,0,0,0,0,0,0,0,0,0,0,0,0,1.0,0.0,0.0,0.0
2024_01_04_diese-schw-che-ist-gef-hrlich,palestinians,3,2,1,0,2,1,0,0,0,0,0,0,0,0,0,0,0.3333,0.0,0.3333,0.0
2024_01_04_gallant-israel-zieht-sich-nach-kriegsende-aus-gazastreifen-zur-ck,israelis,1,1,1,0,0,0,0,0,0,0,0,0,0,0,0,0,1.0,0.0,0.0,0.0
2024_01_04_im-w-rgegriff-der-terrormiliz,general_journalists,2,1,1,0,0,2,0,0,0,0,0,0,0,0,0,0,0.5,0.0,1.0,0.0
2024_01_04_im-w-rgegriff-der-terrormiliz,israelis,10,8,5,0,0,2,0,0,0,0,0,0,0,0,0,0,0.5,0.0,0.2,0.0
2024_01_04_im-w-rgegriff-der-terrormiliz,palestinians,6,5,4,1,0,1,0,0,0,0,0,0,0,0,0,0,0.6667,0.1667,0.1667,0.5
2024_01_04_reden-ber-israel,israelis,6,4,4,0,12,3,0,0,0,0,0,0,0,0,0,0,0.6667,0.0,0.5,0.0
2024_01_04_unberechenbar,israelis,6,6,3,0,0,1,0,0,0,0,0,0,0,0,0,0,0.5,0.0,0.1667,0.0
2024_01_04_unberechenbar,palestinians,3,3,0,0,0,0,0,0,0,0,0,0,0,0,0,0,0.0,0.0,0.0,0.0
2024_01_04_was-wird-aus-dem-gazastreifen,israelis,8,8,5,1,2,1,0,0,0,0,0,0,0,0,0,0,0.625,0.125,0.125,0.5
2024_01_04_was-wird-aus-dem-gazastreifen,palestinians,7,7,5,0,2,1,0,0,0,0,0,0,0,0,1,1,0.7143,0.0,0.1429,-0.5
2024_01_04_wie-reagiert-die-hisbollah,israelis,11,11,8,0,0,0,0,0,0,0,0,0,0,0,0,0,0.7273,0.0,0.0,0.0
2024_01_04_wie-reagiert-die-hisbollah,palestinians,2,2,0,0,0,0,0,0,0,0,0,0,0,0,0,0,0.0,0.0,0.0,0.0
2024_01_05_eine-unvollst-ndige-formel,israelis,1,1,0,0,0,0,0,0,0,0,0,0,0,0,0,0,0.0,0.0,0.0,0.0
2024_01_05_eine-unvollst-ndige-formel,palestinians,1,1,1,0,0,0,0,0,0,0,0,0,0,0,0,0,1.0,0.0,0.0,0.0
2024_01_05_macht-ohne-st-rke,israelis,4,4,3,0,0,0,0,0,0,0,0,0,0,0,0,0,0.75,0.0,0.0,0.0
2024_01_05_macht-ohne-st-rke,palestinians,3,2,1,0,0,1,0,0,0,0,0,0,0,0,0,0,0.3333,0.0,0.3333,0.0
2024_01_05_was-aus-dem-gazastreifen-wird,israelis,8,8,5,2,0,1,0,0,0,0,0,0,0,0,0,0,0.625,0.25,0.125,1.0
2024_01_05_was-aus-dem-gazastreifen-wird,palestinians,7,7,5,0,0,1,0,0,0,0,0,0,0,0,1,1,0.7143,0.0,0.1429,-0.5
2024_01_06_sexualisierte-gewalt-existiert-im-kontinuum,general_journalists,1,1,1,0,0,0,0,0,0,0,0,0,0,0,0,0,1.0,0.0,0.0,0.0
2024_01_06_sexualisierte-gewalt-existiert-im-kontinuum,israelis,4,3,2,0,2,1,0,0,0,0,0,0,0,0,0,0,0.5,0.0,0.25,0.0
2024_01_06_sexualisierte-gewalt-existiert-im-kontinuum,palestinians,1,1,0,0,0,0,0,0,0,0,0,0,0,0,0,0,0.0,0.0,0.0,0.0
2024_01_07_das-problem-hamas-bleibt-ungel-st,israelis,5,5,3,1,0,0,0,0,0,0,0,0,0,0,0,0,0.6,0.2,0.0,0.5
2024_01_07_israel-hamas-struktur-im-norden-des-gazastreifens-demontiert,israelis,5,5,4,0,0,0,0,0,0,0,0,0,0,0,0,0,0.8,0.0,0.0,0.0
2024_01_08_viele-f-lle-f-r-den-haag,israelis,3,3,0,0,0,0,0,0,0,0,0,0,0,0,0,0,0.0,0.0,0.0,0.0
2024_01_08_viele-f-lle-f-r-den-haag,palestinians,5,5,3,0,2,1,0,0,0,0,0,0,0,0,0,0,0.6,0.0,0.2,0.0
2024_01_09_baerbock-berbringt-zehn-tonnen-hilfsg-ter-f-r-den-gazastreifen,palestinians,1,1,0,0,0,0,0,0,0,0,0,0,0,0,0,0,0.0,0.0,0.0,0.0
2024_01_09_den-haag-jetzt,israelis,4,4,1,0,0,0,0,0,0,0,0,0,0,0,0,0,0.25,0.0,0.0,0.0
2024_01_09_den-haag-jetzt,palestinians,5,5,3,0,0,1,0,0,0,0,0,0,0,0,0,0,0.6,0.0,0.2,0.0
2024_01_09_die-h-rden-sind-hoch-f-r-ein-genozid-urteil-gegen-israel,israelis,12,12,8,3,6,2,0,0,0,0,0,0,0,0,0,0,0.6667,0.25,0.1667,1.5
2024_01_09_die-h-rden-sind-hoch-f-r-ein-genozid-urteil-gegen-israel,palestinians,10,9,3,0,2,1,0,0,3,0,0,0,0,0,0,0,0.3,0.0,0.1,6.0
2024_01_09_eine-schier-unm-gliche-mission,israelis,16,15,12,2,0,2,0,0,0,0,0,0,0,0,0,4,0.75,0.125,0.125,-3.0
2024_01_09_eine-schier-unm-gliche-mission,palestinians,3,3,3,0,0,0,0,0,0,0,0,0,0,0,0,2,1.0,0.0,0.0,-2.0
2024_01_09_rasant-auf-neuem-kurs,general_journalists,1,1,0,0,0,0,0,0,0,0,0,0,0,0,0,0,0.0,0.0,0.0,0.0
2024_01_09_rasant-auf-neuem-kurs,israelis,5,5,3,0,0,1,0,0,0,0,0,0,0,0,0,0,0.6,0.0,0.2,0.0
2024_01_09_weg-aus-den-haag-rein-nach-gaza,palestinians,3,2,2,0,0,0,0,0,0,0,0,0,0,0,0,0,0.6667,0.0,0.0,0.0
2024_01_10_bds-gegen-die-brd,israelis,4,4,2,0,4,2,0,0,0,0,0,0,0,0,0,0,0.5,0.0,0.5,0.0
2024_01_10_bds-gegen-die-brd,palestinians,5,5,1,1,4,2,0,0,1,0,0,0,0,0,0,0,0.2,0.2,0.4,2.5
2024_01_10_erneuter-gro-angriff-der-huthi-rebellen,israelis,8,6,4,0,0,0,0,0,0,0,0,0,0,0,0,0,0.5,0.0,0.0,0.0
2024_01_10_es-geht-nur-mit-wissen-und-empathie,general_journalists,1,1,0,0,0,0,0,0,0,0,0,0,0,0,0,0,0.0,0.0,0.0,0.0
2024_01_10_es-geht-nur-mit-wissen-und-empathie,israelis,11,9,6,1,12,5,0,0,0,0,0,0,0,0,0,0,0.5455,0.0909,0.4545,0.5
2024_01_10_es-geht-nur-mit-wissen-und-empathie,palestinians,3,3,1,0,4,2,0,0,0,0,0,0,0,0,0,0,0.3333,0.0,0.6667,0.0
2024_01_10_israel-muss-vor-den-un-gerichtshof,israelis,11,11,8,3,0,2,0,0,0,0,0,0,0,0,0,0,0.7273,0.2727,0.1818,1.5
2024_01_10_israel-muss-vor-den-un-gerichtshof,palestinians,8,7,4,0,0,1,0,0,2,0,0,0,0,0,0,0,0.5,0.0,0.125,4.0
2024_01_10_r-ckkehr-eines-unbestechlichen,israelis,5,4,2,0,0,0,0,0,0,0,0,0,0,0,0,0,0.4,0.0,0.0,0.0
2024_01_10_r-ckkehr-eines-unbestechlichen,palestinians,2,2,0,0,0,0,0,0,0,0,0,0,0,0,0,1,0.0,0.0,0.0,-1.0
2024_01_10_rennen-gegen-die-zeit,israelis,12,12,7,2,0,3,0,0,0,0,0,0,0,0,0,0,0.5833,0.1667,0.25,1.0
2024_01_10_rennen-gegen-die-zeit,palestinians,5,5,3,0,0,0,0,0,0,0,0,0,0,0,0,0,0.6,0.0,0.0,0.0
2024_01_10_sigrid-kaag,palestinians,1,1,1,0,0,0,0,0,0,0,0,0,0,0,0,0,1.0,0.0,0.0,0.0
2024_01_10_wael-dahdouh-macht-weiter,general_journalists,6,5,4,1,8,2,0,0,0,0,0,0,0,0,0,1,0.6667,0.1667,0.3333,-0.5
2024_01_10_wael-dahdouh-macht-weiter,israelis,5,5,2,1,5,2,0,0,0,0,0,0,0,0,0,2,0.4,0.2,0.4,-1.5
2024_01_10_wael-dahdouh-macht-weiter,palestinians,2,2,1,0,2,1,0,0,0,0,0,0,0,0,0,0,0.5,0.0,0.5,0.0
2024_01_11_aharon-barak,israelis,3,2,0,0,0,0,0,0,0,0,0,0,0,0,0,0,0.0,0.0,0.0,0.0
2024_01_11_aharon-barak,palestinians,2,2,0,0,0,0,0,0,0,0,0,0,0,0,0,1,0.0,0.0,0.0,-1.0
2024_01_11_am-tor-zur-h-lle,israelis,8,8,4,0,0,0,0,0,0,0,0,0,0,0,0,0,0.5,0.0,0.0,0.0
2024_01_11_am-tor-zur-h-lle,palestinians,5,5,1,1,0,1,0,0,1,0,0,0,0,0,0,0,0.2,0.2,0.2,2.5
2024_01_11_bds-gegen-brd,israelis,4,4,2,0,0,2,0,0,0,0,0,0,0,0,0,0,0.5,0.0,0.5,0.0
2024_01_11_bds-gegen-brd,palestinians,5,5,1,1,0,2,0,0,1,0,0,0,0,0,0,0,0.2,0.2,0.4,2.5
2024_01_11_drei-tage-drei-l-nder-und-ein-kronleuchter-relativieren-einiges,israelis,6,6,3,0,2,1,0,0,1,0,0,0,0,0,0,0,0.5,0.0,0.1667,2.0
2024_01_11_drei-tage-drei-l-nder-und-ein-kronleuchter-relativieren-einiges,palestinians,2,2,1,0,0,0,0,0,1,0,0,0,0,0,0,0,0.5,0.0,0.0,2.0
2024_01_11_er-macht-weiter,general_journalists,5,5,2,1,0,0,0,0,0,0,0,0,0,0,0,1,0.4,0.2,0.0,-0.5
2024_01_11_er-macht-weiter,israelis,4,4,2,1,0,1,0,0,0,0,0,0,0,0,0,2,0.5,0.25,0.25,-1.5
2024_01_11_er-macht-weiter,palestinians,2,2,0,0,0,0,0,0,0,0,0,0,0,0,0,0,0.0,0.0,0.0,0.0
2024_01_11_ohne-titel,general_journalists,1,1,0,0,0,0,0,0,0,0,0,0,0,0,0,0,0.0,0.0,0.0,0.0
2024_01_11_ohne-titel,israelis,10,8,6,1,0,6,0,0,0,0,0,0,0,0,0,0,0.6,0.1,0.6,0.5
2024_01_11_ohne-titel,palestinians,3,3,1,0,0,2,0,0,0,0,0,0,0,0,0,0,0.3333,0.0,0.6667,0.0
2024_01_11_tesla-muss-produktion-in-gr-nheide-vor-bergehend-stoppen,israelis,2,2,1,0,0,0,0,0,0,0,0,0,0,0,0,0,0.5,0.0,0.0,0.0
2024_01_11_un-sicherheitsrat-fordert-ende-der-huthi-angriffe,israelis,2,2,1,0,0,0,0,0,0,0,0,0,0,0,0,0,0.5,0.0,0.0,0.0
2024_01_11_verhandlung-in-den-haag-warum-wird-israel-v-lkermord-vorgeworfen,israelis,7,7,5,1,4,2,0,0,0,0,0,0,0,0,0,0,0.7143,0.1429,0.2857,0.5
2024_01_11_verhandlung-in-den-haag-warum-wird-israel-v-lkermord-vorgeworfen,palestinians,1,1,1,0,0,0,0,0,0,0,0,0,0,0,0,0,1.0,0.0,0.0,0.0
2024_01_12_ber-eine-zukunft-f-r-gaza,general_journalists,1,1,1,0,0,0,0,0,0,0,0,0,0,0,0,0,1.0,0.0,0.0,0.0
2024_01_12_ber-eine-zukunft-f-r-gaza,israelis,14,12,9,2,0,3,0,0,1,0,0,0,0,0,0,0,0.6429,0.1429,0.2143,3.0
2024_01_12_ber-eine-zukunft-f-r-gaza,palestinians,19,18,12,1,0,8,0,0,1,0,0,0,0,0,0,0,0.6316,0.0526,0.4211,2.5
2024_01_12_das-kalk-l-der-terroristen-vom-golf,israelis,6,6,2,0,0,0,0,0,0,0,0,0,0,0,0,0,0.3333,0.0,0.0,0.0
2024_01_12_das-kalk-l-der-terroristen-vom-golf,palestinians,2,2,0,0,0,0,0,0,0,0,0,0,0,0,0,0,0.0,0.0,0.0,0.0
2024_01_12_ethnische-konflikte-verschwinden-erst-wenn-die-nationalistischen-hoffnungen-erf-,israelis,24,21,14,0,0,2,0,0,1,0,0,0,0,0,0,5,0.5833,0.0,0.0833,-3.0
2024_01_12_ethnische-konflikte-verschwinden-erst-wenn-die-nationalistischen-hoffnungen-erf-,palestinians,17,16,10,0,0,1,0,0,4,0,0,0,0,0,0,0,0.5882,0.0,0.0588,8.0
2024_01_12_habecks-gewalttrip,israelis,6,6,3,0,0,1,0,0,1,0,0,0,0,0,0,0,0.5,0.0,0.1667,2.0
2024_01_12_habecks-gewalttrip,palestinians,2,2,1,0,0,0,0,0,1,0,0,0,0,0,0,0,0.5,0.0,0.0,2.0
2024_01_12_in-aller-h-rte,israelis,5,3,2,1,0,0,0,0,0,0,0,0,0,0,0,0,0.4,0.2,0.0,0.5
2024_01_12_in-aller-h-rte,palestinians,1,1,0,0,0,0,0,0,0,0,0,0,0,0,0,0,0.0,0.0,0.0,0.0
2024_01_12_inseln-die-begehrlichkeiten-wecken,general_journalists,1,1,1,1,6,1,0,0,0,0,0,0,0,0,0,0,1.0,1.0,1.0,0.5
2024_01_12_inseln-die-begehrlichkeiten-wecken,israelis,1,1,0,0,0,0,0,0,1,0,0,0,0,0,0,0,0.0,0.0,0.0,2.0
2024_01_12_inseln-die-begehrlichkeiten-wecken,palestinians,2,2,1,0,0,0,0,0,1,0,0,0,0,0,0,0,0.5,0.0,0.0,2.0
2024_01_12_usa-und-gro-britannien-greifen-huthi-stellungen-in-jemen-an,israelis,3,3,0,0,2,1,0,0,0,0,0,0,0,0,0,0,0.0,0.0,0.3333,0.0
2024_01_12_ver-bt-israel-einen-v-lkermord-in-gaza,israelis,17,16,14,0,2,1,0,0,1,0,0,0,0,0,0,2,0.8235,0.0,0.0588,0.0
2024_01_12_ver-bt-israel-einen-v-lkermord-in-gaza,palestinians,5,5,2,0,0,0,0,0,3,0,0,0,0,0,0,2,0.4,0.0,0.0,4.0
2024_01_12_wir-bitten-sie-nicht-allzu-viel-zeit-vor-dem-fernseher-zu-verbringen,general_journalists,2,2,2,0,0,0,0,0,0,0,0,0,0,0,0,0,1.0,0.0,0.0,0.0
2024_01_12_wir-bitten-sie-nicht-allzu-viel-zeit-vor-dem-fernseher-zu-verbringen,israelis,7,7,2,0,0,1,0,0,0,0,0,0,0,0,0,2,0.2857,0.0,0.1429,-2.0
2024_01_12_wir-bitten-sie-nicht-allzu-viel-zeit-vor-dem-fernseher-zu-verbringen,palestinians,32,31,19,1,0,6,0,0,1,0,0,0,0,0,0,4,0.5938,0.0312,0.1875,-1.5
2024_01_12_wozu-das-gut-war,israelis,4,3,0,0,0,0,0,0,0,0,0,0,0,0,0,0,0.0,0.0,0.0,0.0
2024_01_12_wozu-das-gut-war,palestinians,3,3,0,0,0,0,0,0,0,0,0,0,0,0,0,0,0.0,0.0,0.0,0.0
2024_01_13_auf-kampf-gepolt,israelis,8,8,2,0,0,6,1,0,1,0,0,0,0,0,0,0,0.25,0.0,0.75,4.0
2024_01_13_auf-kampf-gepolt,palestinians,4,4,2,0,0,3,0,0,1,0,0,0,0,0,0,0,0.5,0.0,0.75,2.0
2024_01_13_das-kalk-l-der-terroristen,israelis,6,6,2,0,0,0,0,0,0,0,0,0,0,0,0,0,0.3333,0.0,0.0,0.0
2024_01_13_das-kalk-l-der-terroristen,palestinians,2,2,0,0,0,0,0,0,0,0,0,0,0,0,0,0,0.0,0.0,0.0,0.0
2024_01_13_ein-genozid-in-gaza,israelis,14,13,12,0,0,1,0,0,0,0,0,0,0,0,0,2,0.8571,0.0,0.0714,-2.0
2024_01_13_ein-genozid-in-gaza,palestinians,4,4,2,0,0,0,0,0,2,0,0,0,0,0,0,2,0.5,0.0,0.0,2.0
2024_01_13_gewalt-macht-ethnische-trennlinien-plausibler,israelis,23,20,14,0,0,2,0,0,1,0,0,0,0,0,0,5,0.6087,0.0,0.087,-3.0
2024_01_13_gewalt-macht-ethnische-trennlinien-plausibler,palestinians,19,18,11,1,0,3,0,0,4,0,0,0,0,0,0,0,0.5789,0.0526,0.1579,8.5
2024_01_13_und-nun,israelis,4,3,0,0,0,0,0,0,0,0,0,0,0,0,0,0,0.0,0.0,0.0,0.0
2024_01_13_und-nun,palestinians,2,2,0,0,0,0,0,0,0,0,0,0,0,0,0,0,0.0,0.0,0.0,0.0
2024_01_13_usa-greifen-erneut-huthi-miliz-in-jemen-an,israelis,4,4,1,0,0,0,0,0,0,0,0,0,0,0,0,0,0.25,0.0,0.0,0.0
2024_01_14_iran-hat-kein-interesse-an-einem-krieg,israelis,2,2,1,0,0,0,0,0,0,0,0,0,0,0,0,0,0.5,0.0,0.0,0.0
2024_01_14_israel-warnt-vor-anschl-gen-in-europa,israelis,4,4,4,0,2,1,0,0,0,0,0,0,0,0,0,0,1.0,0.0,0.25,0.0
2024_01_14_nachrichten-vom-14-januar-2024,israelis,2,2,2,0,2,1,0,0,0,0,0,0,0,0,0,0,1.0,0.0,0.5,0.0
2024_01_14_seid-nicht-berrascht-wenn-es-auch-anschl-ge-in-deutschland-geben-wird,israelis,10,10,6,0,0,0,0,0,0,0,0,0,0,0,0,0,0.6,0.0,0.0,0.0
2024_01_14_seid-nicht-berrascht-wenn-es-auch-anschl-ge-in-deutschland-geben-wird,palestinians,5,5,1,0,0,0,0,0,0,0,0,0,0,0,0,2,0.2,0.0,0.0,-2.0
2024_01_15_100-tage-dunkelheit,israelis,4,4,1,0,0,0,0,0,0,0,0,0,0,0,0,2,0.25,0.0,0.0,-2.0
2024_01_15_100-tage-dunkelheit,palestinians,7,7,3,0,0,2,0,0,0,0,0,0,0,0,0,0,0.4286,0.0,0.2857,0.0
2024_01_15_100-tage-gaza-krieg-gro-demo-in-tel-aviv,israelis,2,2,2,0,0,0,0,0,0,0,0,0,0,0,0,0,1.0,0.0,0.0,0.0
2024_01_15_100-tage-gaza-krieg-gro-demo-in-tel-aviv,palestinians,1,1,0,0,0,1,0,0,0,0,0,0,0,0,0,0,0.0,0.0,1.0,0.0
2024_01_15_alle-gegen-den-israelischen-fu-ballstar,general_journalists,1,1,1,0,0,0,0,0,0,0,0,0,0,0,0,0,1.0,0.0,0.0,0.0
2024_01_15_alle-gegen-den-israelischen-fu-ballstar,israelis,8,8,5,0,0,0,0,0,0,0,0,0,0,0,0,0,0.625,0.0,0.0,0.0
2024_01_15_alle-gegen-den-israelischen-fu-ballstar,palestinians,2,2,0,0,4,2,0,0,0,0,0,0,0,0,0,0,0.0,0.0,1.0,0.0
2024_01_15_die-hamas-ist-reich,israelis,10,10,7,0,0,0,0,0,0,0,0,0,0,0,0,0,0.7,0.0,0.0,0.0
2024_01_15_die-hamas-ist-reich,palestinians,5,5,1,0,0,0,0,0,0,0,0,0,0,0,0,2,0.2,0.0,0.0,-2.0
2024_01_15_in-gaza-droht-eine-hungersnot,israelis,7,7,6,1,0,0,0,0,0,0,0,0,0,0,0,2,0.8571,0.1429,0.0,-1.5
2024_01_15_in-gaza-droht-eine-hungersnot,palestinians,9,8,6,0,4,2,0,0,2,0,0,0,0,0,0,2,0.6667,0.0,0.2222,2.0
2024_01_15_israelischer-fu-baller-wegen-gedenken-an-opfer-festgenommen,israelis,2,2,1,1,0,0,0,0,0,0,0,0,0,0,0,0,0.5,0.5,0.0,0.5
2024_01_15_teheran-m-chte-lieber-nicht,israelis,2,2,1,0,0,0,0,0,0,0,0,0,0,0,0,0,0.5,0.0,0.0,0.0
2024_01_15_zwischen-krieg-und-krisen,israelis,1,1,1,0,0,0,0,0,0,0,0,0,0,0,0,0,1.0,0.0,0.0,0.0
2024_01_15_zwischen-krieg-und-krisen,palestinians,2,2,0,0,0,0,0,0,0,0,0,0,0,0,0,0,0.0,0.0,0.0,0.0
2024_01_16_der-pr-sident-von-gaza,israelis,1,1,0,0,0,0,0,0,0,0,0,0,0,0,0,0,0.0,0.0,0.0,0.0
2024_01_16_der-pr-sident-von-gaza,palestinians,4,4,2,0,0,0,0,0,1,0,0,0,0,0,0,0,0.5,0.0,0.0,2.0
2024_01_16_eine-hungersnot-droht,israelis,7,7,6,1,0,0,0,0,0,0,0,0,0,0,0,2,0.8571,0.1429,0.0,-1.5
2024_01_16_eine-hungersnot-droht,palestinians,8,7,6,0,0,2,0,0,2,0,0,0,0,0,0,2,0.75,0.0,0.25,2.0
2024_01_16_ich-lebe-noch,general_journalists,1,1,1,0,0,0,0,0,0,0,0,0,0,0,0,0,1.0,0.0,0.0,0.0
2024_01_16_ich-lebe-noch,palestinians,1,1,0,0,0,0,0,0,0,0,0,0,0,0,0,0,0.0,0.0,0.0,0.0
2024_01_16_iran-attackiert-ziele-in-syrien-und-irak,israelis,7,7,4,0,0,0,0,0,0,0,0,0,0,0,0,0,0.5714,0.0,0.0,0.0
2024_01_16_israels-armee-zerst-rt-verbindungstunnel-zwischen-nord-und-s-d-gaza,general_journalists,1,1,1,0,0,0,0,0,0,0,0,0,0,0,0,0,1.0,0.0,0.0,0.0
2024_01_16_israels-armee-zerst-rt-verbindungstunnel-zwischen-nord-und-s-d-gaza,israelis,1,1,1,0,0,0,0,0,0,0,0,0,0,0,0,0,1.0,0.0,0.0,0.0
2024_01_16_netanjahus-spiel-auf-zeit,general_journalists,1,1,1,0,0,0,0,0,0,0,0,0,0,0,0,0,1.0,0.0,0.0,0.0
2024_01_16_netanjahus-spiel-auf-zeit,israelis,4,4,3,0,0,0,0,0,0,0,0,0,0,0,1,0,0.75,0.0,0.0,0.5
2024_01_16_netanjahus-spiel-auf-zeit,palestinians,4,4,3,0,0,0,0,0,0,0,0,0,0,0,0,0,0.75,0.0,0.0,0.0
2024_01_17_der-raum-wird-viel-zu-eng,israelis,2,2,2,1,0,0,0,0,0,0,0,0,0,0,0,0,1.0,0.5,0.0,0.5
2024_01_17_der-raum-wird-viel-zu-eng,palestinians,3,3,2,0,0,2,0,0,0,0,0,0,0,0,0,0,0.6667,0.0,0.6667,0.0
2024_01_17_du-und-ich-und-alle-anderen-verlierer,israelis,1,1,0,0,0,0,0,0,0,0,0,0,0,0,0,0,0.0,0.0,0.0,0.0
2024_01_17_du-und-ich-und-alle-anderen-verlierer,palestinians,5,3,4,0,0,0,0,0,0,0,0,0,0,0,1,1,0.8,0.0,0.0,-0.5
2024_01_17_ende-der-durchsage,israelis,3,3,3,1,0,0,0,0,0,0,0,0,0,0,0,2,1.0,0.3333,0.0,-1.5
2024_01_17_sie-wollen-keinen-krieg,israelis,2,2,2,0,0,0,0,0,0,0,0,0,0,0,0,2,1.0,0.0,0.0,-2.0
2024_01_17_sie-wollen-keinen-krieg,palestinians,2,2,0,0,0,0,0,0,0,0,0,0,0,0,0,0,0.0,0.0,0.0,0.0
2024_01_17_usa-wollen-huthi-wieder-auf-terrorliste-setzen,israelis,2,2,1,0,2,1,0,0,0,0,0,0,0,0,0,0,0.5,0.0,0.5,0.0
2024_01_17_was-reimt-sich-auf-layla,general_journalists,1,1,0,0,2,1,0,0,0,0,0,0,0,0,0,0,0.0,0.0,1.0,0.0
2024_01_17_was-reimt-sich-auf-layla,palestinians,1,1,0,0,0,0,0,0,0,0,0,0,0,0,0,0,0.0,0.0,0.0,0.0
2024_01_18_davos-vom-weltwirtschaftsforum-zum-weltkonfliktgipfel,palestinians,1,1,0,0,0,0,0,0,0,0,0,0,0,0,0,0,0.0,0.0,0.0,0.0
2024_01_18_f-r-die-regierung-netanjahu-k-nnte-es-ungem-tlich-werden,israelis,18,17,10,2,21,8,0,0,1,0,0,0,0,0,0,0,0.5556,0.1111,0.4444,3.0
2024_01_18_f-r-die-regierung-netanjahu-k-nnte-es-ungem-tlich-werden,palestinians,10,9,4,0,12,4,0,0,2,0,0,0,0,0,0,0,0.4,0.0,0.4,4.0
2024_01_18_ich-bef-rchte-dass-wir-uns-auf-den-dritten-weltkrieg-zubewegen,palestinians,1,1,1,0,0,0,0,0,0,0,0,0,0,0,0,0,1.0,0.0,0.0,0.0
2024_01_18_pakistan-droht-iran-mit-weiterer-vergeltung,israelis,1,1,0,0,0,0,0,0,0,0,0,0,0,0,0,0,0.0,0.0,0.0,0.0
2024_01_18_raketen-auf-die-nachbarn,israelis,3,3,1,0,0,0,0,0,0,0,0,0,0,0,0,0,0.3333,0.0,0.0,0.0
2024_01_18_raketen-auf-die-nachbarn,palestinians,1,1,1,0,0,0,0,0,0,0,0,0,0,0,0,0,1.0,0.0,0.0,0.0
2024_01_19_ein-teenager-der-das-ganze-land-in-aufruhr-versetzt,israelis,1,1,0,0,0,0,0,0,0,0,0,0,0,0,0,0,0.0,0.0,0.0,0.0
2024_01_19_ein-teenager-der-das-ganze-land-in-aufruhr-versetzt,palestinians,1,1,1,0,0,0,0,0,0,0,0,0,0,0,0,0,1.0,0.0,0.0,0.0
2024_01_19_pl-doyers-f-r-zwei-staaten,israelis,15,14,8,2,0,6,0,0,1,0,0,0,0,0,0,0,0.5333,0.1333,0.4,3.0
2024_01_19_pl-doyers-f-r-zwei-staaten,palestinians,9,9,4,0,0,3,0,0,2,0,0,0,0,0,0,0,0.4444,0.0,0.3333,4.0
2024_01_19_worum-geht-es-bei-den-angriffen-in-belutschistan,israelis,5,5,3,0,0,0,0,0,0,0,0,0,0,0,0,0,0.6,0.0,0.0,0.0
2024_01_20_das-ist-traurig,general_journalists,2,2,1,0,0,0,0,0,0,0,0,0,0,0,0,0,0.5,0.0,0.0,0.0
2024_01_20_das-ist-traurig,palestinians,2,2,2,0,0,0,0,0,0,0,0,0,0,0,0,0,1.0,0.0,0.0,0.0
2024_01_20_iran-best-tigt-tod-von-revolutionsw-chtern-in-damaskus,general_journalists,1,1,0,0,0,0,0,0,0,0,0,0,0,0,0,0,0.0,0.0,0.0,0.0
2024_01_20_iran-best-tigt-tod-von-revolutionsw-chtern-in-damaskus,israelis,6,6,3,0,0,0,0,0,0,0,0,0,0,0,0,0,0.5,0.0,0.0,0.0
2024_01_20_israels-notb-ndnis-wackelt,israelis,4,4,4,1,0,1,0,0,0,0,0,0,0,0,0,0,1.0,0.25,0.25,0.5
2024_01_20_israels-notb-ndnis-wackelt,palestinians,2,2,2,0,0,1,0,0,0,0,0,0,0,0,0,0,1.0,0.0,0.5,0.0
2024_01_20_unter-opfern,israelis,6,6,3,1,0,2,0,0,0,0,0,0,0,0,0,0,0.5,0.1667,0.3333,0.5
2024_01_20_unter-opfern,palestinians,1,1,0,0,0,0,0,0,0,0,0,0,0,0,0,2,0.0,0.0,0.0,-2.0
2024_01_21_21-millionen-hilfsbed-rftige,israelis,1,1,1,0,0,0,0,0,0,0,0,0,0,0,0,0,1.0,0.0,0.0,0.0
2024_01_21_21-millionen-hilfsbed-rftige,palestinians,1,1,1,0,0,0,0,0,0,0,0,0,0,0,0,2,1.0,0.0,0.0,-2.0
2024_01_21_joe-bidens-zigarettenproblem,israelis,1,1,0,0,0,0,0,0,0,0,0,0,0,0,0,0,0.0,0.0,0.0,0.0
2024_01_21_joe-bidens-zigarettenproblem,palestinians,1,1,0,0,0,0,0,0,0,0,0,0,0,0,0,0,0.0,0.0,0.0,0.0
2024_01_21_netanjahu-br-skiert-biden,general_journalists,1,1,0,0,2,1,0,0,0,0,0,0,0,0,0,0,0.0,0.0,1.0,0.0
2024_01_21_netanjahu-br-skiert-biden,israelis,10,9,6,2,6,3,0,1,0,0,0,0,0,0,0,0,0.6,0.2,0.3,2.5
2024_01_21_netanjahu-br-skiert-biden,palestinians,6,6,4,1,2,1,0,0,1,0,0,0,0,0,0,0,0.6667,0.1667,0.1667,2.5
2024_01_22_21-millionen-hilfebed-rftige,israelis,1,1,1,0,0,0,0,0,0,0,0,0,0,0,0,0,1.0,0.0,0.0,0.0
2024_01_22_21-millionen-hilfebed-rftige,palestinians,1,1,1,0,0,0,0,0,0,0,0,0,0,0,0,2,1.0,0.0,0.0,-2.0
2024_01_22_auf-der-kippe,israelis,1,1,0,0,0,0,0,0,0,0,0,0,0,0,0,0,0.0,0.0,0.0,0.0
2024_01_22_auf-der-kippe,palestinians,1,1,0,0,0,0,0,0,0,0,0,0,0,0,0,0,0.0,0.0,0.0,0.0
2024_01_22_das-fantasiepapier-zum-nahen-osten,israelis,2,2,1,0,0,0,0,0,0,0,0,0,0,0,0,0,0.5,0.0,0.0,0.0
2024_01_22_das-fantasiepapier-zum-nahen-osten,palestinians,1,1,1,0,0,0,0,0,0,0,0,0,0,0,0,0,1.0,0.0,0.0,0.0
2024_01_22_eu-chefdiplomat-legt-konzept-f-r-zweistaatenl-sung-vor,israelis,2,2,2,0,0,0,0,0,1,0,0,0,0,0,0,0,1.0,0.0,0.0,2.0
2024_01_22_eu-chefdiplomat-legt-konzept-f-r-zweistaatenl-sung-vor,palestinians,2,2,1,0,0,0,0,0,1,0,0,0,0,0,0,0,0.5,0.0,0.0,2.0
2024_01_22_israelische-geisel-angeh-rige-st-rmen-parlamentssitzung,israelis,2,2,1,0,0,0,0,0,0,0,0,0,0,0,0,2,0.5,0.0,0.0,-2.0
2024_01_22_netanjahu-sagt-nein,general_journalists,1,1,0,0,0,1,0,0,0,0,0,0,0,0,0,0,0.0,0.0,1.0,0.0
2024_01_22_netanjahu-sagt-nein,israelis,11,10,6,2,0,3,0,1,0,0,0,0,0,0,0,2,0.5455,0.1818,0.2727,0.5
2024_01_22_netanjahu-sagt-nein,palestinians,6,6,4,1,0,1,0,0,1,0,0,0,0,0,0,0,0.6667,0.1667,0.1667,2.5
2024_01_23_erneut-angriff-auf-huthi-eu-beschlie-t-milit-reinsatz,israelis,1,1,1,0,0,0,0,0,0,0,0,0,0,0,0,0,1.0,0.0,0.0,0.0
2024_01_23_erneut-angriff-auf-huthi-eu-beschlie-t-milit-reinsatz,palestinians,1,1,1,0,1,0,0,0,0,0,0,0,0,0,0,0,1.0,0.0,0.0,0.0
2024_01_23_israel-will-k-mpfe-im-gazastreifen-ungemindert-fortsetzen,israelis,10,10,10,0,4,0,0,0,0,0,0,0,0,0,0,0,1.0,0.0,0.0,0.0
2024_01_23_israel-will-k-mpfe-im-gazastreifen-ungemindert-fortsetzen,palestinians,6,5,4,0,0,0,0,0,1,0,1,0,0,0,0,0,0.6667,0.0,0.0,4.5
2024_01_23_sitzungsraum-gest-rmt,israelis,1,1,0,0,0,0,0,0,0,0,0,0,0,0,0,2,0.0,0.0,0.0,-2.0
2024_01_23_wer-an-zwei-staaten-denkt-muss-zun-chst-ber-sicherheit-reden,israelis,6,5,4,1,0,0,0,0,1,0,0,0,0,0,0,0,0.6667,0.1667,0.0,2.5
2024_01_23_wer-an-zwei-staaten-denkt-muss-zun-chst-ber-sicherheit-reden,palestinians,6,5,4,1,0,0,0,0,2,0,0,0,0,0,0,0,0.6667,0.1667,0.0,4.5
2024_01_24_besuch-in-bewegten-zeiten,general_journalists,1,1,1,0,0,0,0,0,0,0,0,0,0,0,0,0,1.0,0.0,0.0,0.0
2024_01_24_besuch-in-bewegten-zeiten,israelis,7,7,3,0,5,2,0,0,0,0,0,0,0,0,0,0,0.4286,0.0,0.2857,0.0
2024_01_24_besuch-in-bewegten-zeiten,palestinians,3,3,1,0,0,0,0,0,0,0,0,0,0,0,0,0,0.3333,0.0,0.0,0.0
2024_01_24_biden-gewinnt-symbolisch-aus-der-distanz,israelis,1,1,0,0,2,1,0,0,0,0,0,0,0,0,0,0,0.0,0.0,1.0,0.0
2024_01_24_biden-gewinnt-symbolisch-aus-der-distanz,palestinians,1,1,1,0,2,1,0,0,0,0,0,0,0,0,0,0,1.0,0.0,1.0,0.0
2024_01_24_die-wunderformel-passt-nicht,israelis,5,4,3,1,0,0,0,0,1,0,0,0,0,0,0,0,0.6,0.2,0.0,2.5
2024_01_24_die-wunderformel-passt-nicht,palestinians,6,5,4,1,0,0,0,0,2,0,0,0,0,0,0,0,0.6667,0.1667,0.0,4.5
2024_01_24_israel-will-k-mpfe-ungemindert-fortsetzen,israelis,10,10,9,0,0,2,0,0,0,0,0,0,0,0,0,0,0.9,0.0,0.2,0.0
2024_01_24_israel-will-k-mpfe-ungemindert-fortsetzen,palestinians,6,5,4,0,0,0,0,0,1,0,1,0,0,0,0,0,0.6667,0.0,0.0,4.5
2024_01_24_us-milit-r-reagiert-mit-gegenschlag-auf-angriff-im-irak,israelis,2,2,2,0,2,1,0,0,0,0,0,0,0,0,0,0,1.0,0.0,0.5,0.0
2024_01_24_versuchen-sie-sich-an-die-prinzipien-des-rechtsstaats-zu-halten,palestinians,1,1,0,0,0,0,0,0,0,0,0,0,0,0,0,0,0.0,0.0,0.0,0.0
2024_01_24_weltuntergang-in-90-sekunden-forscher-warnen-vor-katastrophe,palestinians,1,1,0,0,2,1,0,0,0,0,0,0,0,0,0,0,0.0,0.0,1.0,0.0
2024_01_24_wenn-helfer-im-verdacht-stehen-t-ter-zu-sein,israelis,16,16,8,2,0,4,0,0,3,0,0,0,0,0,1,0,0.5,0.125,0.25,7.5
2024_01_24_wenn-helfer-im-verdacht-stehen-t-ter-zu-sein,palestinians,27,27,13,2,0,6,0,0,5,0,0,0,0,0,0,2,0.4815,0.0741,0.2222,9.0
2024_01_25_demonstrationen-in-israel-f-r-geisel-deal,general_journalists,1,1,0,1,0,0,0,0,0,0,0,0,0,0,0,0,0.0,1.0,0.0,0.5
2024_01_25_demonstrationen-in-israel-f-r-geisel-deal,israelis,3,2,3,0,0,0,0,0,0,0,0,0,0,0,0,0,1.0,0.0,0.0,0.0
2024_01_25_demonstrationen-in-israel-f-r-geisel-deal,palestinians,2,2,1,0,0,0,0,0,0,0,0,0,0,0,0,0,0.5,0.0,0.0,0.0
2024_01_25_die-bundesrepublik-ist-eines-der-letzten-l-nder-der-welt-die-nicht-zum-waffensti,israelis,6,6,4,1,6,2,0,0,0,0,0,0,0,0,0,0,0.6667,0.1667,0.3333,0.5
2024_01_25_die-bundesrepublik-ist-eines-der-letzten-l-nder-der-welt-die-nicht-zum-waffensti,palestinians,6,6,3,0,0,0,0,0,2,0,0,0,0,0,0,0,0.5,0.0,0.0,4.0
2024_01_25_ein-treffen-in-bewegten-zeiten,general_journalists,1,1,1,0,0,0,0,0,0,0,0,0,0,0,0,0,1.0,0.0,0.0,0.0
2024_01_25_ein-treffen-in-bewegten-zeiten,israelis,5,5,1,0,0,0,0,0,0,0,0,0,0,0,0,0,0.2,0.0,0.0,0.0
2024_01_25_ein-treffen-in-bewegten-zeiten,palestinians,2,2,1,0,0,0,0,0,0,0,0,0,0,0,0,0,0.5,0.0,0.0,0.0
2024_01_25_ja-aber,israelis,16,16,8,2,0,4,0,0,3,0,0,0,0,0,1,0,0.5,0.125,0.25,7.5
2024_01_25_ja-aber,palestinians,25,25,11,2,0,6,0,0,5,0,0,0,0,0,0,2,0.44,0.08,0.24,9.0
2024_01_25_sie-organisierte-die-m-nchner-gro-demo-und-wird-nun-angefeindet,israelis,3,3,0,0,4,2,0,0,0,0,0,0,0,0,0,0,0.0,0.0,0.6667,0.0
2024_01_25_sie-organisierte-die-m-nchner-gro-demo-und-wird-nun-angefeindet,palestinians,1,1,1,0,2,1,0,0,0,0,0,0,0,0,0,0,1.0,0.0,1.0,0.0
2024_01_25_von-hand-erg-nzt,israelis,1,1,0,0,0,1,0,0,0,0,0,0,0,0,0,0,0.0,0.0,1.0,0.0
2024_01_25_von-hand-erg-nzt,palestinians,1,1,1,0,0,1,0,0,0,0,0,0,0,0,0,0,1.0,0.0,1.0,0.0
2024_01_26_da-fehlte-doch-etwas,israelis,2,2,1,0,0,0,0,0,0,0,0,0,0,0,0,0,0.5,0.0,0.0,0.0
2024_01_26_die-falschen-lehren,israelis,6,6,3,0,0,2,0,0,0,0,0,0,0,0,0,0,0.5,0.0,0.3333,0.0
2024_01_26_die-falschen-lehren,palestinians,4,4,2,0,0,0,0,0,2,0,0,0,0,0,0,0,0.5,0.0,0.0,4.0
2024_01_26_die-hamas-hat-jetzt-sogar-noch-mehr-unterst-tzung-als-vor-dem-krieg,israelis,19,19,14,1,2,1,0,0,1,0,0,0,0,0,0,1,0.7368,0.0526,0.0526,1.5
2024_01_26_die-hamas-hat-jetzt-sogar-noch-mehr-unterst-tzung-als-vor-dem-krieg,palestinians,28,26,16,0,8,4,0,0,2,0,0,0,0,0,0,1,0.5714,0.0,0.1429,3.0
2024_01_26_kein-jubel-aus-ramallah,general_journalists,1,1,0,0,4,1,0,0,1,0,0,0,0,0,0,0,0.0,0.0,1.0,2.0
2024_01_26_kein-jubel-aus-ramallah,israelis,9,9,7,0,13,5,0,0,0,0,0,0,0,0,0,0,0.7778,0.0,0.5556,0.0
2024_01_26_kein-jubel-aus-ramallah,palestinians,13,12,6,1,15,5,0,0,6,0,0,0,0,0,0,2,0.4615,0.0769,0.3846,10.5
2024_01_26_kunst-als-schutzraum,palestinians,1,1,1,0,0,0,0,0,0,0,0,0,0,0,0,0,1.0,0.0,0.0,0.0
2024_01_26_radikal-und-umstritten,israelis,3,3,0,0,0,2,0,0,0,0,0,0,0,0,0,0,0.0,0.0,0.6667,0.0
2024_01_26_radikal-und-umstritten,palestinians,1,1,1,0,0,1,0,0,0,0,0,0,0,0,0,0,1.0,0.0,1.0,0.0
2024_01_27_der-jubel-bleibt-aus-in-ramallah,general_journalists,1,1,0,0,0,1,0,0,1,0,0,0,0,0,0,0,0.0,0.0,1.0,2.0
2024_01_27_der-jubel-bleibt-aus-in-ramallah,israelis,9,9,7,0,0,5,0,0,0,0,0,0,0,0,0,0,0.7778,0.0,0.5556,0.0
2024_01_27_der-jubel-bleibt-aus-in-ramallah,palestinians,12,11,6,1,0,5,0,0,6,0,0,0,0,0,0,2,0.5,0.0833,0.4167,10.5
2024_01_27_lange-schatten,general_journalists,1,1,0,1,0,1,0,0,0,0,0,0,0,0,0,0,0.0,1.0,1.0,0.5
2024_01_27_lange-schatten,israelis,2,2,0,1,0,1,0,0,0,0,0,0,0,0,0,0,0.0,0.5,0.5,0.5
2024_01_27_moment-mal,israelis,1,1,0,0,0,1,0,0,0,0,0,0,0,0,0,0,0.0,0.0,1.0,0.0
2024_01_27_moment-mal,palestinians,1,1,1,0,0,1,0,0,0,0,0,0,0,0,0,0,1.0,0.0,1.0,0.0
2024_01_27_schwere-r-ge-f-r-israel,israelis,17,17,9,1,0,5,0,0,0,0,0,0,0,0,0,0,0.5294,0.0588,0.2941,0.5
2024_01_27_schwere-r-ge-f-r-israel,palestinians,5,5,3,0,0,2,0,0,1,0,0,0,0,0,0,4,0.6,0.0,0.4,-2.0
2024_01_27_was-fehlt,israelis,3,3,1,0,0,0,0,0,0,0,0,0,0,0,0,0,0.3333,0.0,0.0,0.0
2024_01_27_wenn-nazis-lachen,palestinians,1,1,1,0,0,0,0,0,0,0,0,0,0,0,0,0,1.0,0.0,0.0,0.0
2024_01_28_guterres-k-ndigt-konsequenzen-f-r-unrwa-mitarbeiter-in-gaza-an,israelis,1,1,0,0,0,0,0,0,0,0,0,0,0,0,0,0,0.0,0.0,0.0,0.0
2024_01_28_guterres-k-ndigt-konsequenzen-f-r-unrwa-mitarbeiter-in-gaza-an,palestinians,1,1,1,0,0,0,0,0,0,0,0,0,0,0,0,1,1.0,0.0,0.0,-1.0
2024_01_28_hoffnung-auf-feuerpause-und-freilassung-von-geiseln,israelis,5,4,5,1,2,1,0,0,0,0,0,0,0,0,0,0,1.0,0.2,0.2,0.5
2024_01_28_hoffnung-auf-feuerpause-und-freilassung-von-geiseln,palestinians,1,1,1,0,0,0,0,0,0,0,0,0,0,0,0,0,1.0,0.0,0.0,0.0
2024_01_28_nachrichten-am-28-januar-2024,israelis,1,1,0,1,0,0,0,0,1,0,0,0,0,0,0,0,0.0,1.0,0.0,2.5
2024_01_28_nachrichten-am-28-januar-2024,palestinians,3,3,2,1,0,0,0,0,1,0,0,0,0,0,0,2,0.6667,0.3333,0.0,0.5
2024_01_29_berlin-friert-geld-f-r-un-hilfswerk-ein,israelis,4,4,3,1,0,0,0,0,1,0,0,0,0,0,0,1,0.75,0.25,0.0,1.5
2024_01_29_berlin-friert-geld-f-r-un-hilfswerk-ein,palestinians,6,6,2,1,0,0,0,0,1,0,0,0,0,0,0,5,0.3333,0.1667,0.0,-2.5
2024_01_29_das-trauma-und-die-trauer-sind-unertr-glich,israelis,3,3,0,0,0,0,0,0,0,0,0,0,0,0,0,1,0.0,0.0,0.0,-1.0
2024_01_29_es-trifft-die-falschen,israelis,2,2,1,1,0,0,0,0,0,0,0,0,0,0,0,0,0.5,0.5,0.0,0.5
2024_01_29_es-trifft-die-falschen,palestinians,4,4,1,1,0,0,0,0,0,0,0,0,0,0,0,0,0.25,0.25,0.0,0.5
2024_01_29_israel-treue-als-problem,general_journalists,1,1,0,0,0,1,0,0,0,0,0,0,0,0,0,0,0.0,0.0,1.0,0.0
2024_01_29_israel-treue-als-problem,israelis,12,12,6,0,0,0,0,0,0,0,0,0,0,0,0,0,0.5,0.0,0.0,0.0
2024_01_29_israel-treue-als-problem,palestinians,3,3,1,0,0,0,0,0,0,0,0,0,0,0,0,0,0.3333,0.0,0.0,0.0
2024_01_29_land-in-sicht,palestinians,1,1,1,0,0,1,0,0,0,0,0,0,0,0,0,0,1.0,0.0,1.0,0.0
2024_01_29_nachrichten-am-29-januar-2024,israelis,2,2,2,0,0,0,0,0,0,0,0,0,0,0,0,2,1.0,0.0,0.0,-2.0
2024_01_29_nachrichten-am-29-januar-2024,palestinians,1,1,0,0,0,0,0,0,0,0,0,0,0,0,0,0,0.0,0.0,0.0,0.0
2024_01_29_raus-aus-x,general_journalists,2,2,1,0,2,1,0,0,0,0,0,0,0,0,0,0,0.5,0.0,0.5,0.0
2024_01_29_raus-aus-x,palestinians,1,1,0,0,0,0,0,0,0,0,0,0,0,0,0,0,0.0,0.0,0.0,0.0
2024_01_29_verhandlungen-in-paris,israelis,4,3,3,1,0,1,0,0,0,0,0,0,0,0,0,0,0.75,0.25,0.25,0.5
2024_01_29_verhandlungen-in-paris,palestinians,1,1,1,0,0,0,0,0,0,0,0,0,0,0,0,0,1.0,0.0,0.0,0.0
2024_01_30_der-eine-angriff-zu-viel,israelis,6,6,5,0,0,0,0,0,0,0,0,0,0,0,0,0,0.8333,0.0,0.0,0.0
2024_01_30_der-eine-angriff-zu-viel,palestinians,1,1,0,0,0,0,0,0,0,0,0,0,0,0,0,0,0.0,0.0,0.0,0.0
2024_01_30_eine-unpolitische-veranstaltung-nein,general_journalists,1,1,0,0,0,0,0,0,0,0,0,0,0,0,0,0,0.0,0.0,0.0,0.0
2024_01_30_eine-unpolitische-veranstaltung-nein,israelis,6,6,5,0,2,1,0,0,0,0,0,0,0,0,0,0,0.8333,0.0,0.1667,0.0
2024_01_30_eine-unpolitische-veranstaltung-nein,palestinians,4,4,2,0,2,1,0,0,0,0,0,0,0,0,1,0,0.5,0.0,0.25,0.5
2024_01_30_lehrer-als-terroristen,israelis,16,15,12,0,0,0,0,0,0,0,0,0,0,0,0,2,0.75,0.0,0.0,-2.0
2024_01_30_lehrer-als-terroristen,palestinians,5,5,3,0,0,1,0,0,0,0,0,0,0,0,0,1,0.6,0.0,0.2,-1.0
2024_01_30_nachrichten-vom-30-januar-2024,israelis,2,2,2,0,0,0,0,0,0,0,0,0,0,0,0,1,1.0,0.0,0.0,-1.0
2024_01_30_nachrichten-vom-30-januar-2024,palestinians,1,1,0,0,0,0,0,0,0,0,0,0,0,0,0,0,0.0,0.0,0.0,0.0
2024_01_30_unertr-gliche-trauer,israelis,3,3,0,0,0,0,0,0,0,0,0,0,0,0,0,1,0.0,0.0,0.0,-1.0
2024_01_30_unrwa,israelis,2,2,2,0,0,0,0,0,0,0,0,0,0,0,0,0,1.0,0.0,0.0,0.0
2024_01_30_unrwa,palestinians,1,1,1,0,0,0,0,0,0,0,0,0,0,0,0,0,1.0,0.0,0.0,0.0
2024_01_31_antwort-zwingend-erforderlich,israelis,9,8,7,0,0,0,0,0,0,0,0,0,0,0,0,0,0.7778,0.0,0.0,0.0
2024_01_31_antwort-zwingend-erforderlich,palestinians,4,3,3,0,0,0,0,0,0,0,0,0,0,0,0,1,0.75,0.0,0.0,-1.0
2024_01_31_chinesische-trittbrett-strategie,israelis,3,3,0,0,0,0,0,0,0,0,0,0,0,0,0,0,0.0,0.0,0.0,0.0
2024_01_31_chinesische-trittbrett-strategie,palestinians,1,1,1,0,0,0,0,0,0,0,0,0,0,0,0,0,1.0,0.0,0.0,0.0
2024_01_31_eine-unpolitische-veranstaltung,general_journalists,1,1,0,0,0,0,0,0,0,0,0,0,0,0,0,0,0.0,0.0,0.0,0.0
2024_01_31_eine-unpolitische-veranstaltung,israelis,6,6,5,0,0,1,0,0,0,0,0,0,0,0,0,0,0.8333,0.0,0.1667,0.0
2024_01_31_eine-unpolitische-veranstaltung,palestinians,4,4,2,0,0,1,0,0,0,0,0,0,0,0,1,0,0.5,0.0,0.25,0.5
2024_01_31_pro-pal-stinensische-studierende-besetzen-uni-h-rsaal,palestinians,2,2,1,0,6,2,0,0,0,0,0,0,0,0,0,0,0.5,0.0,1.0,0.0
2024_01_31_seid-nicht-so-naiv,general_journalists,1,1,0,0,0,1,0,0,0,0,0,0,0,0,0,0,0.0,0.0,1.0,0.0
2024_01_31_seid-nicht-so-naiv,israelis,27,27,15,1,0,3,0,0,0,0,0,0,0,0,0,2,0.5556,0.037,0.1111,-1.5
2024_01_31_seid-nicht-so-naiv,palestinians,7,7,4,0,0,0,0,0,0,0,0,0,0,0,0,0,0.5714,0.0,0.0,0.0
2024_02_01_abkommen-zur-freilassung-der-israelischen-geiseln-erscheint-m-glich,general_journalists,1,1,0,0,0,0,0,0,0,0,0,0,0,0,0,0,0.0,0.0,0.0,0.0
2024_02_01_abkommen-zur-freilassung-der-israelischen-geiseln-erscheint-m-glich,israelis,5,5,3,0,2,1,0,0,0,0,0,0,0,0,0,0,0.6,0.0,0.2,0.0
2024_02_01_abkommen-zur-freilassung-der-israelischen-geiseln-erscheint-m-glich,palestinians,6,5,4,0,2,1,0,0,0,0,0,0,0,0,0,0,0.6667,0.0,0.1667,0.0
2024_02_01_der-hass-vor-meinem-fenster,israelis,1,1,0,0,0,0,0,0,0,0,0,0,0,0,0,0,0.0,0.0,0.0,0.0
2024_02_01_der-hass-vor-meinem-fenster,palestinians,1,1,0,0,0,1,0,0,0,0,0,0,0,0,0,0,0.0,0.0,1.0,0.0
2024_02_01_hasst-nicht-niemanden,israelis,2,2,2,0,0,0,0,0,0,0,0,0,0,0,0,0,1.0,0.0,0.0,0.0
2024_02_01_hasst-nicht-niemanden,palestinians,2,2,1,0,0,1,0,0,0,0,0,0,0,0,0,0,0.5,0.0,0.5,0.0
2024_02_01_ohne-dieses-hilfswerk-geht-es-nicht,israelis,3,3,2,0,0,0,0,0,0,0,0,0,0,0,0,0,0.6667,0.0,0.0,0.0
2024_02_01_ohne-dieses-hilfswerk-geht-es-nicht,palestinians,5,5,2,0,0,0,0,0,1,0,0,0,0,0,0,0,0.4,0.0,0.0,2.0
2024_02_01_studierende-besetzen-uni-h-rsaal,palestinians,2,2,1,0,0,2,0,0,0,0,0,0,0,0,0,0,0.5,0.0,1.0,0.0
2024_02_01_unrwa-helfer-oder-eher-mitt-ter,israelis,8,8,4,1,0,0,0,0,0,0,0,0,0,0,0,1,0.5,0.125,0.0,-0.5
2024_02_01_unrwa-helfer-oder-eher-mitt-ter,palestinians,16,16,7,0,0,1,0,0,0,0,0,0,0,0,0,3,0.4375,0.0,0.0625,-3.0
2024_02_01_wenn-es-in-gaza-vorbei-ist-geht-es-im-norden-los,israelis,10,10,6,2,0,2,0,0,1,0,0,0,0,0,0,1,0.6,0.2,0.2,2.0
2024_02_01_wenn-es-in-gaza-vorbei-ist-geht-es-im-norden-los,palestinians,5,5,0,4,0,4,0,0,0,0,0,0,0,0,0,0,0.0,0.8,0.8,2.0
2024_02_02_das-verlassene-land,israelis,8,8,6,2,0,1,0,0,1,0,0,0,0,0,0,1,0.75,0.25,0.125,2.0
2024_02_02_das-verlassene-land,palestinians,3,3,0,2,0,2,0,0,0,0,0,0,0,0,0,0,0.0,0.6667,0.6667,1.0
2024_02_02_drei-stufen-plan,general_journalists,1,1,0,0,0,0,0,0,0,0,0,0,0,0,0,0,0.0,0.0,0.0,0.0
2024_02_02_drei-stufen-plan,israelis,7,7,5,0,0,1,0,0,0,0,0,0,0,0,0,0,0.7143,0.0,0.1429,0.0
2024_02_02_drei-stufen-plan,palestinians,5,4,3,0,0,0,0,0,0,0,0,0,0,0,0,0,0.6,0.0,0.0,0.0
2024_02_02_ein-einhorn-in-lebensgefahr,palestinians,1,1,1,0,4,1,0,0,0,0,0,0,0,0,0,2,1.0,0.0,1.0,-2.0
2024_02_02_es-hat-sich-nichts-ver-ndert-die-lage-ist-katastrophal,israelis,18,18,10,1,15,7,0,0,1,0,0,0,0,0,0,2,0.5556,0.0556,0.3889,0.5
2024_02_02_es-hat-sich-nichts-ver-ndert-die-lage-ist-katastrophal,palestinians,14,14,5,0,7,3,0,0,1,0,0,0,0,0,0,2,0.3571,0.0,0.2143,0.0
2024_02_02_in-den-ruinen,general_journalists,4,4,3,0,0,0,0,0,0,0,0,0,0,0,0,0,0.75,0.0,0.0,0.0
2024_02_02_in-den-ruinen,israelis,7,7,5,0,0,2,0,0,0,0,0,0,0,0,0,0,0.7143,0.0,0.2857,0.0
2024_02_02_in-den-ruinen,palestinians,5,5,0,0,0,0,0,0,0,0,0,0,0,0,0,0,0.0,0.0,0.0,0.0
2024_02_02_israel-sprengt-hunderte-h-user,israelis,4,4,4,0,0,1,0,0,0,0,0,0,0,0,0,0,1.0,0.0,0.25,0.0
2024_02_02_jetzt-aber-mal-die-wahrheit,general_journalists,3,2,0,0,14,2,0,0,0,0,0,0,0,0,0,3,0.0,0.0,0.6667,-3.0
2024_02_02_jetzt-aber-mal-die-wahrheit,israelis,3,3,1,0,0,0,0,0,0,0,0,0,0,0,0,2,0.3333,0.0,0.0,-2.0
2024_02_02_jetzt-aber-mal-die-wahrheit,palestinians,4,4,2,0,9,2,0,0,0,0,0,0,0,0,0,0,0.5,0.0,0.5,0.0
2024_02_02_was-vor-allem-fehlt-ist-hoffnung,general_journalists,1,1,0,0,0,0,0,0,0,0,0,0,0,0,0,0,0.0,0.0,0.0,0.0
2024_02_02_was-vor-allem-fehlt-ist-hoffnung,israelis,57,56,32,5,0,3,0,0,0,0,0,0,0,0,0,6,0.5614,0.0877,0.0526,-3.5
2024_02_02_was-vor-allem-fehlt-ist-hoffnung,palestinians,50,48,21,2,0,4,0,0,2,0,0,1,0,0,1,10,0.42,0.04,0.08,-2.0
2024_02_02_wer-denn-sonst,israelis,3,3,2,0,0,0,0,0,0,0,0,0,0,0,0,0,0.6667,0.0,0.0,0.0
2024_02_02_wer-denn-sonst,palestinians,6,5,1,0,0,0,0,0,2,0,0,0,0,0,0,0,0.1667,0.0,0.0,4.0
2024_02_03_die-gefahr-einer-ausweitung-des-konflikts-ist-so-gro-wie-nie,general_journalists,1,1,1,0,0,0,0,0,0,0,0,0,0,0,0,0,1.0,0.0,0.0,0.0
2024_02_03_die-gefahr-einer-ausweitung-des-konflikts-ist-so-gro-wie-nie,israelis,4,3,3,0,4,1,0,0,0,0,0,0,0,0,0,0,0.75,0.0,0.25,0.0
2024_02_03_die-gefahr-einer-ausweitung-des-konflikts-ist-so-gro-wie-nie,palestinians,5,5,4,0,2,1,0,0,0,0,0,0,0,0,0,2,0.8,0.0,0.2,-2.0
2024_02_03_die-lage-ist-katastrophal,israelis,17,17,9,1,0,7,0,0,1,0,0,0,0,0,0,2,0.5294,0.0588,0.4118,0.5
2024_02_03_die-lage-ist-katastrophal,palestinians,13,13,5,0,0,2,0,0,1,0,0,0,0,0,0,2,0.3846,0.0,0.1538,0.0
2024_02_03_in-den-ruinen-von-gaza,general_journalists,4,4,4,0,0,0,0,0,0,0,0,0,0,0,0,0,1.0,0.0,0.0,0.0
2024_02_03_in-den-ruinen-von-gaza,israelis,6,6,5,0,0,0,0,0,0,0,0,0,0,0,0,0,0.8333,0.0,0.0,0.0
2024_02_03_in-den-ruinen-von-gaza,palestinians,4,4,0,0,0,0,0,0,0,0,0,0,0,0,0,0,0.0,0.0,0.0,0.0
2024_02_03_jedes-dritte-haus-in-gaza-besch-digt,palestinians,1,1,0,0,0,0,0,0,0,0,0,0,0,0,0,0,0.0,0.0,0.0,0.0
2024_02_03_sie-lindern-leid,israelis,3,2,1,0,0,0,0,0,1,0,0,0,0,0,0,0,0.3333,0.0,0.0,2.0
2024_02_03_sie-lindern-leid,palestinians,3,3,2,0,0,0,0,0,2,0,0,0,0,0,0,1,0.6667,0.0,0.0,3.0
2024_02_05_angestellter-berweist-24-millionen-euro-an-betr-ger,general_journalists,1,1,1,0,0,0,0,0,0,0,0,0,0,0,0,0,1.0,0.0,0.0,0.0
2024_02_05_der-anf-hrer-dem-die-pal-stinenser-wirklich-vertrauen,israelis,4,4,0,0,0,0,0,0,0,0,0,0,0,0,0,0,0.0,0.0,0.0,0.0
2024_02_05_der-anf-hrer-dem-die-pal-stinenser-wirklich-vertrauen,palestinians,6,6,5,0,0,0,0,0,4,0,0,0,0,0,0,0,0.8333,0.0,0.0,8.0
2024_02_05_im-dunkel-der-nacht,israelis,6,6,4,0,0,0,0,0,0,0,0,0,0,0,0,0,0.6667,0.0,0.0,0.0
2024_02_05_im-dunkel-der-nacht,palestinians,3,3,1,0,0,0,0,0,1,0,0,0,0,0,0,0,0.3333,0.0,0.0,2.0
2024_02_05_reisetipps-f-r-ein-land-im-krieg,general_journalists,1,1,1,0,0,0,0,0,0,0,0,0,0,0,0,0,1.0,0.0,0.0,0.0
2024_02_05_reisetipps-f-r-ein-land-im-krieg,israelis,8,7,3,0,0,1,0,0,0,0,0,0,0,0,0,3,0.375,0.0,0.125,-3.0
2024_02_05_reisetipps-f-r-ein-land-im-krieg,palestinians,1,1,0,0,0,0,0,0,0,0,0,0,0,0,0,0,0.0,0.0,0.0,0.0
2024_02_06_deepfakes-oder-dummheit,general_journalists,1,1,1,0,0,0,0,0,0,0,0,0,0,0,0,0,1.0,0.0,0.0,0.0
2024_02_06_die-eiferer-und-ihre-idee-von-der-vertreibung-der-pal-stinenser,israelis,13,11,10,1,2,1,0,0,0,0,0,0,0,0,0,0,0.7692,0.0769,0.0769,0.5
2024_02_06_die-eiferer-und-ihre-idee-von-der-vertreibung-der-pal-stinenser,palestinians,14,14,6,0,6,3,0,0,1,0,0,0,0,0,1,6,0.4286,0.0,0.2143,-3.5
2024_02_06_gaza-wartet-weiter-auf-hilfe,israelis,8,8,4,2,0,1,0,0,0,0,0,0,0,0,0,0,0.5,0.25,0.125,1.0
2024_02_06_gaza-wartet-weiter-auf-hilfe,palestinians,7,6,5,0,0,0,0,0,0,0,0,0,0,0,0,4,0.7143,0.0,0.0,-4.0
2024_02_06_israelisches-milit-r-31-der-in-gaza-festgehaltenen-geiseln-sind-tot,palestinians,1,1,1,0,0,0,0,0,0,0,0,0,0,0,0,0,1.0,0.0,0.0,0.0
2024_02_06_ki-wird-viele-unserer-probleme-verst-rken-und-beschleunigen,general_journalists,3,3,3,0,0,0,0,0,0,0,0,0,0,0,0,0,1.0,0.0,0.0,0.0
2024_02_06_ki-wird-viele-unserer-probleme-verst-rken-und-beschleunigen,israelis,1,1,0,0,0,0,0,0,0,0,0,0,0,0,0,0,0.0,0.0,0.0,0.0
2024_02_06_ki-wird-viele-unserer-probleme-verst-rken-und-beschleunigen,palestinians,1,1,0,0,0,0,0,0,0,0,0,0,0,0,0,0,0.0,0.0,0.0,0.0
2024_02_06_marwan-barghouti,israelis,4,4,0,0,0,0,0,0,0,0,0,0,0,0,0,0,0.0,0.0,0.0,0.0
2024_02_06_marwan-barghouti,palestinians,4,4,3,0,0,0,0,0,3,0,0,0,0,0,0,0,0.75,0.0,0.0,6.0
2024_02_06_wir-erleben-eine-explosion-von-antisemitismus-in-bayern,israelis,4,4,4,0,1,0,0,0,0,0,0,0,0,0,0,0,1.0,0.0,0.0,0.0
2024_02_06_wir-erleben-eine-explosion-von-antisemitismus-in-bayern,palestinians,2,2,0,0,1,0,0,0,0,0,0,0,0,0,0,0,0.0,0.0,0.0,0.0
2024_02_07_31-geiseln-in-gaza-tot,israelis,1,1,0,0,0,0,0,0,0,0,0,0,0,0,0,0,0.0,0.0,0.0,0.0
2024_02_07_31-geiseln-in-gaza-tot,palestinians,2,2,0,0,0,0,0,0,0,0,0,0,0,0,0,0,0.0,0.0,0.0,0.0
2024_02_07_anzahl-antisemitischer-straftaten-gestiegen,israelis,3,3,3,0,0,1,0,0,0,0,0,0,0,0,0,0,1.0,0.0,0.3333,0.0
2024_02_07_anzahl-antisemitischer-straftaten-gestiegen,palestinians,1,1,0,0,0,0,0,0,0,0,0,0,0,0,0,0,0.0,0.0,0.0,0.0
2024_02_07_auf-ihn-h-rt-sein-land,israelis,12,12,3,1,0,6,0,0,1,0,0,0,0,0,0,0,0.25,0.0833,0.5,2.5
2024_02_07_auf-ihn-h-rt-sein-land,palestinians,4,3,0,0,0,2,0,0,1,0,0,0,0,0,1,0,0.0,0.0,0.5,2.5
2024_02_07_die-idee-der-eiferer,israelis,14,12,9,1,0,1,0,0,0,0,0,0,0,0,0,0,0.6429,0.0714,0.0714,0.5
2024_02_07_die-idee-der-eiferer,palestinians,13,13,6,0,0,3,0,0,1,0,0,0,0,0,1,6,0.4615,0.0,0.2308,-3.5
2024_02_07_ein-colt-f-r-alle-f-lle,israelis,9,9,5,0,0,0,0,0,0,0,0,0,0,0,0,0,0.5556,0.0,0.0,0.0
2024_02_07_ein-colt-f-r-alle-f-lle,palestinians,2,2,0,0,0,0,0,0,0,0,0,0,0,0,0,0,0.0,0.0,0.0,0.0
2024_02_07_hoffen-auf-den-gro-en-wurf,general_journalists,1,1,0,0,0,0,0,0,0,0,0,0,0,0,0,0,0.0,0.0,0.0,0.0
2024_02_07_hoffen-auf-den-gro-en-wurf,israelis,6,6,2,1,4,2,0,0,0,0,0,0,0,0,0,0,0.3333,0.1667,0.3333,0.5
2024_02_07_hoffen-auf-den-gro-en-wurf,palestinians,6,6,4,0,0,0,0,0,0,0,0,0,0,0,0,0,0.6667,0.0,0.0,0.0
2024_02_07_im-namen-der-nation,israelis,5,5,0,1,2,1,0,0,0,0,0,0,0,0,2,0,0.0,0.2,0.2,1.5
2024_02_07_im-namen-der-nation,palestinians,2,2,1,0,0,0,0,0,0,0,0,0,0,0,1,0,0.5,0.0,0.0,0.5
2024_02_07_krieg-der-vielen-fronten,general_journalists,1,1,0,0,0,0,0,0,0,0,0,0,0,0,0,0,0.0,0.0,0.0,0.0
2024_02_07_krieg-der-vielen-fronten,israelis,25,24,10,2,0,6,0,1,0,0,0,0,0,0,0,0,0.4,0.08,0.24,2.5
2024_02_07_krieg-der-vielen-fronten,palestinians,6,6,3,0,0,0,0,0,0,0,0,0,0,0,0,0,0.5,0.0,0.0,0.0
2024_02_07_wir-haben-eine-rakete-auf-sie-gefeuert-ooops-wie-doof,general_journalists,1,1,1,0,0,0,0,0,0,0,0,0,0,0,0,0,1.0,0.0,0.0,0.0
2024_02_07_wir-haben-eine-rakete-auf-sie-gefeuert-ooops-wie-doof,israelis,12,11,5,1,0,3,0,0,0,0,0,0,0,0,0,2,0.4167,0.0833,0.25,-1.5
2024_02_07_wir-haben-eine-rakete-auf-sie-gefeuert-ooops-wie-doof,palestinians,11,10,6,1,0,5,0,0,0,0,0,0,0,0,0,0,0.5455,0.0909,0.4545,0.5
2024_02_08_auch-deutsche-unter-den-opfern,general_journalists,4,2,2,1,0,0,0,0,0,0,0,0,0,0,2,0,0.5,0.25,0.0,1.5
2024_02_08_auch-deutsche-unter-den-opfern,palestinians,1,1,1,0,0,0,0,0,0,0,0,0,0,0,0,0,1.0,0.0,0.0,0.0
2024_02_08_eine-debatte-in-aufgeheizter-stimmung,general_journalists,2,2,1,0,0,0,0,0,0,0,0,0,0,0,0,0,0.5,0.0,0.0,0.0
2024_02_08_eine-debatte-in-aufgeheizter-stimmung,palestinians,1,1,0,0,0,0,0,0,0,0,0,0,0,0,0,0,0.0,0.0,0.0,0.0
2024_02_08_netanjahu-lehnt-forderungen-ab,general_journalists,1,1,0,0,0,0,0,0,0,0,0,0,0,0,0,0,0.0,0.0,0.0,0.0
2024_02_08_netanjahu-lehnt-forderungen-ab,israelis,2,2,2,0,0,0,0,0,0,0,0,0,0,0,0,0,1.0,0.0,0.0,0.0
2024_02_08_netanjahu-lehnt-forderungen-ab,palestinians,3,3,1,1,0,0,0,0,0,0,0,0,0,0,0,0,0.3333,0.3333,0.0,0.5
2024_02_08_sollten-social-media-f-r-minderj-hrige-verboten-werden,general_journalists,10,10,5,1,0,0,0,0,0,0,0,0,0,0,0,0,0.5,0.1,0.0,0.5
2024_02_08_sollten-social-media-f-r-minderj-hrige-verboten-werden,israelis,1,1,1,0,0,0,0,0,0,0,0,0,0,0,0,0,1.0,0.0,0.0,0.0
2024_02_08_sollten-social-media-f-r-minderj-hrige-verboten-werden,palestinians,1,1,1,0,0,0,0,0,0,0,0,0,0,0,0,0,1.0,0.0,0.0,0.0
2024_02_09_der-us-pr-sident-ein-lterer-herr-mit-schlechtem-ged-chtnis,general_journalists,1,1,1,0,0,0,0,0,0,0,0,0,0,0,0,0,1.0,0.0,0.0,0.0
2024_02_09_der-us-pr-sident-ein-lterer-herr-mit-schlechtem-ged-chtnis,palestinians,1,1,0,0,4,1,0,0,0,0,0,0,0,0,0,0,0.0,0.0,1.0,0.0
2024_02_09_gute-frage,general_journalists,3,1,1,1,0,0,0,0,0,0,0,0,0,0,0,0,0.3333,0.3333,0.0,0.5
2024_02_09_gute-frage,palestinians,1,1,1,0,0,0,0,0,0,0,0,0,0,0,0,0,1.0,0.0,0.0,0.0
2024_02_09_h-rtetest-f-r-die-bundeswehr,palestinians,1,1,0,0,0,0,0,0,0,0,0,0,0,0,0,2,0.0,0.0,0.0,-2.0
2024_02_09_siko-gegner-wollen-tagungsort-mit-menschenkette-umzingeln,palestinians,1,1,1,0,0,0,0,0,0,0,0,0,0,0,0,2,1.0,0.0,0.0,-2.0
2024_02_09_usa-t-ten-milizen-f-hrer-in-bagdad,israelis,7,7,6,0,0,0,0,0,0,0,0,0,0,0,0,0,0.8571,0.0,0.0,0.0
2024_02_09_usa-t-ten-milizen-f-hrer-in-bagdad,palestinians,3,3,2,0,0,0,0,0,0,0,0,0,0,0,0,0,0.6667,0.0,0.0,0.0
2024_02_10_das-hier-hat-eine-neue-dimension,general_journalists,1,1,0,0,0,0,0,0,0,0,0,0,0,0,0,0,0.0,0.0,0.0,0.0
2024_02_10_das-hier-hat-eine-neue-dimension,israelis,4,4,3,0,0,1,0,0,0,0,0,0,0,0,0,0,0.75,0.0,0.25,0.0
2024_02_10_das-hier-hat-eine-neue-dimension,palestinians,1,1,0,0,0,0,0,0,0,0,0,0,0,0,0,0,0.0,0.0,0.0,0.0
2024_02_10_ein-lterer-herr-und-sein-ged-chtnis,general_journalists,1,1,1,0,0,0,0,0,0,0,0,0,0,0,0,0,1.0,0.0,0.0,0.0
2024_02_10_ein-lterer-herr-und-sein-ged-chtnis,palestinians,1,1,0,0,0,1,0,0,0,0,0,0,0,0,0,0,0.0,0.0,1.0,0.0
2024_02_10_israel-hamas-tunnel-unter-hauptquartier-des-pal-stinenserhilfswerks-gefunden,israelis,2,2,1,0,0,0,0,0,0,0,0,0,0,0,0,0,0.5,0.0,0.0,0.0
2024_02_10_israel-hamas-tunnel-unter-hauptquartier-des-pal-stinenserhilfswerks-gefunden,palestinians,1,1,0,0,0,0,0,0,0,0,0,0,0,0,0,0,0.0,0.0,0.0,0.0
2024_02_10_meer-des-friedens-meer-des-krieges,israelis,5,5,3,0,0,1,0,0,0,0,0,0,0,0,0,0,0.6,0.0,0.2,0.0
2024_02_10_meer-des-friedens-meer-des-krieges,palestinians,1,1,0,0,0,0,0,0,0,0,0,0,0,0,0,0,0.0,0.0,0.0,0.0
2024_02_10_pr-sident-sombrero,israelis,1,1,1,0,0,0,0,0,0,0,0,0,0,0,0,0,1.0,0.0,0.0,0.0
2024_02_10_pr-sident-sombrero,palestinians,1,1,0,0,2,1,0,0,0,0,0,0,0,0,0,0,0.0,0.0,1.0,0.0
2024_02_10_sollte-social-media-f-r-minderj-hrige-verboten-werden,general_journalists,10,10,5,1,0,0,0,0,0,0,0,0,0,0,0,0,0.5,0.1,0.0,0.5
2024_02_10_sollte-social-media-f-r-minderj-hrige-verboten-werden,israelis,1,1,1,0,0,0,0,0,0,0,0,0,0,0,0,0,1.0,0.0,0.0,0.0
2024_02_10_sollte-social-media-f-r-minderj-hrige-verboten-werden,palestinians,1,1,1,0,0,0,0,0,0,0,0,0,0,0,0,0,1.0,0.0,0.0,0.0
2024_02_11_ber-die-rote-linie-hinausgeschossen,israelis,4,4,2,0,0,0,0,0,0,0,0,0,0,0,0,0,0.5,0.0,0.0,0.0
2024_02_11_ber-die-rote-linie-hinausgeschossen,palestinians,2,2,2,0,2,0,0,0,0,0,0,0,0,0,0,0,1.0,0.0,0.0,0.0
2024_02_11_der-krieg-k-nnte-noch-weiter-eskalieren,general_journalists,1,1,0,0,0,0,0,0,0,0,0,0,0,0,0,0,0.0,0.0,0.0,0.0
2024_02_11_der-krieg-k-nnte-noch-weiter-eskalieren,israelis,7,7,3,0,0,0,0,0,0,0,0,0,0,0,0,0,0.4286,0.0,0.0,0.0
2024_02_11_der-krieg-k-nnte-noch-weiter-eskalieren,palestinians,4,4,4,0,0,0,0,0,1,0,0,0,0,0,0,1,1.0,0.0,0.0,1.0
2024_02_11_im-untergrund,general_journalists,3,3,0,1,0,0,0,0,0,0,0,0,0,0,0,0,0.0,0.3333,0.0,0.5
2024_02_11_im-untergrund,israelis,18,18,9,1,6,3,0,0,1,0,0,0,0,0,0,0,0.5,0.0556,0.1667,2.5
2024_02_11_im-untergrund,palestinians,13,9,4,1,5,1,0,0,2,0,0,0,0,0,0,0,0.3077,0.0769,0.0769,4.5
2024_02_11_iwf-chefin-trotz-risiken-in-nahost-zuversichtlich,israelis,1,1,0,0,0,0,0,0,0,0,0,0,0,0,0,1,0.0,0.0,0.0,-1.0
2024_02_11_iwf-chefin-trotz-risiken-in-nahost-zuversichtlich,palestinians,2,2,0,0,2,1,0,0,0,0,0,0,0,0,0,0,0.0,0.0,0.5,0.0
2024_02_11_jokowis-erbe,general_journalists,1,1,1,0,0,0,0,0,0,0,0,0,0,0,0,0,1.0,0.0,0.0,0.0
2024_02_11_jokowis-erbe,palestinians,1,1,1,0,0,0,0,0,0,0,0,0,0,0,0,0,1.0,0.0,0.0,0.0
2024_02_11_tod-einer-vierj-hrigen,israelis,12,12,5,0,0,3,0,0,0,0,0,0,0,0,0,2,0.4167,0.0,0.25,-2.0
2024_02_11_tod-einer-vierj-hrigen,palestinians,10,8,6,2,0,0,0,0,1,0,0,0,0,0,0,0,0.6,0.2,0.0,3.0
2024_02_11_von-nord-nach-s-d-kein-sicherer-ort,israelis,14,14,10,0,6,3,0,0,1,0,0,0,0,0,0,0,0.7143,0.0,0.2143,2.0
2024_02_11_von-nord-nach-s-d-kein-sicherer-ort,palestinians,12,11,10,0,4,2,0,0,1,0,0,0,0,0,0,2,0.8333,0.0,0.1667,0.0
2024_02_11_wir-sind-nicht-politisch-neutral-wir-stehen-ein-f-r-demokratie,israelis,1,1,0,0,2,1,0,0,0,0,0,0,0,0,0,0,0.0,0.0,1.0,0.0
2024_02_11_wir-sind-nicht-politisch-neutral-wir-stehen-ein-f-r-demokratie,palestinians,2,2,2,0,4,2,0,0,0,0,0,0,0,0,0,0,1.0,0.0,1.0,0.0
2024_02_12_ber-die-rote-linie-hinaus,israelis,4,4,2,0,0,0,0,0,0,0,0,0,0,0,0,0,0.5,0.0,0.0,0.0
2024_02_12_ber-die-rote-linie-hinaus,palestinians,2,2,2,0,0,1,0,0,0,0,0,0,0,0,0,0,1.0,0.0,0.5,0.0
2024_02_12_das-erbe-des-pr-sidenten,general_journalists,1,1,1,0,0,0,0,0,0,0,0,0,0,0,0,0,1.0,0.0,0.0,0.0
2024_02_12_das-erbe-des-pr-sidenten,palestinians,1,1,1,0,0,0,0,0,0,0,0,0,0,0,0,0,1.0,0.0,0.0,0.0
2024_02_12_die-n-chste-eskalation,general_journalists,1,1,0,0,0,0,0,0,0,0,0,0,0,0,0,0,0.0,0.0,0.0,0.0
2024_02_12_die-n-chste-eskalation,israelis,5,5,3,0,0,0,0,0,0,0,0,0,0,0,0,0,0.6,0.0,0.0,0.0
2024_02_12_die-n-chste-eskalation,palestinians,4,4,4,0,0,0,0,0,1,0,0,0,0,0,0,1,1.0,0.0,0.0,1.0
2024_02_12_kein-sicherer-ort-von-nord-bis-s-d,israelis,12,12,8,0,0,1,0,0,1,0,0,0,0,0,0,0,0.6667,0.0,0.0833,2.0
2024_02_12_kein-sicherer-ort-von-nord-bis-s-d,palestinians,11,10,9,0,0,1,0,0,1,0,0,0,0,0,0,4,0.8182,0.0,0.0909,-2.0
2024_02_12_lage-im-gazastreifen-spitzt-sich-zu,israelis,3,3,3,0,0,0,0,0,0,0,0,0,0,0,0,0,1.0,0.0,0.0,0.0
2024_02_12_lage-im-gazastreifen-spitzt-sich-zu,palestinians,2,2,0,0,0,0,0,0,0,0,0,0,0,0,0,0,0.0,0.0,0.0,0.0
2024_02_12_wir-stehen-ein-f-r-demokratie,israelis,1,1,0,0,0,1,0,0,0,0,0,0,0,0,0,0,0.0,0.0,1.0,0.0
2024_02_12_wir-stehen-ein-f-r-demokratie,palestinians,2,2,2,0,0,2,0,0,0,0,0,0,0,0,0,0,1.0,0.0,1.0,0.0
2024_02_13_autorit-r-aggressiv-und-antisemitisch,general_journalists,1,1,1,0,0,0,0,0,0,0,0,0,0,0,0,0,1.0,0.0,0.0,0.0
2024_02_13_autorit-r-aggressiv-und-antisemitisch,israelis,3,3,1,0,2,1,0,0,0,0,0,0,0,0,0,0,0.3333,0.0,0.3333,0.0
2024_02_13_autorit-r-aggressiv-und-antisemitisch,palestinians,3,3,0,0,8,2,0,0,0,0,0,0,0,0,0,0,0.0,0.0,0.6667,0.0
2024_02_13_biden-mahnt-netanjahu-vor-rafah-offensive,general_journalists,1,1,1,0,0,0,0,0,0,0,0,0,0,0,0,0,1.0,0.0,0.0,0.0
2024_02_13_biden-mahnt-netanjahu-vor-rafah-offensive,israelis,13,13,10,0,4,2,0,0,1,0,0,0,0,0,0,3,0.7692,0.0,0.1538,-1.0
2024_02_13_biden-mahnt-netanjahu-vor-rafah-offensive,palestinians,9,9,4,0,7,2,0,0,1,0,0,0,0,0,0,0,0.4444,0.0,0.2222,2.0
2024_02_13_das-k-nnte-ein-rezept-f-r-den-frieden-in-der-ganzen-region-sein,general_journalists,1,1,1,0,0,0,0,0,0,0,0,0,0,0,0,0,1.0,0.0,0.0,0.0
2024_02_13_das-k-nnte-ein-rezept-f-r-den-frieden-in-der-ganzen-region-sein,israelis,14,12,8,1,2,1,0,0,0,0,0,0,0,0,0,4,0.5714,0.0714,0.0714,-3.5
2024_02_13_das-k-nnte-ein-rezept-f-r-den-frieden-in-der-ganzen-region-sein,palestinians,3,3,2,0,0,0,0,0,0,0,0,0,0,0,0,0,0.6667,0.0,0.0,0.0
2024_02_13_der-senat-setzt-ein-kleines-zeichen-der-vernunft,israelis,3,3,0,0,0,0,0,0,0,0,0,0,0,0,0,0,0.0,0.0,0.0,0.0
2024_02_13_der-senat-setzt-ein-kleines-zeichen-der-vernunft,palestinians,1,1,1,0,0,0,0,0,0,0,0,0,0,0,0,0,1.0,0.0,0.0,0.0
2024_02_13_experten-halten-baldigen-angriff-auf-libanon-f-r-denkbar,general_journalists,1,1,1,0,0,0,0,0,0,0,0,0,0,0,0,0,1.0,0.0,0.0,0.0
2024_02_13_experten-halten-baldigen-angriff-auf-libanon-f-r-denkbar,israelis,12,12,7,2,2,1,0,0,0,0,0,0,0,0,0,0,0.5833,0.1667,0.0833,1.0
2024_02_13_experten-halten-baldigen-angriff-auf-libanon-f-r-denkbar,palestinians,3,3,1,0,0,0,0,0,0,0,0,0,0,0,0,0,0.3333,0.0,0.0,0.0
2024_02_13_gaza-krieg-israels-offensive-in-rafah-k-nnte-den-frieden-mit-gypten-gef-hrden,israelis,4,4,3,0,0,0,0,0,0,0,0,0,0,0,0,0,0.75,0.0,0.0,0.0
2024_02_13_gaza-krieg-israels-offensive-in-rafah-k-nnte-den-frieden-mit-gypten-gef-hrden,palestinians,2,2,1,2,0,0,0,0,0,0,0,0,0,0,0,0,0.5,1.0,0.0,1.0
2024_02_13_israel-weist-forderung-borrells-nach-weniger-waffenlieferungen-zur-ck,israelis,1,1,1,0,0,0,0,0,0,0,0,0,0,0,0,0,1.0,0.0,0.0,0.0
2024_02_13_merz-unterst-tzt-netanjahu,israelis,10,10,3,0,0,1,0,0,0,0,0,0,0,0,0,1,0.3,0.0,0.1,-1.0
2024_02_13_merz-unterst-tzt-netanjahu,palestinians,3,3,2,0,0,1,0,0,0,0,0,0,0,0,0,0,0.6667,0.0,0.3333,0.0
2024_02_13_rafah-war-unsere-letzte-hoffnung,general_journalists,3,2,2,1,0,1,0,0,0,0,0,0,0,0,0,2,0.6667,0.3333,0.3333,-1.5
2024_02_13_rafah-war-unsere-letzte-hoffnung,israelis,8,8,5,2,0,2,0,0,0,0,0,0,0,0,0,0,0.625,0.25,0.25,1.0
2024_02_13_rafah-war-unsere-letzte-hoffnung,palestinians,6,6,4,0,0,0,0,0,0,0,0,0,0,0,0,2,0.6667,0.0,0.0,-2.0
2024_02_13_senatoren-widersetzen-sich-trump-und-stimmen-f-r-ukraine-hilfe,general_journalists,1,1,1,0,0,0,0,0,0,0,0,0,0,0,0,0,1.0,0.0,0.0,0.0
2024_02_13_senatoren-widersetzen-sich-trump-und-stimmen-f-r-ukraine-hilfe,israelis,2,2,1,0,1,0,0,0,0,0,0,0,0,0,0,0,0.5,0.0,0.0,0.0
2024_02_13_senatoren-widersetzen-sich-trump-und-stimmen-f-r-ukraine-hilfe,palestinians,2,2,1,0,0,0,0,0,0,0,0,0,0,0,0,0,0.5,0.0,0.0,0.0
2024_02_14_autorit-r-und-antisemitisch,general_journalists,1,1,1,0,0,0,0,0,0,0,0,0,0,0,0,0,1.0,0.0,0.0,0.0
2024_02_14_autorit-r-und-antisemitisch,israelis,3,3,1,0,0,1,0,0,0,0,0,0,0,0,0,0,0.3333,0.0,0.3333,0.0
2024_02_14_autorit-r-und-antisemitisch,palestinians,3,3,0,0,0,2,0,0,0,0,0,0,0,0,0,0,0.0,0.0,0.6667,0.0
2024_02_14_baerbock-warnt-vor-kollaps-in-gaza,israelis,14,13,8,1,10,4,0,1,0,0,0,0,0,0,0,2,0.5714,0.0714,0.2857,0.0
2024_02_14_baerbock-warnt-vor-kollaps-in-gaza,palestinians,10,9,6,0,7,2,0,1,2,0,0,0,0,0,2,2,0.6,0.0,0.2,4.5
2024_02_14_biden-mahnt-netanjahu,general_journalists,1,1,1,0,0,0,0,0,0,0,0,0,0,0,0,0,1.0,0.0,0.0,0.0
2024_02_14_biden-mahnt-netanjahu,israelis,12,12,8,0,0,0,0,0,1,0,0,0,0,0,0,1,0.6667,0.0,0.0,1.0
2024_02_14_biden-mahnt-netanjahu,palestinians,8,8,3,0,0,2,0,0,1,0,0,0,0,0,0,0,0.375,0.0,0.25,2.0
2024_02_14_die-szenarien-sind-durchgespielt,general_journalists,1,1,1,0,0,0,0,0,0,0,0,0,0,0,0,0,1.0,0.0,0.0,0.0
2024_02_14_die-szenarien-sind-durchgespielt,israelis,12,12,7,3,0,1,0,0,0,0,0,0,0,0,0,0,0.5833,0.25,0.0833,1.5
2024_02_14_die-szenarien-sind-durchgespielt,palestinians,3,3,1,0,0,0,0,0,0,0,0,0,0,0,0,0,0.3333,0.0,0.0,0.0
2024_02_14_ein-rezept-f-r-den-frieden,general_journalists,1,1,1,0,0,0,0,0,0,0,0,0,0,0,0,1,1.0,0.0,0.0,-1.0
2024_02_14_ein-rezept-f-r-den-frieden,israelis,16,15,8,1,0,3,0,0,0,0,0,0,0,0,0,3,0.5,0.0625,0.1875,-2.5
2024_02_14_ein-rezept-f-r-den-frieden,palestinians,4,4,2,0,0,0,0,0,0,0,0,0,0,0,0,0,0.5,0.0,0.0,0.0
2024_02_14_ein-wenig-vernunft,israelis,2,2,0,0,0,0,0,0,0,0,0,0,0,0,0,0,0.0,0.0,0.0,0.0
2024_02_14_ein-wenig-vernunft,palestinians,1,1,1,0,0,0,0,0,0,0,0,0,0,0,0,0,1.0,0.0,0.0,0.0
2024_02_14_hauptsache-das-problem-bleibt,israelis,1,1,0,0,0,0,0,0,0,0,0,0,0,0,0,0,0.0,0.0,0.0,0.0
2024_02_14_hauptsache-das-problem-bleibt,palestinians,1,1,1,0,0,0,0,0,0,0,0,0,0,0,0,0,1.0,0.0,0.0,0.0
2024_02_14_n-chster-schritt-killer-roboter,israelis,3,3,2,0,0,0,0,0,0,0,0,0,0,0,0,0,0.6667,0.0,0.0,0.0
2024_02_14_ukraine-hilfe-nimmt-h-rde-im-us-senat,israelis,9,8,6,0,0,1,0,0,0,0,0,0,0,0,0,0,0.6667,0.0,0.1111,0.0
2024_02_14_ukraine-hilfe-nimmt-h-rde-im-us-senat,palestinians,1,1,0,0,0,0,0,0,0,0,0,0,0,0,0,0,0.0,0.0,0.0,0.0
2024_02_15_angst-vor-dem-gyptischen-albtraum,general_journalists,1,1,0,0,0,0,0,0,0,0,0,0,0,0,0,0,0.0,0.0,0.0,0.0
2024_02_15_angst-vor-dem-gyptischen-albtraum,israelis,5,5,2,0,1,0,0,0,0,0,0,0,0,0,0,0,0.4,0.0,0.0,0.0
2024_02_15_angst-vor-dem-gyptischen-albtraum,palestinians,11,9,9,0,1,0,0,0,0,0,0,0,0,0,0,2,0.8182,0.0,0.0,-2.0
2024_02_15_das-kalk-l-mit-der-grenze,israelis,1,1,0,0,0,0,0,0,0,0,0,0,0,0,0,0,0.0,0.0,0.0,0.0
2024_02_15_das-kalk-l-mit-der-grenze,palestinians,1,1,1,0,0,0,0,0,0,0,0,0,0,0,0,0,1.0,0.0,0.0,0.0
2024_02_15_der-exot-k-mpft-gegen-die-scharfmacher,israelis,1,1,1,0,0,0,0,0,0,0,0,0,0,0,0,0,1.0,0.0,0.0,0.0
2024_02_15_der-exot-k-mpft-gegen-die-scharfmacher,palestinians,1,1,1,0,0,0,0,0,0,0,0,0,0,0,0,0,1.0,0.0,0.0,0.0
2024_02_15_die-menschen-sind-ihnen-anscheinend-egal,israelis,11,10,6,2,0,0,0,0,0,0,0,0,0,0,0,2,0.5455,0.1818,0.0,-1.0
2024_02_15_die-menschen-sind-ihnen-anscheinend-egal,palestinians,4,4,0,0,0,0,0,0,0,0,0,0,0,0,0,1,0.0,0.0,0.0,-1.0
2024_02_15_europa-treibt-auseinander,palestinians,2,2,0,0,0,0,0,0,0,0,0,0,0,0,0,0,0.0,0.0,0.0,0.0
2024_02_15_lass-uns-reden,general_journalists,2,2,1,0,0,0,0,0,0,0,0,0,0,0,0,0,0.5,0.0,0.0,0.0
2024_02_15_lass-uns-reden,israelis,4,4,1,0,0,0,0,0,0,0,0,0,0,0,0,0,0.25,0.0,0.0,0.0
2024_02_15_lass-uns-reden,palestinians,2,2,0,0,0,0,0,0,0,0,0,0,0,0,0,0,0.0,0.0,0.0,0.0
2024_02_16_der-gyptische-albtraum,general_journalists,1,1,0,0,0,0,0,0,0,0,0,0,0,0,0,0,0.0,0.0,0.0,0.0
2024_02_16_der-gyptische-albtraum,israelis,3,3,2,0,0,0,0,0,0,0,0,0,0,0,0,0,0.6667,0.0,0.0,0.0
2024_02_16_der-gyptische-albtraum,palestinians,10,8,8,0,0,0,0,0,0,0,0,0,0,0,0,2,0.8,0.0,0.0,-2.0
2024_02_16_meine-kinder-dachten-ich-verliere-den-verstand,palestinians,1,1,0,0,0,0,0,0,0,0,0,0,0,0,0,0,0.0,0.0,0.0,0.0
2024_02_16_menschen-egal,israelis,10,10,5,2,0,0,0,0,0,0,0,0,0,0,0,0,0.5,0.2,0.0,1.0
2024_02_16_menschen-egal,palestinians,4,4,1,0,0,0,0,0,0,0,0,0,0,0,0,2,0.25,0.0,0.0,-2.0
2024_02_16_milit-raktion-in-gaza-klinik,israelis,1,1,1,0,0,0,0,0,0,0,0,0,0,0,0,0,1.0,0.0,0.0,0.0
2024_02_16_milit-raktion-in-gaza-klinik,palestinians,1,1,1,0,0,0,0,0,0,0,0,0,0,0,0,0,1.0,0.0,0.0,0.0
2024_02_17_das-streiflicht,palestinians,1,1,0,0,0,0,0,0,0,0,0,0,0,0,0,0,0.0,0.0,0.0,0.0
2024_02_17_die-milliarden-der-hamas,general_journalists,4,3,1,0,0,0,0,0,0,0,0,0,0,0,0,0,0.25,0.0,0.0,0.0
2024_02_17_die-milliarden-der-hamas,israelis,37,35,22,0,0,7,0,0,2,0,0,0,0,0,0,0,0.5946,0.0,0.1892,4.0
2024_02_17_die-milliarden-der-hamas,palestinians,42,41,13,1,0,4,0,0,3,0,0,0,0,0,0,1,0.3095,0.0238,0.0952,5.5
2024_02_17_kunst,palestinians,1,1,0,0,0,0,0,0,0,0,0,0,0,0,0,0,0.0,0.0,0.0,0.0
2024_02_17_wir-wollen-so-stark-sein-dass-niemand-uns-angreift,general_journalists,1,1,0,0,0,0,0,0,0,0,0,0,0,0,0,0,0.0,0.0,0.0,0.0
2024_02_17_wir-wollen-so-stark-sein-dass-niemand-uns-angreift,israelis,5,5,3,0,0,0,0,0,0,0,0,0,0,0,0,0,0.6,0.0,0.0,0.0
2024_02_17_wir-wollen-so-stark-sein-dass-niemand-uns-angreift,palestinians,2,2,0,0,0,0,0,0,0,0,0,0,0,0,0,0,0.0,0.0,0.0,0.0
2024_02_17_wir-wollen-unsere-angeh-rigen-zur-ck,general_journalists,1,1,1,0,0,0,0,0,0,0,0,0,0,0,0,0,1.0,0.0,0.0,0.0
2024_02_17_wir-wollen-unsere-angeh-rigen-zur-ck,israelis,8,8,4,1,0,1,0,0,0,0,0,0,0,0,0,1,0.5,0.125,0.125,-0.5
2024_02_17_wir-wollen-unsere-angeh-rigen-zur-ck,palestinians,3,3,2,0,0,0,0,0,0,0,0,0,0,0,0,0,0.6667,0.0,0.0,0.0
2024_02_18_nachrichten-am-18-februar-2024,israelis,2,2,0,0,2,1,0,0,0,0,0,0,0,0,0,0,0.0,0.0,0.5,0.0
2024_02_18_ringen-um-eine-perspektive-auf-frieden,israelis,8,8,4,1,4,2,0,0,0,0,0,0,0,0,0,0,0.5,0.125,0.25,0.5
2024_02_18_ringen-um-eine-perspektive-auf-frieden,palestinians,4,4,3,0,0,0,0,0,0,0,0,0,0,0,0,0,0.75,0.0,0.0,0.0
2024_02_19_der-einseitige-protest-der-linken,israelis,1,1,0,0,0,1,0,0,0,0,0,0,0,0,0,0,0.0,0.0,1.0,0.0
2024_02_19_der-einseitige-protest-der-linken,palestinians,2,2,1,0,0,1,0,0,0,0,0,0,0,0,0,0,0.5,0.0,0.5,0.0
2024_02_19_die-kraft-des-rechts-muss-siegen,israelis,12,11,9,0,2,1,0,0,0,0,0,0,0,0,0,0,0.75,0.0,0.0833,0.0
2024_02_19_die-kraft-des-rechts-muss-siegen,palestinians,7,6,4,0,4,2,0,0,0,0,0,0,0,0,0,0,0.5714,0.0,0.2857,0.0
2024_02_19_leid-ist-leid-unrecht-ist-unrecht,general_journalists,1,1,1,1,0,1,0,0,0,0,0,0,0,0,0,0,1.0,1.0,1.0,0.5
2024_02_19_leid-ist-leid-unrecht-ist-unrecht,israelis,10,9,3,1,0,0,0,0,0,0,0,0,0,0,0,2,0.3,0.1,0.0,-1.5
2024_02_19_leid-ist-leid-unrecht-ist-unrecht,palestinians,7,7,3,1,0,2,0,0,2,0,0,0,0,0,0,0,0.4286,0.1429,0.2857,4.5
2024_02_19_ringen-um-frieden,israelis,9,9,5,1,0,2,0,0,0,0,0,0,0,0,0,0,0.5556,0.1111,0.2222,0.5
2024_02_19_ringen-um-frieden,palestinians,5,5,4,0,0,0,0,0,0,0,0,0,0,0,0,0,0.8,0.0,0.0,0.0
2024_02_20_die-kraft-des-rechts,israelis,12,11,9,0,0,1,0,0,0,0,0,0,0,0,0,0,0.75,0.0,0.0833,0.0
2024_02_20_die-kraft-des-rechts,palestinians,6,6,3,0,0,2,0,0,0,0,0,0,0,0,0,0,0.5,0.0,0.3333,0.0
2024_02_20_lula-hat-sich-in-der-geschichte-verlaufen,israelis,3,3,1,0,2,1,0,0,0,0,0,0,0,0,0,0,0.3333,0.0,0.3333,0.0
2024_02_20_lula-hat-sich-in-der-geschichte-verlaufen,palestinians,1,1,0,0,0,0,0,0,0,0,0,0,0,0,0,0,0.0,0.0,0.0,0.0
2024_02_20_nachrichten-am-20-februar-2024,israelis,2,2,0,0,0,0,0,0,0,0,0,0,0,0,0,0,0.0,0.0,0.0,0.0
2024_02_20_nachrichten-am-20-februar-2024,palestinians,1,1,0,0,0,0,0,0,0,0,0,0,0,0,0,0,0.0,0.0,0.0,0.0
2024_02_20_pr-gel-den-typen-mal-richtig-durch,general_journalists,2,2,2,0,0,0,0,0,0,0,0,0,0,0,0,0,1.0,0.0,0.0,0.0
2024_02_20_pr-gel-den-typen-mal-richtig-durch,israelis,4,4,2,0,0,1,0,0,0,0,0,0,0,0,0,0,0.5,0.0,0.25,0.0
2024_02_20_pr-gel-den-typen-mal-richtig-durch,palestinians,6,6,4,0,0,2,0,0,1,0,0,0,0,0,0,0,0.6667,0.0,0.3333,2.0
2024_02_20_starke-zweifel-am-sieg-der-ukraine,palestinians,1,1,0,0,0,0,0,0,0,0,0,0,0,0,0,0,0.0,0.0,0.0,0.0
2024_02_20_usa-legen-veto-gegen-un-resolution-ein,israelis,5,5,4,0,2,1,0,0,0,0,0,0,0,0,0,0,0.8,0.0,0.2,0.0
2024_02_20_usa-legen-veto-gegen-un-resolution-ein,palestinians,1,1,1,0,0,0,0,0,0,0,0,0,0,0,0,0,1.0,0.0,0.0,0.0
2024_02_21_zweifel-am-sieg,palestinians,1,1,0,0,0,0,0,0,0,0,0,0,0,0,0,0,0.0,0.0,0.0,0.0
2024_02_22_angriff-auf-die-zukunft,general_journalists,4,4,4,0,0,1,0,0,0,0,0,0,0,0,0,0,1.0,0.0,0.25,0.0
2024_02_22_angriff-auf-die-zukunft,israelis,12,12,7,3,0,1,0,0,0,0,0,0,0,0,0,0,0.5833,0.25,0.0833,1.5
2024_02_22_angriff-auf-die-zukunft,palestinians,18,17,6,0,0,2,0,0,0,0,0,0,0,0,0,2,0.3333,0.0,0.1111,-2.0
2024_02_22_veto-gegen-waffenstillstand,israelis,2,2,0,0,0,1,0,0,0,0,0,0,0,0,0,0,0.0,0.0,0.5,0.0
2024_02_22_veto-gegen-waffenstillstand,palestinians,1,1,0,0,0,1,0,0,0,0,0,0,0,0,0,0,0.0,0.0,1.0,0.0
2024_02_27_nachrichten-am-27-februar-2024,palestinians,1,1,1,0,0,0,0,1,0,0,0,0,0,0,0,0,1.0,0.0,0.0,1.5
2024_02_28_da-schreit-schon-mal-einer-heil-hitler,israelis,6,6,4,1,0,2,0,0,0,0,0,0,0,0,0,0,0.6667,0.1667,0.3333,0.5
2024_02_28_da-schreit-schon-mal-einer-heil-hitler,palestinians,8,7,3,0,0,1,0,0,2,0,0,0,0,0,0,0,0.375,0.0,0.125,4.0
2024_02_28_danke-f-r-nichts,israelis,10,9,4,3,0,1,0,0,0,0,0,0,0,0,0,2,0.4,0.3,0.1,-0.5
2024_02_28_danke-f-r-nichts,palestinians,2,2,0,0,0,0,0,0,0,0,0,0,0,0,0,0,0.0,0.0,0.0,0.0
2024_02_28_from-the-river-to-the-amtsgericht,israelis,5,3,4,0,4,1,0,0,0,0,0,0,0,0,0,0,0.8,0.0,0.2,0.0
2024_02_28_from-the-river-to-the-amtsgericht,palestinians,4,4,3,1,5,1,0,0,0,0,0,0,0,0,0,4,0.75,0.25,0.25,-3.5
2024_02_28_lass-uns-reden-freund,israelis,17,16,8,3,0,0,0,0,0,0,0,0,0,0,0,2,0.4706,0.1765,0.0,-0.5
2024_02_28_lass-uns-reden-freund,palestinians,6,6,3,0,0,0,0,0,0,0,0,0,0,0,0,6,0.5,0.0,0.0,-6.0
2024_02_28_mehr-als-1-1-millionen-asylantr-ge,palestinians,1,1,1,0,0,0,0,0,0,0,0,0,0,0,0,0,1.0,0.0,0.0,0.0
2024_02_28_nahost-biden-optimistisch,general_journalists,1,1,1,0,0,0,0,0,0,0,0,0,0,0,0,0,1.0,0.0,0.0,0.0
2024_02_28_nahost-biden-optimistisch,israelis,3,3,2,0,0,1,0,0,0,0,0,0,0,0,0,0,0.6667,0.0,0.3333,0.0
2024_02_28_nahost-biden-optimistisch,palestinians,1,1,1,0,0,0,0,0,0,0,0,0,0,0,0,0,1.0,0.0,0.0,0.0
2024_02_28_rangeleien-um-hilfslieferungen-in-gaza,palestinians,2,2,1,0,0,0,0,0,0,0,0,0,0,0,0,0,0.5,0.0,0.0,0.0
2024_02_28_rekordjahr-f-r-den-presserat,general_journalists,2,2,1,0,0,0,0,0,0,0,0,0,0,0,0,0,0.5,0.0,0.0,0.0
2024_02_28_rekordjahr-f-r-den-presserat,israelis,1,1,0,0,2,1,0,0,0,0,0,0,0,0,0,0,0.0,0.0,1.0,0.0
2024_02_28_rekordjahr-f-r-den-presserat,palestinians,1,1,0,0,2,1,0,0,0,0,0,0,0,0,0,0,0.0,0.0,1.0,0.0
2024_02_28_zuflucht-hinter-mauern,israelis,2,2,1,0,0,1,0,0,0,0,0,0,0,0,0,0,0.5,0.0,0.5,0.0
2024_02_28_zuflucht-hinter-mauern,palestinians,7,7,3,0,0,1,0,0,0,0,1,0,0,0,0,0,0.4286,0.0,0.1429,2.5
2024_02_29_1-1-millionen-asylantr-ge,palestinians,1,1,1,0,0,0,0,0,0,0,0,0,0,0,0,0,1.0,0.0,0.0,0.0
2024_02_29_d-mpfer-f-r-pr-sident-biden-in-michigan,israelis,5,5,0,1,0,2,0,0,0,0,0,0,0,0,0,2,0.0,0.2,0.4,-1.5
2024_02_29_d-mpfer-f-r-pr-sident-biden-in-michigan,palestinians,5,5,2,0,0,1,0,0,0,0,0,0,0,0,0,0,0.4,0.0,0.2,0.0
2024_02_29_gleich-ins-gefecht,israelis,2,2,2,0,0,0,0,0,0,0,0,0,0,0,0,0,1.0,0.0,0.0,0.0
2024_02_29_gleich-ins-gefecht,palestinians,1,1,1,0,0,0,0,0,0,0,0,0,0,0,0,0,1.0,0.0,0.0,0.0
2024_02_29_israels-milit-r-haben-menschen-in-gaza-nicht-gezielt-angegriffen,israelis,1,1,1,0,0,0,0,0,0,0,0,0,0,0,0,0,1.0,0.0,0.0,0.0
2024_02_29_israels-milit-r-haben-menschen-in-gaza-nicht-gezielt-angegriffen,palestinians,2,2,2,0,0,0,0,0,0,0,0,0,0,0,0,2,1.0,0.0,0.0,-2.0
2024_02_29_nachrichten-am-29-februar-2024,israelis,3,3,1,0,0,0,0,0,0,0,0,0,0,0,0,2,0.3333,0.0,0.0,-2.0
2024_02_29_nachrichten-am-29-februar-2024,palestinians,1,1,0,0,0,0,0,0,0,0,0,0,0,0,0,0,0.0,0.0,0.0,0.0
2024_02_29_streit-um-polizeigewalt-spitzt-sich-zu,israelis,1,1,1,0,0,0,0,0,0,0,0,0,0,0,0,0,1.0,0.0,0.0,0.0
2024_02_29_und-die-menschen-h-tten-so-viel-zu-sagen,israelis,2,2,0,0,2,1,0,0,0,0,0,0,0,0,0,0,0.0,0.0,0.5,0.0
2024_02_29_und-die-menschen-h-tten-so-viel-zu-sagen,palestinians,1,1,0,0,0,0,0,0,0,0,0,0,0,0,0,0,0.0,0.0,0.0,0.0
2024_02_29_wer-sonst,palestinians,1,1,0,0,0,0,0,0,0,0,0,0,0,0,0,0,0.0,0.0,0.0,0.0
2024_03_01_110-tote-und-keiner-will-schuld-sein,general_journalists,2,2,1,0,0,0,0,0,0,0,0,0,0,0,1,0,0.5,0.0,0.0,0.5
2024_03_01_110-tote-und-keiner-will-schuld-sein,israelis,7,7,4,0,0,0,0,0,1,0,0,0,0,0,0,0,0.5714,0.0,0.0,2.0
2024_03_01_110-tote-und-keiner-will-schuld-sein,palestinians,9,8,4,1,8,2,0,0,1,0,0,0,0,0,0,0,0.4444,0.1111,0.2222,2.5
2024_03_01_die-verantwortung-bernimmt-ja-wer-eigentlich,general_journalists,1,1,0,0,2,1,0,0,0,0,0,0,0,0,0,0,0.0,0.0,1.0,0.0
2024_03_01_die-verantwortung-bernimmt-ja-wer-eigentlich,israelis,4,4,3,0,0,0,0,0,0,0,0,0,0,0,0,0,0.75,0.0,0.0,0.0
2024_03_01_die-verantwortung-bernimmt-ja-wer-eigentlich,palestinians,5,5,1,1,3,1,0,0,0,0,0,0,0,0,0,2,0.2,0.2,0.2,-1.5
2024_03_01_emp-rung-nach-t-dlichen-sch-ssen-bei-hilfskonvoi,general_journalists,2,2,0,0,0,0,0,0,0,0,0,0,0,0,0,0,0.0,0.0,0.0,0.0
2024_03_01_emp-rung-nach-t-dlichen-sch-ssen-bei-hilfskonvoi,israelis,6,6,1,0,3,1,0,0,0,0,0,0,0,0,0,2,0.1667,0.0,0.1667,-2.0
2024_03_01_emp-rung-nach-t-dlichen-sch-ssen-bei-hilfskonvoi,palestinians,5,5,3,1,4,2,0,0,0,0,0,0,0,0,0,0,0.6,0.2,0.4,0.5
2024_03_01_hilfskonvoi-in-gaza-so-wird-die-katastrophe-politisch-missbraucht,israelis,2,2,0,0,0,0,0,0,0,0,0,0,0,0,0,0,0.0,0.0,0.0,0.0
2024_03_01_hilfskonvoi-in-gaza-so-wird-die-katastrophe-politisch-missbraucht,palestinians,1,1,0,0,2,1,0,0,0,0,0,0,0,0,0,0,0.0,0.0,1.0,0.0
2024_03_01_t-dliche-szenen-am-hilfskonvoi,general_journalists,2,2,1,0,0,0,0,0,0,0,0,0,0,0,0,0,0.5,0.0,0.0,0.0
2024_03_01_t-dliche-szenen-am-hilfskonvoi,israelis,4,4,2,0,0,0,0,0,0,0,0,0,0,0,0,2,0.5,0.0,0.0,-2.0
2024_03_01_t-dliche-szenen-am-hilfskonvoi,palestinians,5,4,5,0,0,0,0,0,1,0,0,0,0,0,0,0,1.0,0.0,0.0,2.0
2024_03_01_viele-tote-bei-ansturm-auf-hilfsg-ter-in-gaza,general_journalists,1,1,0,0,0,0,0,0,0,0,0,0,0,0,0,0,0.0,0.0,0.0,0.0
2024_03_01_viele-tote-bei-ansturm-auf-hilfsg-ter-in-gaza,israelis,4,4,1,0,0,0,0,0,0,0,0,0,0,0,0,2,0.25,0.0,0.0,-2.0
2024_03_01_viele-tote-bei-ansturm-auf-hilfsg-ter-in-gaza,palestinians,6,6,2,1,0,1,0,0,0,0,0,0,0,0,0,0,0.3333,0.1667,0.1667,0.5
2024_03_01_viele-tote-nach-ansturm-auf-hilfsg-ter-in-gaza,israelis,1,1,1,0,0,0,0,0,0,0,0,0,0,0,0,0,1.0,0.0,0.0,0.0
2024_03_01_viele-tote-nach-ansturm-auf-hilfsg-ter-in-gaza,palestinians,2,2,2,0,0,0,0,0,0,0,0,0,0,0,0,0,1.0,0.0,0.0,0.0
2024_03_01_wahl-ohne-wahl,israelis,2,2,0,0,0,1,0,0,0,0,0,0,0,0,0,0,0.0,0.0,0.5,0.0
2024_03_01_wahl-ohne-wahl,palestinians,1,1,0,0,0,0,0,0,0,0,0,0,0,0,0,0,0.0,0.0,0.0,0.0
2024_03_02_110-tote-keiner-will-schuld-sein,general_journalists,2,2,1,0,0,0,0,0,0,0,0,0,0,0,1,0,0.5,0.0,0.0,0.5
2024_03_02_110-tote-keiner-will-schuld-sein,israelis,8,8,5,0,0,0,0,0,0,0,0,0,0,0,0,0,0.625,0.0,0.0,0.0
2024_03_02_110-tote-keiner-will-schuld-sein,palestinians,9,8,4,0,0,2,0,0,0,0,0,0,0,0,1,0,0.4444,0.0,0.2222,0.5
2024_03_02_am-ende,general_journalists,1,1,0,0,0,0,0,0,0,0,0,0,0,0,0,0,0.0,0.0,0.0,0.0
2024_03_02_am-ende,israelis,13,13,5,1,0,7,0,0,0,0,0,0,0,0,1,0,0.3846,0.0769,0.5385,1.0
2024_03_02_am-ende,palestinians,12,12,6,0,0,4,0,0,1,0,0,0,0,0,0,0,0.5,0.0,0.3333,2.0
2024_03_02_desaster-und-albtraum,general_journalists,1,1,0,0,0,1,0,0,0,0,0,0,0,0,0,0,0.0,0.0,1.0,0.0
2024_03_02_desaster-und-albtraum,israelis,4,4,3,0,0,0,0,0,0,0,0,0,0,0,0,0,0.75,0.0,0.0,0.0
2024_03_02_desaster-und-albtraum,palestinians,4,4,1,1,0,1,0,0,0,0,0,0,0,0,0,2,0.25,0.25,0.25,-1.5
2024_03_02_ein-bisschen-frieden,general_journalists,1,1,0,0,0,0,0,0,0,0,0,0,0,0,0,0,0.0,0.0,0.0,0.0
2024_03_02_ein-bisschen-frieden,israelis,10,10,3,0,0,6,0,0,0,0,0,0,0,0,0,0,0.3,0.0,0.6,0.0
2024_03_02_nachrichten-vom-02-m-rz-2024,israelis,1,1,1,0,0,0,0,0,0,0,0,0,0,0,0,0,1.0,0.0,0.0,0.0
2024_03_03_von-unabh-ngigkeit-und-sch-nheit,israelis,1,1,1,0,0,0,0,0,0,0,0,0,0,0,0,2,1.0,0.0,0.0,-2.0
2024_03_03_von-unabh-ngigkeit-und-sch-nheit,palestinians,3,3,1,0,2,1,0,0,0,0,0,0,0,0,0,2,0.3333,0.0,0.3333,-2.0
2024_03_04_airdrop,palestinians,1,1,1,0,0,0,0,0,0,0,0,0,0,0,0,0,1.0,0.0,0.0,0.0
2024_03_04_deutschland-misst-mit-zweierlei-ma,israelis,7,7,2,0,0,0,0,0,1,0,0,0,0,0,0,1,0.2857,0.0,0.0,1.0
2024_03_04_deutschland-misst-mit-zweierlei-ma,palestinians,9,7,3,0,0,0,0,0,2,0,0,0,0,0,1,2,0.3333,0.0,0.0,2.5
2024_03_04_ein-alter-bekannter-kehrt-ins-unterhaus-zur-ck,israelis,1,1,1,0,2,1,0,0,0,0,0,0,0,0,0,0,1.0,0.0,1.0,0.0
2024_03_04_ein-alter-bekannter-kehrt-ins-unterhaus-zur-ck,palestinians,3,2,1,0,12,2,0,0,0,0,0,0,0,0,0,0,0.3333,0.0,0.6667,0.0
2024_03_04_ich-sp-re-eine-gro-e-verunsicherung-in-den-schulen,general_journalists,2,2,2,0,0,0,0,0,0,0,0,0,0,0,0,0,1.0,0.0,0.0,0.0
2024_03_04_ich-sp-re-eine-gro-e-verunsicherung-in-den-schulen,israelis,8,6,2,0,0,0,0,0,0,0,0,0,0,0,0,0,0.25,0.0,0.0,0.0
2024_03_04_ich-sp-re-eine-gro-e-verunsicherung-in-den-schulen,palestinians,1,1,1,0,0,0,0,0,0,0,0,0,0,0,0,0,1.0,0.0,0.0,0.0
2024_03_04_in-gottes-namen,israelis,16,16,6,2,0,5,0,0,0,0,0,0,0,0,0,0,0.375,0.125,0.3125,1.0
2024_03_04_in-gottes-namen,palestinians,4,4,2,0,0,0,0,0,1,0,1,0,0,0,0,0,0.5,0.0,0.0,4.5
2024_03_04_israel-untermauert-terrorvorw-rfe-gegen-un-pal-stinenserhilfswerk,israelis,1,1,1,0,0,0,0,0,0,0,0,0,0,0,0,0,1.0,0.0,0.0,0.0
2024_03_04_israel-untermauert-terrorvorw-rfe-gegen-un-pal-stinenserhilfswerk,palestinians,1,1,0,0,0,0,0,0,0,0,0,0,0,0,0,0,0.0,0.0,0.0,0.0
2024_03_04_mit-gerechtigkeit-gegen-rechts,palestinians,2,2,0,0,0,0,0,0,1,0,0,0,0,0,0,0,0.0,0.0,0.0,2.0
2024_03_04_sprechen,israelis,1,1,1,0,0,0,0,0,0,0,0,0,0,0,0,2,1.0,0.0,0.0,-2.0
2024_03_04_sprechen,palestinians,3,3,1,0,0,1,0,0,0,0,0,0,0,0,0,2,0.3333,0.0,0.3333,-2.0
2024_03_04_usa-dr-ngen-israel-zu-waffenruhe,israelis,8,8,4,0,0,3,0,0,0,0,0,0,0,0,0,0,0.5,0.0,0.375,0.0
2024_03_04_usa-dr-ngen-israel-zu-waffenruhe,palestinians,4,4,2,0,0,0,0,0,0,0,0,0,0,0,0,0,0.5,0.0,0.0,0.0
2024_03_04_viele-wollen-mit-deutschland-nichts-mehr-zu-tun-haben,israelis,9,9,7,0,1,0,0,0,0,0,0,0,0,0,0,1,0.7778,0.0,0.0,-1.0
2024_03_04_viele-wollen-mit-deutschland-nichts-mehr-zu-tun-haben,palestinians,3,3,2,0,0,0,0,0,0,0,0,0,0,0,0,0,0.6667,0.0,0.0,0.0
2024_03_04_was-bringt-der-super-tuesday,palestinians,1,1,1,0,0,0,0,0,0,0,0,0,0,0,0,0,1.0,0.0,0.0,0.0
2024_03_05_alles-ist-m-glich-sagt-joshua-sobol,israelis,8,8,3,0,0,3,0,0,0,0,0,0,0,0,0,0,0.375,0.0,0.375,0.0
2024_03_05_alles-ist-m-glich-sagt-joshua-sobol,palestinians,3,3,2,1,0,1,0,0,0,0,0,0,0,0,0,0,0.6667,0.3333,0.3333,0.5
2024_03_05_ein-fall-f-r-den-pr-sidenten,general_journalists,1,1,0,0,0,0,0,0,0,0,0,0,0,0,0,0,0.0,0.0,0.0,0.0
2024_03_05_ein-fall-f-r-den-pr-sidenten,israelis,6,6,2,1,0,1,0,0,0,0,0,0,0,0,0,0,0.3333,0.1667,0.1667,0.5
2024_03_05_ein-fall-f-r-den-pr-sidenten,palestinians,1,1,0,0,0,0,0,0,0,0,0,0,0,0,0,0,0.0,0.0,0.0,0.0
2024_03_05_ein-gekapptes-internetkabel-und-viele-fragen,general_journalists,1,1,1,1,0,0,0,0,0,0,0,0,0,0,0,0,1.0,1.0,0.0,0.5
2024_03_05_ein-gekapptes-internetkabel-und-viele-fragen,israelis,1,1,1,0,0,0,0,0,0,0,0,0,0,0,0,0,1.0,0.0,0.0,0.0
2024_03_05_ein-gekapptes-internetkabel-und-viele-fragen,palestinians,2,2,1,0,0,0,0,0,0,0,0,0,0,0,0,0,0.5,0.0,0.0,0.0
2024_03_05_entt-uschte-muslime-als-zielgruppe,general_journalists,2,2,2,1,0,0,0,0,0,0,0,0,0,0,0,0,1.0,0.5,0.0,0.5
2024_03_05_entt-uschte-muslime-als-zielgruppe,israelis,1,1,1,0,0,0,0,0,0,0,0,0,0,0,0,0,1.0,0.0,0.0,0.0
2024_03_05_entt-uschte-muslime-als-zielgruppe,palestinians,4,4,4,0,0,2,0,0,0,0,0,0,0,0,0,0,1.0,0.0,0.5,0.0
2024_03_05_es-gibt-keine-ausreden,general_journalists,1,1,1,0,0,1,0,0,0,0,0,0,0,0,0,0,1.0,0.0,1.0,0.0
2024_03_05_es-gibt-keine-ausreden,israelis,9,9,8,0,0,2,0,0,0,0,0,0,0,0,1,2,0.8889,0.0,0.2222,-1.5
2024_03_05_es-gibt-keine-ausreden,palestinians,10,10,5,0,0,3,0,0,0,0,0,0,0,0,1,6,0.5,0.0,0.3,-5.5
2024_03_05_gantz-reist-nach-washington-und-blamiert-netanjahu,general_journalists,1,1,0,0,0,0,0,0,0,0,0,0,0,0,0,0,0.0,0.0,0.0,0.0
2024_03_05_gantz-reist-nach-washington-und-blamiert-netanjahu,israelis,12,12,4,0,2,1,0,0,0,0,0,0,0,0,0,0,0.3333,0.0,0.0833,0.0
2024_03_05_gantz-reist-nach-washington-und-blamiert-netanjahu,palestinians,4,4,3,0,2,1,0,0,0,0,0,0,0,0,0,0,0.75,0.0,0.25,0.0
2024_03_05_george-galloway,israelis,1,1,1,0,0,1,0,0,0,0,0,0,0,0,0,0,1.0,0.0,1.0,0.0
2024_03_05_george-galloway,palestinians,3,2,1,0,0,2,0,0,0,0,0,0,0,0,0,0,0.3333,0.0,0.6667,0.0
2024_03_05_ich-sp-re-gro-e-verunsicherung-in-den-schulen,general_journalists,2,2,2,0,0,0,0,0,0,0,0,0,0,0,0,0,1.0,0.0,0.0,0.0
2024_03_05_ich-sp-re-gro-e-verunsicherung-in-den-schulen,israelis,8,6,2,0,0,0,0,0,0,0,0,0,0,0,0,0,0.25,0.0,0.0,0.0
2024_03_05_ich-sp-re-gro-e-verunsicherung-in-den-schulen,palestinians,1,1,0,0,0,0,0,0,0,0,0,0,0,0,0,0,0.0,0.0,0.0,0.0
2024_03_05_un-best-tigen-welle-sexualisierter-gewalt,general_journalists,2,2,1,0,0,0,0,0,0,0,0,0,0,0,0,0,0.5,0.0,0.0,0.0
2024_03_05_un-best-tigen-welle-sexualisierter-gewalt,israelis,7,7,5,0,0,0,2,0,0,0,0,0,0,0,0,0,0.7143,0.0,0.0,4.0
2024_03_05_un-best-tigen-welle-sexualisierter-gewalt,palestinians,1,1,0,0,0,0,0,0,0,0,0,0,0,0,0,0,0.0,0.0,0.0,0.0
2024_03_05_wir-wurden-gecancelt,israelis,10,10,8,0,0,2,0,0,0,0,0,0,0,0,0,1,0.8,0.0,0.2,-1.0
2024_03_05_wir-wurden-gecancelt,palestinians,3,3,2,0,0,0,0,0,0,0,0,0,0,0,0,0,0.6667,0.0,0.0,0.0
2024_03_05_zweierlei-ma,israelis,8,8,2,0,0,0,0,0,1,0,0,0,0,0,0,1,0.25,0.0,0.0,1.0
2024_03_05_zweierlei-ma,palestinians,8,6,3,0,0,0,0,0,2,0,0,0,0,0,1,2,0.375,0.0,0.0,2.5
2024_03_06_angst-vor-einem-monat-des-terrors,israelis,3,3,2,0,0,0,0,0,0,0,0,0,0,0,0,0,0.6667,0.0,0.0,0.0
2024_03_06_angst-vor-einem-monat-des-terrors,palestinians,9,8,6,0,2,1,0,0,1,0,0,0,0,0,0,0,0.6667,0.0,0.1111,2.0
2024_03_06_dieses-jahr-stehen-wir-geschlossen-gegen-den-rechtsruck-in-der-gesellschaft,israelis,1,1,0,0,0,0,0,0,0,0,0,0,0,0,0,0,0.0,0.0,0.0,0.0
2024_03_06_dieses-jahr-stehen-wir-geschlossen-gegen-den-rechtsruck-in-der-gesellschaft,palestinians,1,1,1,0,0,0,0,0,0,0,0,0,0,0,0,0,1.0,0.0,0.0,0.0
2024_03_06_es-herrscht-die-berzeugung-vor-dass-die-frau-dem-mann-geh-ren-soll,palestinians,1,1,0,0,0,0,0,0,0,0,0,0,0,0,0,0,0.0,0.0,0.0,0.0
2024_03_06_gantz-blamiert-netanjahu,general_journalists,1,1,1,0,0,0,0,0,0,0,0,0,0,0,0,0,1.0,0.0,0.0,0.0
2024_03_06_gantz-blamiert-netanjahu,israelis,10,10,3,0,0,1,0,0,0,0,0,0,0,0,0,0,0.3,0.0,0.1,0.0
2024_03_06_gantz-blamiert-netanjahu,palestinians,4,4,3,0,0,1,0,0,0,0,0,0,0,0,0,0,0.75,0.0,0.25,0.0
2024_03_06_israel-billigt-wohl-hilfslieferungen-auf-dem-seeweg,israelis,1,1,1,0,0,0,0,0,0,0,0,0,0,0,0,0,1.0,0.0,0.0,0.0
2024_03_06_israel-billigt-wohl-hilfslieferungen-auf-dem-seeweg,palestinians,1,1,0,0,0,0,0,0,0,0,0,0,0,0,0,0,0.0,0.0,0.0,0.0
2024_03_06_welle-sexualisierter-gewalt,general_journalists,2,2,1,0,0,0,0,0,0,0,0,0,0,0,0,0,0.5,0.0,0.0,0.0
2024_03_06_welle-sexualisierter-gewalt,israelis,3,3,1,0,0,0,1,0,0,0,0,0,0,0,0,0,0.3333,0.0,0.0,2.0
2024_03_06_welle-sexualisierter-gewalt,palestinians,1,1,0,0,0,0,0,0,0,0,0,0,0,0,0,0,0.0,0.0,0.0,0.0
2024_03_06_wir-sind-doch-nicht-alle-monster,israelis,7,7,6,0,8,3,0,0,0,0,0,0,0,0,0,2,0.8571,0.0,0.4286,-2.0
2024_03_06_wir-sind-doch-nicht-alle-monster,palestinians,17,17,9,0,5,2,0,0,0,0,0,0,0,0,0,3,0.5294,0.0,0.1176,-3.0
2024_03_07_angestrengt-harmonisch,israelis,2,2,1,0,0,0,0,0,0,0,0,0,0,0,0,0,0.5,0.0,0.0,0.0
2024_03_07_angestrengt-harmonisch,palestinians,1,1,1,0,0,0,0,0,0,0,0,0,0,0,0,0,1.0,0.0,0.0,0.0
2024_03_07_angst-vor-terror-und-provokation,israelis,3,3,2,0,0,0,0,0,0,0,0,0,0,0,0,0,0.6667,0.0,0.0,0.0
2024_03_07_angst-vor-terror-und-provokation,palestinians,9,8,7,0,0,1,0,0,1,0,0,0,0,0,0,0,0.7778,0.0,0.1111,2.0
2024_03_07_deutschland-auf-der-anklagebank,israelis,17,16,9,1,7,3,0,0,0,0,0,0,0,0,0,0,0.5294,0.0588,0.1765,0.5
2024_03_07_deutschland-auf-der-anklagebank,palestinians,2,2,2,0,0,0,0,0,0,0,0,0,0,0,0,0,1.0,0.0,0.0,0.0
2024_03_07_dieser-ort-ist-nicht-f-r-menschen-geeignet-sondern-f-r-tiere,israelis,4,3,4,0,0,0,0,0,0,0,0,0,0,0,0,2,1.0,0.0,0.0,-2.0
2024_03_07_dieser-ort-ist-nicht-f-r-menschen-geeignet-sondern-f-r-tiere,palestinians,6,6,3,2,0,1,0,0,0,0,0,0,0,0,0,2,0.5,0.3333,0.1667,-1.0
2024_03_07_es-ist-die-h-lle-hier,israelis,7,7,6,0,0,3,0,0,0,0,0,0,0,0,0,2,0.8571,0.0,0.4286,-2.0
2024_03_07_es-ist-die-h-lle-hier,palestinians,15,15,7,0,0,1,0,0,0,0,0,0,0,0,0,3,0.4667,0.0,0.0667,-3.0
2024_03_07_f-r-frauenrechte,israelis,1,1,0,0,0,0,0,0,0,0,0,0,0,0,0,0,0.0,0.0,0.0,0.0
2024_03_07_f-r-frauenrechte,palestinians,1,1,1,0,0,0,0,0,0,0,0,0,0,0,0,0,1.0,0.0,0.0,0.0
2024_03_07_hier-etwas-das-nichts-mit-krieg-zu-tun-hat,israelis,4,4,2,0,0,0,0,0,0,0,0,0,0,0,0,0,0.5,0.0,0.0,0.0
2024_03_07_hier-etwas-das-nichts-mit-krieg-zu-tun-hat,palestinians,2,2,1,0,3,1,0,0,0,0,0,0,0,0,0,0,0.5,0.0,0.5,0.0
2024_03_07_israel-genehmigt-hilfen-auf-seeweg-f-r-gaza,israelis,3,2,3,0,0,0,0,0,0,0,0,0,0,0,0,0,1.0,0.0,0.0,0.0
2024_03_07_israel-genehmigt-hilfen-auf-seeweg-f-r-gaza,palestinians,1,1,0,0,0,0,0,0,0,0,0,0,0,0,0,0,0.0,0.0,0.0,0.0
2024_03_07_mit-einer-notbr-cke-will-biden-gaza-retten-und-sich-selbst,general_journalists,1,1,1,0,2,1,0,0,0,0,0,0,0,0,0,0,1.0,0.0,1.0,0.0
2024_03_07_mit-einer-notbr-cke-will-biden-gaza-retten-und-sich-selbst,israelis,5,5,5,1,2,1,0,0,0,0,0,0,0,0,0,0,1.0,0.2,0.2,0.5
2024_03_07_mit-einer-notbr-cke-will-biden-gaza-retten-und-sich-selbst,palestinians,14,12,11,0,0,0,0,0,3,0,0,0,0,0,0,0,0.7857,0.0,0.0,6.0
2024_03_07_usa-wollen-tempor-ren-hafen-f-r-hilfslieferungen-nach-gaza-einrichten,palestinians,1,1,1,0,0,0,0,0,0,0,0,0,0,0,0,0,1.0,0.0,0.0,0.0
2024_03_07_was-f-r-ein-gl-ck-ist-dieses-buch,israelis,2,2,2,0,0,0,0,0,0,0,0,0,0,0,0,0,1.0,0.0,0.0,0.0
2024_03_07_was-f-r-ein-gl-ck-ist-dieses-buch,palestinians,1,1,0,0,0,0,0,0,0,0,0,0,0,0,0,0,0.0,0.0,0.0,0.0
2024_03_08_auf-der-anklagebank,israelis,17,16,9,1,0,4,0,0,0,0,0,0,0,0,0,0,0.5294,0.0588,0.2353,0.5
2024_03_08_auf-der-anklagebank,palestinians,3,2,3,0,0,0,0,0,0,0,0,0,0,0,0,0,1.0,0.0,0.0,0.0
2024_03_08_das-beste-was-wir-jetzt-tun-k-nnen-ist-in-die-nato-zu-investieren,israelis,2,2,1,0,0,0,0,0,0,0,0,0,0,0,0,0,0.5,0.0,0.0,0.0
2024_03_08_das-beste-was-wir-jetzt-tun-k-nnen-ist-in-die-nato-zu-investieren,palestinians,1,1,0,0,0,0,0,0,0,0,0,0,0,0,0,0,0.0,0.0,0.0,0.0
2024_03_08_deine-kindheit-soll-sch-ner-werden,israelis,1,1,0,0,0,1,0,0,0,0,0,0,0,0,0,0,0.0,0.0,1.0,0.0
2024_03_08_deine-kindheit-soll-sch-ner-werden,palestinians,1,1,1,0,0,1,0,0,0,0,0,0,0,0,0,0,1.0,0.0,1.0,0.0
2024_03_08_eine-seebr-cke-gegen-den-hunger-im-gazastreifen,israelis,15,15,9,1,4,2,0,0,0,0,0,0,0,0,0,0,0.6,0.0667,0.1333,0.5
2024_03_08_eine-seebr-cke-gegen-den-hunger-im-gazastreifen,palestinians,4,4,4,0,0,0,0,0,0,0,0,0,0,0,0,0,1.0,0.0,0.0,0.0
2024_03_08_hier-was-das-nichts-mit-krieg-zu-tun-hat,israelis,3,3,2,0,0,0,0,0,0,0,0,0,0,0,0,0,0.6667,0.0,0.0,0.0
2024_03_08_hier-was-das-nichts-mit-krieg-zu-tun-hat,palestinians,1,1,1,0,0,0,0,0,0,0,0,0,0,0,0,0,1.0,0.0,0.0,0.0
2024_03_08_man-will-heute-immer-wissen-auf-welcher-seite-stehst-du,palestinians,2,2,1,0,0,0,0,0,0,0,0,0,0,0,0,2,0.5,0.0,0.0,-2.0
2024_03_08_mit-einer-behelfsbr-cke-will-biden-gaza-retten-und-sich-selbst,general_journalists,1,1,1,0,2,1,0,0,0,0,0,0,0,0,0,0,1.0,0.0,1.0,0.0
2024_03_08_mit-einer-behelfsbr-cke-will-biden-gaza-retten-und-sich-selbst,israelis,7,7,7,1,4,2,0,0,0,0,0,0,0,0,0,0,1.0,0.1429,0.2857,0.5
2024_03_08_mit-einer-behelfsbr-cke-will-biden-gaza-retten-und-sich-selbst,palestinians,17,15,13,1,5,2,0,0,4,0,0,0,0,0,0,0,0.7647,0.0588,0.1176,8.5
2024_03_08_nachrichten-am-8-m-rz-2024,palestinians,1,1,0,0,0,0,0,0,0,0,0,0,0,0,0,0,0.0,0.0,0.0,0.0
2024_03_08_notbr-cke-nach-gaza,general_journalists,1,1,1,0,0,1,0,0,0,0,0,0,0,0,0,0,1.0,0.0,1.0,0.0
2024_03_08_notbr-cke-nach-gaza,israelis,5,5,5,1,0,1,0,0,0,0,0,0,0,0,0,0,1.0,0.2,0.2,0.5
2024_03_08_notbr-cke-nach-gaza,palestinians,11,10,9,0,0,0,0,0,2,0,0,0,0,0,0,0,0.8182,0.0,0.0,4.0
2024_03_08_panarabische-entt-uschung,general_journalists,1,1,1,1,0,0,0,0,0,0,0,0,0,0,0,0,1.0,1.0,0.0,0.5
2024_03_08_panarabische-entt-uschung,israelis,5,5,2,0,0,1,0,0,0,0,0,0,0,0,0,0,0.4,0.0,0.2,0.0
2024_03_08_panarabische-entt-uschung,palestinians,6,6,0,0,0,0,0,0,0,0,0,0,0,0,0,2,0.0,0.0,0.0,-2.0
2024_03_08_was-f-r-ein-gl-ck,israelis,1,1,1,0,0,0,0,0,0,0,0,0,0,0,0,0,1.0,0.0,0.0,0.0
2024_03_08_was-f-r-ein-gl-ck,palestinians,1,1,0,0,0,0,0,0,0,0,0,0,0,0,0,0,0.0,0.0,0.0,0.0
2024_03_09_die-rede-seines-lebens,israelis,4,4,3,0,0,1,0,0,0,0,0,0,0,0,0,0,0.75,0.0,0.25,0.0
2024_03_09_die-rede-seines-lebens,palestinians,2,2,1,0,0,0,0,0,0,0,0,0,0,0,0,2,0.5,0.0,0.0,-2.0
2024_03_09_eine-seebr-cke-gegen-den-hunger,israelis,13,13,8,1,0,2,0,0,0,0,0,0,0,0,0,0,0.6154,0.0769,0.1538,0.5
2024_03_09_eine-seebr-cke-gegen-den-hunger,palestinians,4,4,4,0,0,0,0,0,0,0,0,0,0,0,0,0,1.0,0.0,0.0,0.0
2024_03_09_eine-t-dliche-regierung,palestinians,1,1,1,0,0,0,0,0,0,0,0,0,0,0,0,0,1.0,0.0,0.0,0.0
2024_03_09_ramadan-w-hrend-des-gaza-kriegs-wie-politisch-ist-der-fastenmonat,israelis,2,2,2,0,0,0,0,0,0,0,0,0,0,0,0,0,1.0,0.0,0.0,0.0
2024_03_09_ressentiment-im-parlament,israelis,1,1,0,0,1,0,0,0,0,0,0,0,0,0,0,0,0.0,0.0,0.0,0.0
2024_03_09_ressentiment-im-parlament,palestinians,1,1,1,0,1,0,0,0,0,0,0,0,0,0,0,0,1.0,0.0,0.0,0.0
2024_03_09_wir-sind-an-einem-wendepunkt,israelis,2,2,1,0,0,0,0,0,0,0,0,0,0,0,0,0,0.5,0.0,0.0,0.0
2024_03_09_wir-sind-an-einem-wendepunkt,palestinians,2,2,0,0,0,0,0,0,0,0,0,0,0,0,0,0,0.0,0.0,0.0,0.0
2024_03_09_wut,palestinians,2,2,1,0,0,0,0,0,0,0,0,0,0,0,0,2,0.5,0.0,0.0,-2.0
2024_03_10_biden-zieht-eine-rote-linie-die-keine-ist,israelis,2,2,1,0,2,1,0,0,0,0,0,0,0,0,0,0,0.5,0.0,0.5,0.0
2024_03_10_biden-zieht-eine-rote-linie-die-keine-ist,palestinians,3,3,3,0,0,0,0,0,0,0,0,0,0,0,0,2,1.0,0.0,0.0,-2.0
2024_03_10_das-sind-menschen,israelis,6,6,6,0,2,1,0,0,0,0,0,0,0,0,0,0,1.0,0.0,0.1667,0.0
2024_03_10_das-sind-menschen,palestinians,3,3,0,0,0,0,0,0,0,0,0,0,0,0,0,1,0.0,0.0,0.0,-1.0
2024_03_11_biden-attackiert-netanjahu,israelis,4,3,2,0,0,3,0,0,0,0,0,0,0,0,0,0,0.5,0.0,0.75,0.0
2024_03_11_biden-attackiert-netanjahu,palestinians,1,1,0,0,0,1,0,0,0,0,0,0,0,0,0,2,0.0,0.0,1.0,-2.0
2024_03_11_essen-gegen-geiseln,israelis,21,21,7,0,0,1,0,0,0,0,0,0,0,0,1,0,0.3333,0.0,0.0476,0.5
2024_03_11_essen-gegen-geiseln,palestinians,10,10,4,0,0,0,0,0,0,0,0,0,0,0,0,0,0.4,0.0,0.0,0.0
2024_03_11_nur-eine-zittrige-rote-linie,israelis,1,1,1,0,0,1,0,0,0,0,0,0,0,0,0,0,1.0,0.0,1.0,0.0
2024_03_11_nur-eine-zittrige-rote-linie,palestinians,2,2,2,0,0,0,0,0,0,0,0,0,0,0,0,0,1.0,0.0,0.0,0.0
2024_03_11_sieger-des-publikums-und-der-academy,israelis,1,1,0,0,3,1,0,0,0,0,0,0,0,0,1,0,0.0,0.0,1.0,0.5
2024_03_11_sieger-des-publikums-und-der-academy,palestinians,1,1,0,0,3,1,0,0,0,0,0,0,0,0,1,0,0.0,0.0,1.0,0.5
2024_03_11_warnsignale-mit-vielen-adressaten,israelis,6,5,4,0,0,4,0,0,0,0,0,0,0,0,0,0,0.6667,0.0,0.6667,0.0
2024_03_11_warnsignale-mit-vielen-adressaten,palestinians,3,3,2,1,0,0,0,0,0,0,0,0,0,0,0,0,0.6667,0.3333,0.0,0.5
2024_03_12_der-angriff-auf-rafah-wird-kommen,israelis,8,8,3,0,2,1,0,0,0,0,0,0,0,0,0,0,0.375,0.0,0.125,0.0
2024_03_12_der-angriff-auf-rafah-wird-kommen,palestinians,4,4,2,0,0,0,0,0,0,0,0,0,0,0,0,0,0.5,0.0,0.0,0.0
2024_03_12_der-herr-des-desasters,israelis,20,18,11,1,0,4,0,0,0,0,0,0,0,0,0,0,0.55,0.05,0.2,0.5
2024_03_12_der-herr-des-desasters,palestinians,9,8,6,1,0,1,0,0,2,0,0,1,0,0,0,2,0.6667,0.1111,0.1111,5.0
2024_03_12_eine-schande-wirklich,israelis,7,7,4,0,0,0,0,0,0,0,0,0,0,0,0,0,0.5714,0.0,0.0,0.0
2024_03_12_eine-schande-wirklich,palestinians,5,4,3,0,0,3,0,0,0,0,0,0,0,0,0,0,0.6,0.0,0.6,0.0
2024_03_13_auch-die-bundeswehr-soll-aus-der-luft-helfen,palestinians,1,1,1,0,0,0,0,0,0,0,0,0,0,0,0,0,1.0,0.0,0.0,0.0
2024_03_13_biden-und-trump-haben-ihre-delegiertenstimmen-zusammen,israelis,1,1,1,0,0,0,0,0,0,0,0,0,0,0,0,0,1.0,0.0,0.0,0.0
2024_03_13_biden-und-trump-haben-ihre-delegiertenstimmen-zusammen,palestinians,1,1,0,0,0,0,0,0,0,0,0,0,0,0,0,0,0.0,0.0,0.0,0.0
2024_03_13_comics-gegen-chaos,israelis,5,5,3,0,1,0,0,0,0,0,0,0,0,0,0,0,0.6,0.0,0.0,0.0
2024_03_13_comics-gegen-chaos,palestinians,1,1,0,0,0,0,0,0,0,0,0,0,0,0,0,0,0.0,0.0,0.0,0.0
2024_03_13_die-geduld-schwindet,israelis,10,10,9,1,0,2,0,0,0,0,0,0,0,0,0,0,0.9,0.1,0.2,0.5
2024_03_13_die-geduld-schwindet,palestinians,10,9,6,0,0,0,0,0,0,0,0,0,0,0,0,2,0.6,0.0,0.0,-2.0
2024_03_13_frei-von-hass,israelis,2,2,1,0,0,2,0,0,0,0,0,0,0,0,1,0,0.5,0.0,1.0,0.5
2024_03_13_frei-von-hass,palestinians,2,2,2,0,0,2,0,0,0,0,0,0,0,0,0,0,1.0,0.0,1.0,0.0
2024_03_13_gold-bricht-derzeit-alle-rekorde,israelis,1,1,1,0,0,0,0,0,0,0,0,0,0,0,0,0,1.0,0.0,0.0,0.0
2024_03_13_gold-bricht-derzeit-alle-rekorde,palestinians,1,1,1,0,0,0,0,0,0,0,0,0,0,0,0,0,1.0,0.0,0.0,0.0
2024_03_13_keine-waffenruhe-zum-ramadan,israelis,2,2,1,0,0,0,0,0,0,0,0,0,0,0,0,0,0.5,0.0,0.0,0.0
2024_03_13_keine-waffenruhe-zum-ramadan,palestinians,2,2,0,0,0,0,0,0,0,0,0,0,0,0,0,2,0.0,0.0,0.0,-2.0
2024_03_13_netanjahu-wird-angreifen,israelis,8,7,2,0,0,2,0,0,0,0,0,0,0,0,0,0,0.25,0.0,0.25,0.0
2024_03_13_netanjahu-wird-angreifen,palestinians,4,4,2,0,0,0,0,0,0,0,0,0,0,0,0,0,0.5,0.0,0.0,0.0
2024_03_14_beunruhigende-stille,general_journalists,1,1,0,0,0,0,0,0,0,0,0,0,0,0,0,0,0.0,0.0,0.0,0.0
2024_03_14_beunruhigende-stille,israelis,18,15,9,1,5,1,0,0,1,0,0,0,0,0,0,0,0.5,0.0556,0.0556,2.5
2024_03_14_beunruhigende-stille,palestinians,17,17,9,0,5,2,0,0,4,0,0,0,0,0,0,2,0.5294,0.0,0.1176,6.0
2024_03_14_bilder-der-woche,general_journalists,3,3,1,1,0,0,0,0,0,0,0,0,0,0,0,0,0.3333,0.3333,0.0,0.5
2024_03_14_bilder-der-woche,israelis,1,1,0,0,0,1,0,0,0,0,0,0,0,0,0,0,0.0,0.0,1.0,0.0
2024_03_14_bilder-der-woche,palestinians,1,1,1,0,0,1,0,0,0,0,0,0,0,0,0,0,1.0,0.0,1.0,0.0
2024_03_14_bundeswehr-startet-gaza-luftbr-cke,israelis,3,3,2,0,0,0,0,0,0,0,0,0,0,0,0,0,0.6667,0.0,0.0,0.0
2024_03_14_bundeswehr-startet-gaza-luftbr-cke,palestinians,3,3,1,0,0,1,0,0,0,0,0,0,0,0,0,2,0.3333,0.0,0.3333,-2.0
2024_03_14_der-weise-im-vakuum,israelis,5,5,3,0,0,0,0,0,0,0,0,0,0,0,0,0,0.6,0.0,0.0,0.0
2024_03_14_der-weise-im-vakuum,palestinians,1,1,0,0,0,0,0,0,0,0,0,0,0,0,0,0,0.0,0.0,0.0,0.0
2024_03_14_die-gedanken-des-papstes,general_journalists,2,2,2,0,0,0,0,0,0,0,0,0,0,0,0,0,1.0,0.0,0.0,0.0
2024_03_14_die-gedanken-des-papstes,israelis,1,1,0,0,0,0,0,0,0,0,0,0,0,0,0,0,0.0,0.0,0.0,0.0
2024_03_14_gold-bricht-alle-rekorde,israelis,1,1,1,0,0,0,0,0,0,0,0,0,0,0,0,0,1.0,0.0,0.0,0.0
2024_03_14_gold-bricht-alle-rekorde,palestinians,1,1,1,0,0,0,0,0,0,0,0,0,0,0,0,0,1.0,0.0,0.0,0.0
2024_03_14_netanjahu-besteht-auf-rafah-offensive,israelis,4,3,3,0,4,2,0,0,0,0,0,0,0,0,0,2,0.75,0.0,0.5,-2.0
2024_03_14_netanjahu-besteht-auf-rafah-offensive,palestinians,2,2,0,0,0,0,0,0,0,0,0,0,0,0,0,0,0.0,0.0,0.0,0.0
2024_03_14_rassismus-ist-nicht-mehr-nur-anderswo,israelis,1,1,0,0,0,0,0,0,0,0,0,0,0,0,0,0,0.0,0.0,0.0,0.0
2024_03_14_rassismus-ist-nicht-mehr-nur-anderswo,palestinians,1,1,0,0,0,0,0,0,0,0,0,0,0,0,0,0,0.0,0.0,0.0,0.0
2024_03_14_repr-sentantenhaus-will-tiktok-unter-amerikanische-kontrolle-zwingen,israelis,1,1,0,0,0,0,0,0,0,0,0,0,0,0,0,0,0.0,0.0,0.0,0.0
2024_03_14_repr-sentantenhaus-will-tiktok-unter-amerikanische-kontrolle-zwingen,palestinians,1,1,0,0,0,0,0,0,0,0,0,0,0,0,0,0,0.0,0.0,0.0,0.0
2024_03_15_gordische-tage,israelis,1,1,0,0,0,0,0,0,0,0,0,0,0,0,0,0,0.0,0.0,0.0,0.0
2024_03_15_gordische-tage,palestinians,1,1,0,0,0,0,0,0,0,0,0,0,0,0,0,0,0.0,0.0,0.0,0.0
2024_03_15_israel-beschlie-t-einsatz-in-rafah,israelis,5,5,3,0,0,0,0,0,0,0,0,0,0,0,0,2,0.6,0.0,0.0,-2.0
2024_03_15_israel-beschlie-t-einsatz-in-rafah,palestinians,4,3,1,0,4,2,0,0,0,0,0,0,0,0,0,0,0.25,0.0,0.5,0.0
2024_03_15_nicht-cool,israelis,1,1,0,0,0,0,0,0,0,0,0,0,0,0,0,0,0.0,0.0,0.0,0.0
2024_03_15_nicht-cool,palestinians,1,1,0,0,0,0,0,0,0,0,0,0,0,0,0,0,0.0,0.0,0.0,0.0
2024_03_15_schiff-mit-hilfsg-tern-erreicht-gaza,palestinians,2,2,1,0,1,0,0,0,0,0,0,0,0,0,0,0,0.5,0.0,0.0,0.0
2024_03_16_gute-freunde,palestinians,1,1,0,0,0,1,0,0,0,0,0,0,0,0,0,0,0.0,0.0,1.0,0.0
2024_03_16_kein-sch-ner-land,general_journalists,1,1,0,0,0,0,0,0,0,0,0,0,0,0,0,0,0.0,0.0,0.0,0.0
2024_03_16_kein-sch-ner-land,israelis,4,4,1,0,0,0,0,0,0,0,0,0,0,0,0,0,0.25,0.0,0.0,0.0
2024_03_16_kein-sch-ner-land,palestinians,15,13,7,2,0,3,0,0,5,0,0,0,0,0,0,0,0.4667,0.1333,0.2,11.0
2024_03_16_rafah-offensive-beschlossen,israelis,3,3,2,0,0,0,0,0,0,0,0,0,0,0,0,0,0.6667,0.0,0.0,0.0
2024_03_16_rafah-offensive-beschlossen,palestinians,2,2,1,0,0,0,0,0,0,0,0,0,0,0,0,0,0.5,0.0,0.0,0.0
2024_03_16_unheimliche-stille,general_journalists,1,1,0,0,0,0,0,0,0,0,0,0,0,0,0,0,0.0,0.0,0.0,0.0
2024_03_16_unheimliche-stille,israelis,15,13,7,1,0,2,0,0,1,0,0,0,0,0,0,0,0.4667,0.0667,0.1333,2.5
2024_03_16_unheimliche-stille,palestinians,17,17,8,0,0,2,0,0,4,0,0,0,0,0,0,2,0.4706,0.0,0.1176,6.0
2024_03_17_es-braucht-mehr-druck-auf-israel-und-auf-die-hamas,israelis,12,12,7,0,0,0,0,0,0,0,0,0,0,0,0,0,0.5833,0.0,0.0,0.0
2024_03_17_es-braucht-mehr-druck-auf-israel-und-auf-die-hamas,palestinians,2,2,1,0,0,0,0,0,1,0,0,0,0,0,0,0,0.5,0.0,0.0,2.0
2024_03_18_bilder-des-tages,israelis,1,1,0,0,0,0,0,0,0,0,0,0,0,0,0,0,0.0,0.0,0.0,0.0
2024_03_18_bilder-des-tages,palestinians,1,1,1,0,0,0,0,0,0,0,0,0,0,0,0,0,1.0,0.0,0.0,0.0
2024_03_18_das-ist-nicht-wof-r-wir-gemeinsam-stehen,general_journalists,3,3,3,0,0,2,0,0,0,0,0,0,0,0,0,0,1.0,0.0,0.6667,0.0
2024_03_18_das-ist-nicht-wof-r-wir-gemeinsam-stehen,israelis,22,21,15,4,0,3,0,0,0,0,0,0,0,0,0,1,0.6818,0.1818,0.1364,1.0
2024_03_18_das-ist-nicht-wof-r-wir-gemeinsam-stehen,palestinians,7,7,5,1,0,3,0,0,0,0,0,0,0,0,0,4,0.7143,0.1429,0.4286,-3.5
2024_03_18_dieser-general-liest-netanjahu-die-leviten,israelis,5,5,2,0,0,0,0,0,0,0,0,0,0,0,0,0,0.4,0.0,0.0,0.0
2024_03_18_dieser-general-liest-netanjahu-die-leviten,palestinians,3,3,1,0,0,0,0,0,0,0,0,0,0,0,0,0,0.3333,0.0,0.0,0.0
2024_03_18_eu-gelder-f-r-den-autokraten,palestinians,4,4,2,0,0,1,0,0,0,0,0,0,0,0,0,0,0.5,0.0,0.25,0.0
2024_03_18_migrations-deal-mit-gypten-wie-abh-ngig-ist-die-eu-von-autokraten,palestinians,2,2,2,0,0,0,0,0,0,0,0,0,0,0,0,2,1.0,0.0,0.0,-2.0
2024_03_18_scholz-fordert-waffenruhe,israelis,4,3,2,1,0,0,0,0,0,0,0,0,0,0,0,0,0.5,0.25,0.0,0.5
2024_03_18_scholz-fordert-waffenruhe,palestinians,2,2,1,0,0,1,0,0,0,0,0,0,0,0,0,2,0.5,0.0,0.5,-2.0
2024_03_18_von-einheit-kann-keine-rede-sein,israelis,7,7,6,0,0,0,0,0,0,0,0,0,0,0,0,0,0.8571,0.0,0.0,0.0
2024_03_18_von-einheit-kann-keine-rede-sein,palestinians,6,6,2,0,0,0,0,0,1,0,0,0,0,0,0,0,0.3333,0.0,0.0,2.0
2024_03_19_dan-goldfus,israelis,4,4,2,0,0,0,0,0,0,0,0,0,0,0,0,0,0.5,0.0,0.0,0.0
2024_03_19_dan-goldfus,palestinians,3,3,1,0,0,0,0,0,0,0,0,0,0,0,0,0,0.3333,0.0,0.0,0.0
2024_03_19_jagd-auf-die-drahtzieher-des-schreckens,israelis,15,14,10,2,4,1,0,0,0,0,0,0,0,0,0,0,0.6667,0.1333,0.0667,1.0
2024_03_19_jagd-auf-die-drahtzieher-des-schreckens,palestinians,5,5,1,1,0,0,0,0,0,0,0,0,0,0,0,0,0.2,0.2,0.0,0.5
2024_03_19_nahost-krieg-was-bedeutet-der-tod-des-hamas-anf-hrers,israelis,5,5,3,0,0,0,0,0,0,0,0,0,0,0,0,0,0.6,0.0,0.0,0.0
2024_03_19_wir-wollen-trump-wieder,palestinians,1,1,0,0,0,0,0,0,0,0,0,0,0,0,0,0,0.0,0.0,0.0,0.0
2024_03_20_das-gro-e-unbehagen,general_journalists,4,3,3,0,4,1,0,0,0,0,0,0,0,0,0,1,0.75,0.0,0.25,-1.0
2024_03_20_das-gro-e-unbehagen,israelis,5,4,4,0,1,0,0,0,0,0,0,0,0,0,0,0,0.8,0.0,0.0,0.0
2024_03_20_das-gro-e-unbehagen,palestinians,7,7,4,0,10,2,0,0,0,0,0,0,0,0,0,4,0.5714,0.0,0.2857,-4.0
2024_03_20_die-erinnerungskultur-hat-nicht-gefruchtet,israelis,2,2,0,0,4,1,0,0,0,0,0,0,0,0,0,0,0.0,0.0,0.5,0.0
2024_03_20_die-erinnerungskultur-hat-nicht-gefruchtet,palestinians,1,1,1,0,0,0,0,0,0,0,0,0,0,0,0,0,1.0,0.0,0.0,0.0
2024_03_20_eine-fu-ball-mannschaft-als-politikum,general_journalists,1,1,1,0,0,0,0,0,0,0,0,0,0,0,0,0,1.0,0.0,0.0,0.0
2024_03_20_eine-fu-ball-mannschaft-als-politikum,israelis,22,21,13,2,6,3,0,0,0,0,0,0,0,0,0,0,0.5909,0.0909,0.1364,1.0
2024_03_20_eine-fu-ball-mannschaft-als-politikum,palestinians,12,11,5,0,5,2,0,0,0,0,0,0,0,0,1,2,0.4167,0.0,0.1667,-1.5
2024_03_20_einseitige-empathie-sch-rt-die-polarisierung,general_journalists,1,1,1,0,0,0,0,0,0,0,0,0,0,0,0,1,1.0,0.0,0.0,-1.0
2024_03_20_einseitige-empathie-sch-rt-die-polarisierung,israelis,14,14,12,0,0,0,0,2,0,0,0,0,0,0,0,5,0.8571,0.0,0.0,-2.0
2024_03_20_einseitige-empathie-sch-rt-die-polarisierung,palestinians,8,8,3,0,0,0,0,0,1,0,0,0,0,0,0,1,0.375,0.0,0.0,1.0
2024_03_20_jagd-auf-die-drahtzieher-des-terrors,israelis,15,15,10,2,0,1,0,0,0,0,0,0,0,0,0,0,0.6667,0.1333,0.0667,1.0
2024_03_20_jagd-auf-die-drahtzieher-des-terrors,palestinians,4,4,1,1,0,0,0,0,0,0,0,0,0,0,0,0,0.25,0.25,0.0,0.5
2024_03_20_meine-partei-ist-in-einer-existenziellen-krise,general_journalists,1,1,0,0,4,1,0,0,0,0,0,0,0,0,0,0,0.0,0.0,1.0,0.0
2024_03_20_nachrichten-des-tages-die-bersicht-f-r-eilige,israelis,3,2,1,0,0,0,0,0,0,0,0,0,0,0,0,0,0.3333,0.0,0.0,0.0
2024_03_20_nachrichten-des-tages-die-bersicht-f-r-eilige,palestinians,3,3,0,0,0,0,0,0,0,0,0,0,0,0,0,0,0.0,0.0,0.0,0.0
2024_03_20_schwierige-gespr-che-ber-eine-feuerpause,israelis,10,10,8,2,0,0,0,0,1,0,0,0,0,0,0,0,0.8,0.2,0.0,3.0
2024_03_20_schwierige-gespr-che-ber-eine-feuerpause,palestinians,4,4,1,0,0,0,0,0,1,0,0,0,0,0,0,0,0.25,0.0,0.0,2.0
2024_03_20_streit-entz-ndet-sich-an-brennenden-puppen,israelis,2,2,2,1,0,0,0,0,0,0,0,0,0,0,0,0,1.0,0.5,0.0,0.5
2024_03_20_wir-sprechen-von-einer-drohenden-hungersnot,palestinians,1,1,0,0,0,1,0,0,0,0,0,0,0,0,0,0,0.0,0.0,1.0,0.0
2024_03_21_barbi-markovi-gewinnt-belletristik-preis,palestinians,1,1,0,0,2,1,0,0,0,0,0,0,0,0,0,0,0.0,0.0,1.0,0.0
2024_03_21_eine-fu-ballmannschaft-als-politikum,general_journalists,1,1,1,0,0,0,0,0,0,0,0,0,0,0,0,0,1.0,0.0,0.0,0.0
2024_03_21_eine-fu-ballmannschaft-als-politikum,israelis,22,21,14,2,6,3,0,0,0,0,0,0,0,0,0,0,0.6364,0.0909,0.1364,1.0
2024_03_21_eine-fu-ballmannschaft-als-politikum,palestinians,12,11,5,0,5,2,0,0,0,0,0,0,0,0,1,2,0.4167,0.0,0.1667,-1.5
2024_03_21_eine-mannschaft-als-politikum,general_journalists,1,1,1,0,0,0,0,0,0,0,0,0,0,0,0,0,1.0,0.0,0.0,0.0
2024_03_21_eine-mannschaft-als-politikum,israelis,20,20,11,2,0,3,0,0,0,0,0,0,0,0,0,0,0.55,0.1,0.15,1.0
2024_03_21_eine-mannschaft-als-politikum,palestinians,12,11,5,0,0,2,0,0,0,0,0,0,0,0,1,2,0.4167,0.0,0.1667,-1.5
2024_03_21_ich-denke-dass-eine-einigung-durchaus-m-glich-ist,israelis,10,9,5,1,4,2,0,0,0,0,0,0,0,0,0,0,0.5,0.1,0.2,0.5
2024_03_21_ich-denke-dass-eine-einigung-durchaus-m-glich-ist,palestinians,8,7,1,2,8,4,0,0,0,0,0,0,0,0,0,2,0.125,0.25,0.5,-1.0
2024_03_21_kein-logistisches-problem-sondern-ein-politisches-parnian-parvanta-ber-fehlende-,israelis,1,1,1,0,0,0,0,0,0,0,0,0,0,0,0,2,1.0,0.0,0.0,-2.0
2024_03_21_kein-logistisches-problem-sondern-ein-politisches-parnian-parvanta-ber-fehlende-,palestinians,7,6,5,0,2,3,0,0,1,0,0,0,0,0,0,0,0.7143,0.0,0.4286,2.0
2024_03_21_nachrichten-am-21-m-rz-2024,israelis,3,3,2,1,0,0,0,0,0,0,0,0,0,0,0,0,0.6667,0.3333,0.0,0.5
2024_03_21_nachrichten-am-21-m-rz-2024,palestinians,1,1,0,0,0,0,0,0,0,0,0,0,0,0,0,0,0.0,0.0,0.0,0.0
2024_03_21_schwierige-gespr-che-ber-feuerpause,israelis,10,10,8,2,0,0,0,0,1,0,0,0,0,0,0,0,0.8,0.2,0.0,3.0
2024_03_21_schwierige-gespr-che-ber-feuerpause,palestinians,4,4,1,0,0,0,0,0,1,0,0,0,0,0,0,0,0.25,0.0,0.0,2.0
2024_03_22_blinken-h-lt-einigung-ber-waffenstillstand-in-gaza-f-r-m-glich,israelis,10,9,6,1,0,1,0,0,0,0,0,0,0,0,0,0,0.6,0.1,0.1,0.5
2024_03_22_blinken-h-lt-einigung-ber-waffenstillstand-in-gaza-f-r-m-glich,palestinians,9,8,2,2,0,4,0,0,0,0,0,0,0,0,0,2,0.2222,0.2222,0.4444,-1.0
2024_03_22_festnahme-in-den-haag,israelis,1,1,1,0,0,0,0,0,0,0,0,0,0,0,0,0,1.0,0.0,0.0,0.0
2024_03_22_h-r-auf-zu-br-llen-schluss,israelis,3,3,2,0,0,2,0,0,0,0,0,0,0,0,0,0,0.6667,0.0,0.6667,0.0
2024_03_22_h-r-auf-zu-br-llen-schluss,palestinians,3,3,1,0,0,2,0,0,0,0,0,0,0,0,0,0,0.3333,0.0,0.6667,0.0
2024_03_22_ingo-gerhartz,israelis,1,1,0,0,0,0,0,0,0,0,0,0,0,0,0,0,0.0,0.0,0.0,0.0
2024_03_22_ingo-gerhartz,palestinians,1,1,1,0,0,0,0,0,0,0,0,0,0,0,0,0,1.0,0.0,0.0,0.0
2024_03_22_israels-gro-er-freund-israels-scharfer-kritiker,israelis,11,10,7,0,7,2,0,0,0,0,0,0,0,0,0,0,0.6364,0.0,0.1818,0.0
2024_03_22_israels-gro-er-freund-israels-scharfer-kritiker,palestinians,4,4,1,0,1,0,0,0,0,0,0,0,0,0,0,0,0.25,0.0,0.0,0.0
2024_03_22_krieg-in-nahost-man-kann-menschenrechte-nicht-auf-eine-gruppe-beschr-nken,israelis,4,3,2,1,2,1,0,0,0,0,0,0,0,0,0,0,0.5,0.25,0.25,0.5
2024_03_22_krieg-in-nahost-man-kann-menschenrechte-nicht-auf-eine-gruppe-beschr-nken,palestinians,2,2,0,0,1,0,0,0,0,0,0,0,0,0,0,0,0.0,0.0,0.0,0.0
2024_03_22_neugierig-bleiben,general_journalists,1,1,0,0,0,0,0,0,0,0,0,0,0,0,0,0,0.0,0.0,0.0,0.0
2024_03_22_neugierig-bleiben,palestinians,2,2,1,0,6,2,0,0,0,0,0,0,0,0,0,0,0.5,0.0,1.0,0.0
2024_03_22_paul-ger-t-zwischen-die-fronten,israelis,1,1,1,0,0,0,0,0,0,0,0,0,0,0,0,0,1.0,0.0,0.0,0.0
2024_03_22_paul-ger-t-zwischen-die-fronten,palestinians,1,1,0,0,0,1,0,0,0,0,0,0,0,0,0,0,0.0,0.0,1.0,0.0
2024_03_22_ukraine-und-georgien-hoffen-israel-ist-raus,israelis,4,4,3,0,0,0,0,0,0,0,0,0,0,0,0,0,0.75,0.0,0.0,0.0
2024_03_22_ukraine-und-georgien-hoffen-israel-ist-raus,palestinians,1,1,1,0,0,0,0,0,0,0,0,0,0,0,0,0,1.0,0.0,0.0,0.0
2024_03_22_warum-diese-heuchelei,general_journalists,2,2,2,0,0,1,0,0,1,0,0,0,0,0,0,0,1.0,0.0,0.5,2.0
2024_03_22_warum-diese-heuchelei,israelis,14,13,5,2,0,3,0,0,0,0,0,0,0,0,0,0,0.3571,0.1429,0.2143,1.0
2024_03_22_warum-diese-heuchelei,palestinians,15,13,5,0,0,3,0,0,1,0,0,0,0,0,0,0,0.3333,0.0,0.2,2.0
2024_03_23_chuck-schumer,israelis,9,8,6,0,0,4,0,0,0,0,0,0,0,0,0,0,0.6667,0.0,0.4444,0.0
2024_03_23_chuck-schumer,palestinians,3,3,1,0,0,0,0,0,0,0,0,0,0,0,0,0,0.3333,0.0,0.0,0.0
2024_03_23_ich-h-tte-ja-auch-sterben-k-nnen,israelis,5,5,2,0,2,1,0,0,0,0,0,0,0,0,0,0,0.4,0.0,0.2,0.0
2024_03_23_ich-h-tte-ja-auch-sterben-k-nnen,palestinians,4,4,3,0,4,2,0,0,0,0,0,0,0,0,0,0,0.75,0.0,0.5,0.0
2024_03_23_immer-neugierig-bleiben,general_journalists,1,1,0,0,0,0,0,0,0,0,0,0,0,0,0,0,0.0,0.0,0.0,0.0
2024_03_23_immer-neugierig-bleiben,palestinians,2,2,1,0,0,2,0,0,0,0,0,0,0,0,0,0,0.5,0.0,1.0,0.0
2024_03_23_paul-zwischen-den-fronten,israelis,1,1,1,0,0,0,0,0,0,0,0,0,0,0,0,0,1.0,0.0,0.0,0.0
2024_03_23_paul-zwischen-den-fronten,palestinians,1,1,0,0,0,1,0,0,0,0,0,0,0,0,0,0,0.0,0.0,1.0,0.0
2024_03_24_ist-das-schon-die-vorkriegsliteratur,palestinians,1,1,0,0,0,0,0,0,0,0,0,0,0,0,0,0,0.0,0.0,0.0,0.0
2024_03_24_unrwa-chef-israel-l-sst-keine-konvois-des-hilfswerks-nach-nord-gaza,israelis,1,1,0,0,0,0,0,0,0,0,0,0,0,0,0,0,0.0,0.0,0.0,0.0
2024_03_25_deutschland-hat-eine-besondere-aufgabe,israelis,12,12,4,0,0,0,0,1,0,0,0,0,0,0,0,2,0.3333,0.0,0.0,-0.5
2024_03_25_deutschland-hat-eine-besondere-aufgabe,palestinians,4,4,1,0,2,1,0,0,0,0,0,0,0,0,0,6,0.25,0.0,0.25,-6.0
2024_03_25_gefechte-mit-waffen-und-worten,israelis,12,12,8,3,8,2,0,0,0,0,0,0,0,0,0,0,0.6667,0.25,0.1667,1.5
2024_03_25_nachrichten-am-25-m-rz-2024,israelis,1,1,1,0,0,0,0,0,0,0,0,0,0,0,0,0,1.0,0.0,0.0,0.0
2024_03_25_nachrichten-am-25-m-rz-2024,palestinians,1,1,0,0,0,0,0,0,0,0,0,0,0,0,0,0,0.0,0.0,0.0,0.0
2024_03_25_netanjahus-st-rkste-kritiker,israelis,5,5,5,0,0,0,0,0,0,0,0,0,0,0,0,0,1.0,0.0,0.0,0.0
2024_03_25_netanjahus-st-rkste-kritiker,palestinians,1,1,1,0,0,0,0,0,0,0,0,0,0,0,0,0,1.0,0.0,0.0,0.0
2024_03_25_proteste-in-israel,israelis,2,1,0,0,0,0,0,0,0,0,0,0,0,0,0,4,0.0,0.0,0.0,-4.0
2024_03_25_proteste-in-israel,palestinians,1,1,1,0,0,0,0,0,0,0,0,0,0,0,0,0,1.0,0.0,0.0,0.0
2024_03_25_schmierschrift-an-der-friedhofsmauer,israelis,1,1,0,0,0,0,0,0,0,0,0,0,0,0,0,0,0.0,0.0,0.0,0.0
2024_03_25_schmierschrift-an-der-friedhofsmauer,palestinians,2,2,0,0,1,0,0,1,0,0,0,0,0,0,0,0,0.0,0.0,0.0,1.5
2024_03_25_terminvorschau,palestinians,1,1,1,0,0,0,0,0,0,0,0,0,0,0,0,1,1.0,0.0,0.0,-1.0
2024_03_25_un-sicherheitsrat-fordert-erstmals-waffenstillstand-im-gazastreifen,israelis,11,10,11,0,4,2,0,0,0,0,0,0,0,0,0,0,1.0,0.0,0.1818,0.0
2024_03_25_un-sicherheitsrat-fordert-erstmals-waffenstillstand-im-gazastreifen,palestinians,6,6,4,0,0,0,0,0,0,0,0,0,0,0,0,0,0.6667,0.0,0.0,0.0
2024_03_25_unterm-fell-die-freiheit,palestinians,1,1,0,0,0,0,0,0,0,0,0,0,0,0,0,0,0.0,0.0,0.0,0.0
2024_03_26_deutschlands-aufgabe,israelis,9,9,4,0,0,0,0,1,0,0,0,0,0,0,0,2,0.4444,0.0,0.0,-0.5
2024_03_26_deutschlands-aufgabe,palestinians,4,4,1,0,0,1,0,0,0,0,0,0,0,0,0,6,0.25,0.0,0.25,-6.0
2024_03_26_mit-worten-und-waffen,israelis,12,12,8,3,0,2,0,0,0,0,0,0,0,0,0,0,0.6667,0.25,0.1667,1.5
2024_03_26_schmierschrift-an-friedhofsmauer,israelis,1,1,0,0,0,0,0,0,0,0,0,0,0,0,0,0,0.0,0.0,0.0,0.0
2024_03_26_schmierschrift-an-friedhofsmauer,palestinians,2,2,0,0,0,0,0,1,0,0,0,0,0,0,0,0,0.0,0.0,0.0,1.5
2024_03_26_terminkalender,palestinians,1,1,1,0,0,0,0,0,0,0,0,0,0,0,0,1,1.0,0.0,0.0,-1.0
2024_03_26_un-sicherheitsrat-fordert-erstmals-waffenstillstand,israelis,10,10,10,0,0,2,0,0,0,0,0,0,0,0,0,0,1.0,0.0,0.2,0.0
2024_03_26_un-sicherheitsrat-fordert-erstmals-waffenstillstand,palestinians,6,6,4,0,0,0,0,0,0,0,0,0,0,0,0,0,0.6667,0.0,0.0,0.0
2024_03_26_un-sicherheitsrat-fordert-waffenruhe,general_journalists,1,1,0,1,0,0,0,0,0,0,0,0,0,0,0,0,0.0,1.0,0.0,0.5
2024_03_26_un-sicherheitsrat-fordert-waffenruhe,israelis,1,1,1,0,0,0,0,0,0,0,0,0,0,0,0,0,1.0,0.0,0.0,0.0
2024_03_26_unterwegs-zur-drop-zone-28,general_journalists,3,2,1,0,0,0,0,0,0,0,0,0,0,0,0,0,0.3333,0.0,0.0,0.0
2024_03_26_unterwegs-zur-drop-zone-28,israelis,8,8,4,1,0,0,0,0,1,0,0,0,0,0,0,0,0.5,0.125,0.0,2.5
2024_03_26_unterwegs-zur-drop-zone-28,palestinians,9,7,6,0,0,0,0,0,5,0,0,0,0,0,0,0,0.6667,0.0,0.0,10.0
2024_03_26_verhandlungen-ber-gaza-feuerpause-und-geiseln-stocken-offenbar,israelis,1,1,0,0,0,0,0,0,0,0,0,0,0,0,0,0,0.0,0.0,0.0,0.0
2024_03_26_wachsende-gefahr,israelis,3,3,2,0,0,0,0,0,0,0,0,0,0,0,0,0,0.6667,0.0,0.0,0.0
2024_03_26_wo-terroristen-sich-verabreden,israelis,1,1,0,0,0,0,0,0,0,0,0,0,0,0,0,0,0.0,0.0,0.0,0.0
2024_03_26_wo-terroristen-sich-verabreden,palestinians,1,1,0,0,0,0,0,0,0,0,0,0,0,0,0,0,0.0,0.0,0.0,0.0
2024_03_27_netanjahu-sucht-das-duell-mit-biden,general_journalists,1,1,1,0,0,0,0,0,0,0,0,0,0,0,0,0,1.0,0.0,0.0,0.0
2024_03_27_netanjahu-sucht-das-duell-mit-biden,israelis,5,4,3,0,0,0,0,0,0,0,0,0,0,0,0,0,0.6,0.0,0.0,0.0
2024_03_27_netanjahu-sucht-das-duell-mit-biden,palestinians,1,1,0,0,0,1,0,0,0,0,0,0,0,0,0,0,0.0,0.0,1.0,0.0
2024_03_27_scharfe-kritik-an-un-sonderberichterstatterin,general_journalists,1,1,1,0,0,0,0,0,0,0,0,0,0,0,0,0,1.0,0.0,0.0,0.0
2024_03_27_scharfe-kritik-an-un-sonderberichterstatterin,israelis,6,6,3,1,2,1,0,0,0,0,0,0,0,0,0,0,0.5,0.1667,0.1667,0.5
2024_03_27_scharfe-kritik-an-un-sonderberichterstatterin,palestinians,1,1,0,0,0,0,0,0,0,0,0,0,0,0,0,0,0.0,0.0,0.0,0.0
2024_03_27_termine-freising,palestinians,1,1,1,0,0,0,0,0,0,0,0,0,0,0,0,1,1.0,0.0,0.0,-1.0
2024_03_27_wo-die-echte-gefahr-liegt,israelis,1,1,0,0,0,0,0,0,0,0,0,0,0,0,0,0,0.0,0.0,0.0,0.0
2024_03_27_wo-die-echte-gefahr-liegt,palestinians,1,1,0,0,0,0,0,0,0,0,0,0,0,0,0,0,0.0,0.0,0.0,0.0
2024_03_28_es-gibt-keinen-platz-mehr,israelis,14,14,8,1,0,4,0,0,0,0,0,0,0,0,0,0,0.5714,0.0714,0.2857,0.5
2024_03_28_es-gibt-keinen-platz-mehr,palestinians,5,5,2,0,0,0,0,0,0,0,0,0,0,0,0,0,0.4,0.0,0.0,0.0
2024_03_28_internationaler-gerichtshof-israel-muss-gegen-hunger-in-gaza-vorgehen,israelis,2,2,1,0,0,0,0,0,0,0,0,0,0,0,0,0,0.5,0.0,0.0,0.0
2024_03_28_internationaler-gerichtshof-israel-muss-gegen-hunger-in-gaza-vorgehen,palestinians,1,1,1,0,0,0,0,0,0,0,0,0,0,0,0,0,1.0,0.0,0.0,0.0
2024_03_28_israel-erh-ht-den-druck-auf-un-hilfswerk,general_journalists,1,1,0,0,0,0,0,0,0,0,0,0,0,0,0,0,0.0,0.0,0.0,0.0
2024_03_28_israel-erh-ht-den-druck-auf-un-hilfswerk,israelis,10,10,7,1,2,1,0,0,0,0,0,0,0,0,0,0,0.7,0.1,0.1,0.5
2024_03_28_israel-erh-ht-den-druck-auf-un-hilfswerk,palestinians,4,4,1,0,2,1,0,0,0,0,0,0,0,0,0,0,0.25,0.0,0.25,0.0
2024_03_28_wenn-kinder-wieder-lachen,israelis,5,4,4,0,0,0,0,0,0,0,0,0,0,0,0,0,0.8,0.0,0.0,0.0
2024_03_28_wenn-kinder-wieder-lachen,palestinians,4,4,3,1,0,1,0,0,0,0,0,0,0,0,0,0,0.75,0.25,0.25,0.5
2024_03_29_das-sind-die-nachrichten-des-tages,israelis,1,1,0,0,0,0,0,0,0,0,0,0,0,0,0,0,0.0,0.0,0.0,0.0
2024_03_29_das-sind-die-nachrichten-des-tages,palestinians,1,1,1,0,0,0,0,0,0,0,0,0,0,0,0,0,1.0,0.0,0.0,0.0
2024_03_29_die-dunkle-macht-der-befreier,general_journalists,1,1,1,0,0,0,0,0,0,0,0,0,0,0,0,2,1.0,0.0,0.0,-2.0
2024_03_29_die-dunkle-macht-der-befreier,israelis,11,11,7,0,5,2,0,0,0,0,0,0,0,0,0,2,0.6364,0.0,0.1818,-2.0
2024_03_29_die-dunkle-macht-der-befreier,palestinians,4,4,2,0,3,1,0,0,0,0,0,0,0,0,1,0,0.5,0.0,0.25,0.5
2024_03_29_wer-hat-angst-vor-der-superintelligenz,israelis,1,1,0,0,0,0,0,0,0,0,0,0,0,0,0,0,0.0,0.0,0.0,0.0
2024_03_29_wer-hat-angst-vor-der-superintelligenz,palestinians,1,1,0,0,0,0,0,0,0,0,0,0,0,0,0,0,0.0,0.0,0.0,0.0
2024_03_30_das-gro-e-schweigen-nach-dem-terror,general_journalists,2,2,1,0,0,0,0,0,0,0,0,0,0,0,0,0,0.5,0.0,0.0,0.0
2024_03_30_das-gro-e-schweigen-nach-dem-terror,israelis,31,29,10,1,0,6,0,0,6,0,0,0,0,0,1,5,0.3226,0.0323,0.1935,8.0
2024_03_30_das-gro-e-schweigen-nach-dem-terror,palestinians,29,26,12,0,0,8,0,0,6,0,0,0,0,0,2,4,0.4138,0.0,0.2759,9.0
2024_03_30_der-unbeugsame-kriegsf-hrer,israelis,8,8,3,0,2,1,0,0,0,0,0,0,0,0,0,0,0.375,0.0,0.125,0.0
2024_03_30_der-unbeugsame-kriegsf-hrer,palestinians,3,3,0,0,0,0,0,0,0,0,0,0,0,0,0,0,0.0,0.0,0.0,0.0
2024_03_30_korrekturen,general_journalists,1,1,1,0,0,0,0,0,0,0,0,0,0,0,0,2,1.0,0.0,0.0,-2.0
2024_03_30_korrekturen,israelis,10,10,7,0,0,2,0,0,0,0,0,0,0,0,0,2,0.7,0.0,0.2,-2.0
2024_03_30_korrekturen,palestinians,5,5,3,0,0,1,0,0,0,0,0,0,0,0,1,0,0.6,0.0,0.2,0.5
2024_03_30_lob-f-r-den-papst-verteufelung-der-nato,general_journalists,1,1,0,0,2,1,0,0,0,0,0,0,0,0,0,0,0.0,0.0,1.0,0.0
2024_03_30_lob-f-r-den-papst-verteufelung-der-nato,israelis,3,3,1,0,4,1,0,0,0,0,0,0,0,0,0,0,0.3333,0.0,0.3333,0.0
2024_03_30_lob-f-r-den-papst-verteufelung-der-nato,palestinians,3,3,1,0,2,1,0,0,0,0,0,0,0,0,0,0,0.3333,0.0,0.3333,0.0
2024_03_30_mit-dieser-illusion-ist-es-vorbei,israelis,15,15,6,1,0,0,0,0,0,0,0,0,0,0,0,4,0.4,0.0667,0.0,-3.5
2024_03_30_mit-dieser-illusion-ist-es-vorbei,palestinians,10,8,1,0,0,0,0,0,0,0,0,0,0,0,1,1,0.1,0.0,0.0,-0.5
2024_03_30_osterm-rsche-in-vielen-deutschen-st-dten,israelis,1,1,1,0,2,1,0,0,0,0,0,0,0,0,0,4,1.0,0.0,1.0,-4.0
2024_03_30_osterm-rsche-in-vielen-deutschen-st-dten,palestinians,1,1,1,0,2,1,0,0,0,0,0,0,0,0,0,4,1.0,0.0,1.0,-4.0
2024_03_30_unbeugsam-im-krieg,israelis,7,7,2,0,0,1,0,0,0,0,0,0,0,0,0,0,0.2857,0.0,0.1429,0.0
2024_03_30_unbeugsam-im-krieg,palestinians,3,3,0,0,0,0,0,0,0,0,0,0,0,0,0,0,0.0,0.0,0.0,0.0
2024_03_30_wer-hat-angst-vor-superintelligenz,palestinians,1,1,0,0,0,0,0,0,0,0,0,0,0,0,0,0,0.0,0.0,0.0,0.0
2024_03_31_krieg-ist-immer-eine-niederlage,palestinians,3,3,1,0,0,0,0,0,0,0,0,0,0,0,0,0,0.3333,0.0,0.0,0.0
2024_04_01_das-sind-die-nachrichten-des-osterwochenendes,palestinians,1,1,0,0,0,0,0,0,0,0,0,0,0,0,0,0,0.0,0.0,0.0,0.0
2024_04_01_der-r-ckhalt-f-r-israel-br-ckelt,israelis,7,7,3,0,0,0,0,0,0,0,0,0,0,0,0,0,0.4286,0.0,0.0,0.0
2024_04_01_der-r-ckhalt-f-r-israel-br-ckelt,palestinians,5,4,3,0,0,0,0,0,0,0,0,0,0,0,0,0,0.6,0.0,0.0,0.0
2024_04_01_nachrichten-vom-1-april-2024,palestinians,1,1,0,0,0,0,0,0,0,0,0,0,0,0,0,0,0.0,0.0,0.0,0.0
2024_04_01_proteste-gegen-regierung-in-jerusalem,general_journalists,1,1,1,0,0,0,0,0,0,0,0,0,0,0,0,0,1.0,0.0,0.0,0.0
2024_04_01_proteste-gegen-regierung-in-jerusalem,israelis,1,1,0,0,0,0,0,0,0,0,0,0,0,0,0,0,0.0,0.0,0.0,0.0
2024_04_01_proteste-gegen-regierung-in-jerusalem,palestinians,1,1,1,0,0,0,0,0,0,0,0,0,0,0,0,0,1.0,0.0,0.0,0.0
2024_04_02_10-000-f-r-den-frieden,palestinians,4,3,1,0,0,2,0,0,0,0,0,0,0,0,0,0,0.25,0.0,0.5,0.0
2024_04_02_al-jazeera-droht-schlie-ung,israelis,3,3,2,0,0,1,0,0,0,0,0,0,0,0,0,0,0.6667,0.0,0.3333,0.0
2024_04_02_al-jazeera-droht-sendeverbot,general_journalists,5,4,3,1,2,1,0,0,0,0,0,0,0,0,0,1,0.6,0.2,0.2,-0.5
2024_04_02_al-jazeera-droht-sendeverbot,israelis,5,5,4,0,2,1,0,0,0,0,0,0,0,0,0,0,0.8,0.0,0.2,0.0
2024_04_02_al-jazeera-droht-sendeverbot,palestinians,2,2,2,0,2,1,0,0,0,0,0,0,0,0,0,0,1.0,0.0,0.5,0.0
2024_04_02_aufgeben-verdammt-nein,general_journalists,1,1,1,0,0,0,0,0,0,0,0,0,0,0,0,0,1.0,0.0,0.0,0.0
2024_04_02_aufgeben-verdammt-nein,israelis,5,5,2,1,2,1,0,0,0,0,0,0,0,0,0,0,0.4,0.2,0.2,0.5
2024_04_02_aufgeben-verdammt-nein,palestinians,6,5,4,1,1,0,0,0,1,0,0,0,0,0,0,0,0.6667,0.1667,0.0,2.5
2024_04_02_das-verlorene-paradies,palestinians,1,1,1,0,0,0,0,0,0,0,0,0,0,0,0,0,1.0,0.0,0.0,0.0
2024_04_02_die-freunde-von-fr-her,israelis,6,6,3,0,0,0,0,0,0,0,0,0,0,0,0,0,0.5,0.0,0.0,0.0
2024_04_02_die-freunde-von-fr-her,palestinians,4,3,3,0,0,0,0,0,0,0,0,0,0,0,0,0,0.75,0.0,0.0,0.0
2024_04_02_es-ist-nicht-auszuhalten,israelis,2,2,1,1,0,0,0,0,0,0,0,0,0,0,0,0,0.5,0.5,0.0,0.5
2024_04_02_es-ist-nicht-auszuhalten,palestinians,10,10,4,0,0,0,0,0,0,0,0,0,0,0,0,9,0.4,0.0,0.0,-9.0
2024_04_02_feminismus-ist-nur-dann-glaubw-rdig-wenn-er-allen-frauen-gleicherma-en-gilt,general_journalists,1,1,1,0,0,0,0,0,0,0,0,0,0,0,0,0,1.0,0.0,0.0,0.0
2024_04_02_feminismus-ist-nur-dann-glaubw-rdig-wenn-er-allen-frauen-gleicherma-en-gilt,israelis,2,2,2,0,0,0,0,0,0,0,0,0,0,0,0,0,1.0,0.0,0.0,0.0
2024_04_02_feminismus-ist-nur-dann-glaubw-rdig-wenn-er-allen-frauen-gleicherma-en-gilt,palestinians,5,3,3,0,0,0,0,0,0,0,0,0,0,0,0,0,0.6,0.0,0.0,0.0
2024_04_02_lob-f-r-den-papst-kritik-an-der-nato,general_journalists,1,1,0,0,0,1,0,0,0,0,0,0,0,0,0,0,0.0,0.0,1.0,0.0
2024_04_02_lob-f-r-den-papst-kritik-an-der-nato,israelis,3,3,1,0,0,1,0,0,0,0,0,0,0,0,0,0,0.3333,0.0,0.3333,0.0
2024_04_02_lob-f-r-den-papst-kritik-an-der-nato,palestinians,3,3,1,0,0,1,0,0,0,0,0,0,0,0,0,0,0.3333,0.0,0.3333,0.0
2024_04_02_nachrichten-vom-2-april-2024,israelis,1,1,1,0,0,0,0,0,0,0,0,0,0,0,0,0,1.0,0.0,0.0,0.0
2024_04_02_nachrichten-vom-2-april-2024,palestinians,2,2,0,0,0,0,0,0,0,0,0,0,0,0,0,2,0.0,0.0,0.0,-2.0
2024_04_02_proteste-gegen-netanjahu,general_journalists,1,1,1,0,0,0,0,0,0,0,0,0,0,0,0,0,1.0,0.0,0.0,0.0
2024_04_02_proteste-gegen-netanjahu,palestinians,1,1,1,0,0,0,0,0,0,0,0,0,0,0,0,0,1.0,0.0,0.0,0.0
2024_04_02_satt-wird-hier-niemand-mehr,israelis,9,9,4,0,0,2,0,0,0,0,0,0,0,0,0,2,0.4444,0.0,0.2222,-2.0
2024_04_02_satt-wird-hier-niemand-mehr,palestinians,9,9,3,0,0,0,0,0,0,0,0,0,0,0,0,2,0.3333,0.0,0.0,-2.0
2024_04_02_schutzlos-ausgeliefert,israelis,11,11,6,1,9,4,0,0,0,0,0,0,0,0,0,1,0.5455,0.0909,0.3636,-0.5
2024_04_02_schutzlos-ausgeliefert,palestinians,13,13,7,0,4,2,0,0,0,0,0,0,0,0,0,0,0.5385,0.0,0.1538,0.0
2024_04_02_traut-euch,israelis,4,4,0,0,0,0,0,0,0,0,0,0,0,0,0,0,0.0,0.0,0.0,0.0
2024_04_02_traut-euch,palestinians,11,11,6,1,6,2,0,0,0,0,0,0,0,0,0,0,0.5455,0.0909,0.1818,0.5
2024_04_02_welche-folgen-hat-der-tod-der-ngo-mitarbeiter-in-gaza,palestinians,3,3,1,0,2,1,0,0,0,0,0,0,0,0,0,3,0.3333,0.0,0.3333,-3.0
2024_04_02_zu-besuch-im-verlorenen-paradies-wisconsin,palestinians,1,1,1,0,0,0,0,0,0,0,0,0,0,0,0,0,1.0,0.0,0.0,0.0
2024_04_03_das-boshafte-regime-wird-durch-unsere-tapferen-m-nner-bestraft-werden,general_journalists,2,2,1,0,2,1,0,0,0,0,0,0,0,0,0,0,0.5,0.0,0.5,0.0
2024_04_03_das-boshafte-regime-wird-durch-unsere-tapferen-m-nner-bestraft-werden,israelis,21,21,13,1,9,3,0,0,0,0,0,0,0,0,0,0,0.619,0.0476,0.1429,0.5
2024_04_03_das-boshafte-regime-wird-durch-unsere-tapferen-m-nner-bestraft-werden,palestinians,2,2,1,0,0,0,0,0,0,0,0,0,0,0,0,0,0.5,0.0,0.0,0.0
2024_04_03_der-ruf-nach-rache-erschallt-laut,general_journalists,2,2,1,0,0,1,0,0,0,0,0,0,0,0,0,0,0.5,0.0,0.5,0.0
2024_04_03_der-ruf-nach-rache-erschallt-laut,israelis,17,17,8,2,0,3,0,0,0,0,0,0,0,0,0,0,0.4706,0.1176,0.1765,1.0
2024_04_03_der-ruf-nach-rache-erschallt-laut,palestinians,1,1,0,0,0,0,0,0,0,0,0,0,0,0,0,0,0.0,0.0,0.0,0.0
2024_04_03_die-ferne-not,general_journalists,1,1,1,0,0,0,0,0,0,0,0,0,0,0,0,0,1.0,0.0,0.0,0.0
2024_04_03_die-ferne-not,israelis,3,3,3,0,0,0,0,0,0,0,0,0,0,0,0,0,1.0,0.0,0.0,0.0
2024_04_03_die-ferne-not,palestinians,6,5,3,0,0,0,0,0,0,0,0,0,0,0,0,0,0.5,0.0,0.0,0.0
2024_04_03_sendeverbot-in-sicht,general_journalists,5,4,2,1,0,1,0,0,0,0,0,0,0,0,0,1,0.4,0.2,0.2,-0.5
2024_04_03_sendeverbot-in-sicht,israelis,5,5,4,0,0,1,0,0,0,0,0,0,0,0,0,0,0.8,0.0,0.2,0.0
2024_04_03_sendeverbot-in-sicht,palestinians,2,2,2,0,0,1,0,0,0,0,0,0,0,0,0,0,1.0,0.0,0.5,0.0
2024_04_03_yehuda-shaul,general_journalists,1,1,1,0,0,0,0,0,0,0,0,0,0,0,0,0,1.0,0.0,0.0,0.0
2024_04_03_yehuda-shaul,israelis,5,4,2,1,0,0,0,0,0,0,0,0,0,0,0,0,0.4,0.2,0.0,0.5
2024_04_03_yehuda-shaul,palestinians,6,5,4,1,0,0,0,0,1,0,0,0,0,0,0,0,0.6667,0.1667,0.0,2.5
2024_04_04_biden-dringt-im-telefonat-mit-netanjahu-auf-sofortigen-waffenstillstand,palestinians,1,1,0,0,0,0,0,0,0,0,0,0,0,0,0,0,0.0,0.0,0.0,0.0
2024_04_04_biden-stellt-netanjahu-ein-ultimatum-ohne-es-so-zu-nennen,israelis,15,13,12,0,8,3,0,0,0,0,0,0,0,0,0,1,0.8,0.0,0.2,-1.0
2024_04_04_biden-stellt-netanjahu-ein-ultimatum-ohne-es-so-zu-nennen,palestinians,6,5,4,0,2,1,0,0,0,0,0,0,0,0,1,0,0.6667,0.0,0.1667,0.5
2024_04_04_das-fragende-klassenzimmer,general_journalists,6,6,5,0,0,0,0,0,0,0,0,0,0,0,0,0,0.8333,0.0,0.0,0.0
2024_04_04_das-fragende-klassenzimmer,israelis,9,8,3,0,0,2,0,0,0,0,0,0,0,0,1,0,0.3333,0.0,0.2222,0.5
2024_04_04_das-fragende-klassenzimmer,palestinians,12,11,4,1,0,3,0,0,2,0,0,0,0,0,0,3,0.3333,0.0833,0.25,1.5
2024_04_04_ein-weckruf-ungeh-rt,general_journalists,1,1,0,0,0,0,0,0,0,0,0,0,0,0,0,0,0.0,0.0,0.0,0.0
2024_04_04_ein-weckruf-ungeh-rt,israelis,14,14,9,1,0,3,0,0,0,0,0,0,0,0,0,0,0.6429,0.0714,0.2143,0.5
2024_04_04_ein-weckruf-ungeh-rt,palestinians,7,6,2,0,0,0,0,0,0,0,0,0,0,0,0,4,0.2857,0.0,0.0,-4.0
2024_04_04_ersch-ttert-aber-nicht-berrascht,israelis,6,6,2,0,0,1,0,0,0,0,0,0,0,0,0,1,0.3333,0.0,0.1667,-1.0
2024_04_04_ersch-ttert-aber-nicht-berrascht,palestinians,11,11,5,0,0,1,0,0,0,0,0,0,0,0,0,10,0.4545,0.0,0.0909,-10.0
2024_04_04_nur-der-hunger-wird-gedeihen,general_journalists,1,1,0,0,0,0,0,0,0,0,0,0,0,0,0,0,0.0,0.0,0.0,0.0
2024_04_04_nur-der-hunger-wird-gedeihen,israelis,11,11,8,1,0,1,0,0,1,0,0,0,0,0,0,1,0.7273,0.0909,0.0909,1.5
2024_04_04_nur-der-hunger-wird-gedeihen,palestinians,10,9,4,1,0,1,0,0,1,0,0,0,0,0,0,1,0.4,0.1,0.1,1.5
2024_04_04_s-tze-die-unter-die-haut-gehen,palestinians,5,5,0,0,0,1,0,0,0,0,0,0,0,0,0,0,0.0,0.0,0.2,0.0
2024_04_04_usa-und-polen-machen-israel-vorw-rfe,israelis,2,2,1,0,0,1,0,0,0,0,0,0,0,0,0,0,0.5,0.0,0.5,0.0
2024_04_04_usa-und-polen-machen-israel-vorw-rfe,palestinians,1,1,0,0,0,0,0,0,0,0,0,0,0,0,0,0,0.0,0.0,0.0,0.0
2024_04_04_wenn-ausl-nder-sterben-ist-die-aufregung-gro,israelis,5,5,2,0,2,1,0,0,0,0,0,0,0,0,0,1,0.4,0.0,0.2,-1.0
2024_04_04_wenn-ausl-nder-sterben-ist-die-aufregung-gro,palestinians,10,10,3,0,2,1,0,0,0,0,0,0,0,0,0,8,0.3,0.0,0.1,-8.0
2024_04_05_das-kriegsorakel,general_journalists,1,1,0,0,0,1,0,0,0,0,0,0,0,0,0,0,0.0,0.0,1.0,0.0
2024_04_05_das-kriegsorakel,palestinians,1,1,0,0,0,1,0,0,0,0,0,0,0,0,0,0,0.0,0.0,1.0,0.0
2024_04_05_der-humanit-re-sternekoch,israelis,3,3,1,0,0,0,0,0,0,0,0,0,0,0,0,0,0.3333,0.0,0.0,0.0
2024_04_05_der-humanit-re-sternekoch,palestinians,4,4,2,0,2,1,0,0,0,0,0,0,0,0,0,0,0.5,0.0,0.25,0.0
2024_04_05_es-g-be-eine-l-sung,israelis,13,13,10,1,0,0,0,0,1,0,0,0,0,0,0,0,0.7692,0.0769,0.0,2.5
2024_04_05_es-g-be-eine-l-sung,palestinians,4,4,3,0,2,1,0,0,1,0,0,0,0,0,0,0,0.75,0.0,0.25,2.0
2024_04_05_f-r-welche-werte-wird-hier-eigentlich-gestorben,general_journalists,1,1,1,0,0,0,0,0,0,0,0,0,0,0,0,0,1.0,0.0,0.0,0.0
2024_04_05_f-r-welche-werte-wird-hier-eigentlich-gestorben,israelis,1,1,0,0,0,0,0,0,0,0,0,0,0,0,0,0,0.0,0.0,0.0,0.0
2024_04_05_f-r-welche-werte-wird-hier-eigentlich-gestorben,palestinians,7,7,2,0,0,0,0,0,0,0,0,0,0,0,0,0,0.2857,0.0,0.0,0.0
2024_04_05_israel-ffnet-weiteren-grenz-bergang-nach-gaza,israelis,17,15,11,1,3,1,0,0,0,0,0,0,0,0,0,2,0.6471,0.0588,0.0588,-1.5
2024_04_05_israel-ffnet-weiteren-grenz-bergang-nach-gaza,palestinians,7,6,3,0,2,1,0,0,0,0,0,0,0,0,0,0,0.4286,0.0,0.1429,0.0
2024_04_05_pr-sidentschaftswahl-in-der-slowakei-kann-der-drift-richtung-moskau-verhindert-w,palestinians,1,1,0,0,0,0,0,0,0,0,0,0,0,0,0,0,0.0,0.0,0.0,0.0
2024_04_05_unvereinbar,israelis,3,3,3,0,6,2,0,0,0,0,0,0,0,0,0,0,1.0,0.0,0.6667,0.0
2024_04_05_unvereinbar,palestinians,2,2,2,0,8,2,0,0,0,0,0,0,0,0,0,0,1.0,0.0,1.0,0.0
2024_04_05_was-nutzt-das-v-lkerrecht-wenn-sich-nicht-alle-daran-halten,israelis,1,1,1,0,0,0,0,0,0,0,0,0,0,0,0,0,1.0,0.0,0.0,0.0
2024_04_05_was-nutzt-das-v-lkerrecht-wenn-sich-nicht-alle-daran-halten,palestinians,1,1,0,0,0,0,0,0,0,0,0,0,0,0,0,0,0.0,0.0,0.0,0.0
2024_04_06_berlin-folgt-bidens-israel-kurs,israelis,14,13,9,0,0,3,0,0,0,0,0,0,0,0,0,2,0.6429,0.0,0.2143,-2.0
2024_04_06_berlin-folgt-bidens-israel-kurs,palestinians,5,5,2,0,0,3,0,0,0,0,0,0,0,0,0,4,0.4,0.0,0.6,-4.0
2024_04_06_biden-droht-netanjahu-spurt,israelis,14,13,9,1,0,1,0,0,0,0,0,0,0,0,0,2,0.6429,0.0714,0.0714,-1.5
2024_04_06_biden-droht-netanjahu-spurt,palestinians,5,5,1,0,0,0,0,0,0,0,0,0,0,0,0,0,0.2,0.0,0.0,0.0
2024_04_06_israels-chance,israelis,11,11,9,1,0,0,0,0,1,0,0,0,0,0,0,0,0.8182,0.0909,0.0,2.5
2024_04_06_israels-chance,palestinians,4,4,3,0,0,1,0,0,1,0,0,0,0,0,0,0,0.75,0.0,0.25,2.0
2024_04_06_jos-andr-s,israelis,4,4,2,0,0,0,0,0,0,0,0,0,0,0,0,0,0.5,0.0,0.0,0.0
2024_04_06_jos-andr-s,palestinians,4,4,2,0,0,0,0,0,0,0,0,0,0,0,0,0,0.5,0.0,0.0,0.0
2024_04_06_welche-werte,general_journalists,1,1,1,0,0,0,0,0,0,0,0,0,0,0,0,0,1.0,0.0,0.0,0.0
2024_04_06_welche-werte,israelis,1,1,0,0,0,0,0,0,0,0,0,0,0,0,0,0,0.0,0.0,0.0,0.0
2024_04_06_welche-werte,palestinians,6,6,2,0,0,0,0,0,0,0,0,0,0,0,0,0,0.3333,0.0,0.0,0.0
2024_04_07_druck-von-allen-seiten,general_journalists,1,1,1,0,0,0,0,0,0,0,0,0,0,0,0,0,1.0,0.0,0.0,0.0
2024_04_07_druck-von-allen-seiten,israelis,11,10,8,0,0,0,0,0,0,0,0,0,0,0,0,0,0.7273,0.0,0.0,0.0
2024_04_07_gradmesser-der-besatzungsherrschaft,general_journalists,1,1,1,0,0,0,0,0,0,0,0,0,0,0,0,0,1.0,0.0,0.0,0.0
2024_04_07_gradmesser-der-besatzungsherrschaft,israelis,6,5,4,0,10,3,0,0,0,0,0,0,0,0,0,0,0.6667,0.0,0.5,0.0
2024_04_07_gradmesser-der-besatzungsherrschaft,palestinians,4,4,1,0,4,2,0,0,0,0,0,0,0,0,0,0,0.25,0.0,0.5,0.0
2024_04_07_mit-deutschen-waffen-gegen-die-hamas-hilfe-oder-beihilfe,general_journalists,2,2,0,0,0,0,0,0,0,0,0,0,0,0,0,0,0.0,0.0,0.0,0.0
2024_04_07_mit-deutschen-waffen-gegen-die-hamas-hilfe-oder-beihilfe,israelis,18,16,14,0,12,5,0,0,0,0,0,0,0,0,0,1,0.7778,0.0,0.2778,-1.0
2024_04_08_achtung-angreifbare-popmusik,general_journalists,1,1,0,0,0,0,0,0,0,0,0,0,0,0,0,0,0.0,0.0,0.0,0.0
2024_04_08_achtung-angreifbare-popmusik,palestinians,2,2,0,0,1,0,0,0,0,1,0,0,0,0,0,0,0.0,0.0,0.0,2.0
2024_04_08_das-stellt-ganz-klar-ein-kriegsverbrechen-dar-aber-eben-nicht-v-lkermord,israelis,22,20,18,1,0,1,0,0,0,0,0,0,0,0,0,0,0.8182,0.0455,0.0455,0.5
2024_04_08_das-stellt-ganz-klar-ein-kriegsverbrechen-dar-aber-eben-nicht-v-lkermord,palestinians,3,3,3,0,0,0,0,0,0,0,0,0,0,0,0,0,1.0,0.0,0.0,0.0
2024_04_08_dieser-autorit-re-machthaber-steckt-hinter-der-klage-gegen-deutschland,israelis,2,2,1,0,0,0,0,0,0,0,0,0,0,0,0,0,0.5,0.0,0.0,0.0
2024_04_08_dieser-autorit-re-machthaber-steckt-hinter-der-klage-gegen-deutschland,palestinians,3,3,1,0,0,0,0,1,0,0,0,0,0,0,0,0,0.3333,0.0,0.0,1.5
2024_04_08_israel-zieht-truppen-aus-chan-yunis-ab,general_journalists,1,1,1,0,0,0,0,0,0,0,0,0,0,0,0,0,1.0,0.0,0.0,0.0
2024_04_08_israel-zieht-truppen-aus-chan-yunis-ab,israelis,4,4,3,0,0,0,0,0,0,0,0,0,0,0,0,0,0.75,0.0,0.0,0.0
2024_04_08_nachrichten-vom-8-april-2024,israelis,1,1,1,0,0,0,0,0,0,0,0,0,0,0,0,0,1.0,0.0,0.0,0.0
2024_04_08_netanjahu-israel-hat-termin-f-r-einmarsch-in-rafah-festgelegt,israelis,3,3,2,0,0,0,0,0,0,0,0,0,0,0,0,0,0.6667,0.0,0.0,0.0
2024_04_09_daniel-ortega,israelis,2,2,1,0,0,0,0,0,0,0,0,0,0,0,0,0,0.5,0.0,0.0,0.0
2024_04_09_daniel-ortega,palestinians,3,3,1,0,0,0,0,1,0,0,0,0,0,0,0,0,0.3333,0.0,0.0,1.5
2024_04_09_ein-einzigartiges-gerichtsverfahren,israelis,13,11,9,0,0,4,0,0,0,0,0,0,0,0,0,0,0.6923,0.0,0.3077,0.0
2024_04_09_ein-einzigartiges-gerichtsverfahren,palestinians,5,4,3,0,0,4,0,0,1,0,0,1,0,0,0,0,0.6,0.0,0.8,4.5
2024_04_09_ein-tribunal-gegen-deutschland,israelis,2,2,0,0,2,1,0,0,0,0,0,0,0,0,0,0,0.0,0.0,0.5,0.0
2024_04_09_ein-tribunal-gegen-deutschland,palestinians,5,5,1,0,12,3,0,0,0,0,0,0,0,0,0,0,0.2,0.0,0.6,0.0
2024_04_09_islam-und-charme-in-einem-satz-unvorstellbar,general_journalists,2,2,0,0,0,0,0,0,0,0,0,0,0,0,0,0,0.0,0.0,0.0,0.0
2024_04_09_islam-und-charme-in-einem-satz-unvorstellbar,israelis,1,1,0,0,0,0,0,0,0,0,0,0,0,0,0,0,0.0,0.0,0.0,0.0
2024_04_09_islam-und-charme-in-einem-satz-unvorstellbar,palestinians,1,1,0,0,0,0,0,0,0,0,0,0,0,0,0,2,0.0,0.0,0.0,-2.0
2024_04_09_klimaurteile-warum-die-seniorinnen-erfolgreich-waren-aber-die-jugendlichen-nicht,palestinians,1,1,0,0,0,0,0,0,0,0,0,0,0,0,0,0,0.0,0.0,0.0,0.0
2024_04_09_nachrichten-vom-9-april-2024,israelis,1,1,0,0,0,0,0,0,0,0,0,0,0,0,0,0,0.0,0.0,0.0,0.0
2024_04_10_deutschland-vor-gericht,general_journalists,1,1,0,0,0,0,0,0,0,0,0,0,0,0,0,0,0.0,0.0,0.0,0.0
2024_04_10_deutschland-vor-gericht,israelis,15,14,8,1,0,3,0,0,0,0,0,0,0,0,0,2,0.5333,0.0667,0.2,-1.5
2024_04_10_deutschland-vor-gericht,palestinians,8,8,4,0,0,2,0,0,0,0,0,0,0,0,0,0,0.5,0.0,0.25,0.0
2024_04_10_israels-armee-t-tet-in-gaza-drei-s-hne-von-oberstem-hamas-chef,palestinians,1,1,0,0,0,0,0,0,0,0,0,0,0,0,0,0,0.0,0.0,0.0,0.0
2024_04_10_tribunal-gegen-deutschland,israelis,1,1,0,0,0,1,0,0,0,0,0,0,0,0,0,0,0.0,0.0,1.0,0.0
2024_04_10_tribunal-gegen-deutschland,palestinians,6,6,2,0,0,5,0,0,0,0,0,0,0,0,0,0,0.3333,0.0,0.8333,0.0
2024_04_11_amerika-macht-china-eine-klare-ansage,israelis,1,1,0,0,0,0,0,0,0,0,0,0,0,0,0,0,0.0,0.0,0.0,0.0
2024_04_11_amerika-macht-china-eine-klare-ansage,palestinians,1,1,0,0,0,0,0,0,0,0,0,0,0,0,0,0,0.0,0.0,0.0,0.0
2024_04_11_dem-konflikt-so-nah,general_journalists,1,1,0,0,0,0,0,0,0,0,0,0,0,0,0,0,0.0,0.0,0.0,0.0
2024_04_11_dem-konflikt-so-nah,israelis,7,7,3,0,0,0,0,0,0,0,0,0,0,0,0,2,0.4286,0.0,0.0,-2.0
2024_04_11_dem-konflikt-so-nah,palestinians,1,1,1,0,0,0,0,0,0,0,0,0,0,0,0,0,1.0,0.0,0.0,0.0
2024_04_11_eskaliert-der-konflikt-zwischen-israel-und-iran,israelis,18,17,9,2,5,2,0,1,0,0,0,0,0,0,0,0,0.5,0.1111,0.1111,2.5
2024_04_11_eskaliert-der-konflikt-zwischen-israel-und-iran,palestinians,2,2,2,0,0,0,0,0,0,0,0,0,0,0,0,0,1.0,0.0,0.0,0.0
2024_04_11_heitere-stimme-aus-dem-off,general_journalists,1,1,0,0,0,0,0,0,0,0,0,0,0,0,0,0,0.0,0.0,0.0,0.0
2024_04_11_heitere-stimme-aus-dem-off,israelis,2,2,2,0,0,0,0,0,0,0,0,0,0,0,0,0,1.0,0.0,0.0,0.0
2024_04_11_heitere-stimme-aus-dem-off,palestinians,1,1,1,0,0,0,0,0,0,0,0,0,0,0,0,0,1.0,0.0,0.0,0.0
2024_04_11_israels-armee-beginnt-neuen-einsatz-im-zentralen-teil-des-gazastreifens,israelis,1,1,0,0,0,0,0,0,0,0,0,0,0,0,0,0,0.0,0.0,0.0,0.0
2024_04_11_radikales-aus-anonymer-quelle,general_journalists,1,1,1,0,0,1,0,0,0,0,0,0,0,0,0,0,1.0,0.0,1.0,0.0
2024_04_11_radikales-aus-anonymer-quelle,israelis,8,8,6,1,0,2,0,0,0,0,0,0,0,0,0,0,0.75,0.125,0.25,0.5
2024_04_11_radikales-aus-anonymer-quelle,palestinians,5,5,2,1,0,1,0,0,0,0,0,0,0,0,0,0,0.4,0.2,0.2,0.5
2024_04_11_und-keiner-ist-verantwortlich,general_journalists,1,1,0,0,0,0,0,0,0,0,0,0,0,0,0,0,0.0,0.0,0.0,0.0
2024_04_11_und-keiner-ist-verantwortlich,israelis,1,1,1,0,4,1,0,0,0,0,0,0,0,0,0,0,1.0,0.0,1.0,0.0
2024_04_11_und-keiner-ist-verantwortlich,palestinians,1,1,0,0,4,1,0,0,0,0,0,0,0,0,0,0,0.0,0.0,1.0,0.0
2024_04_12_ansage-aus-amerika,israelis,1,1,0,0,0,0,0,0,0,0,0,0,0,0,0,0,0.0,0.0,0.0,0.0
2024_04_12_ansage-aus-amerika,palestinians,1,1,0,0,0,0,0,0,0,0,0,0,0,0,0,0,0.0,0.0,0.0,0.0
2024_04_12_eskaliert-der-schattenkrieg,israelis,18,16,10,2,0,4,0,1,0,0,0,0,0,0,0,0,0.5556,0.1111,0.2222,2.5
2024_04_12_eskaliert-der-schattenkrieg,palestinians,2,2,2,0,0,0,0,0,0,0,0,0,0,0,0,0,1.0,0.0,0.0,0.0
2024_04_12_nachrichten-am-12-april-2024,israelis,2,2,1,0,0,0,0,0,0,0,0,0,0,0,0,0,0.5,0.0,0.0,0.0
2024_04_12_nachrichten-am-12-april-2024,palestinians,1,1,1,0,2,1,0,0,0,0,0,0,0,0,0,0,1.0,0.0,1.0,0.0
2024_04_13_ein-krieg-der-die-welt-kaltl-sst,palestinians,2,2,1,0,0,0,0,0,0,0,0,0,0,0,0,0,0.5,0.0,0.0,0.0
2024_04_13_milit-rischer-druck-t-tet-die-geiseln,general_journalists,1,1,0,0,0,0,0,0,0,0,0,0,0,0,0,0,0.0,0.0,0.0,0.0
2024_04_13_milit-rischer-druck-t-tet-die-geiseln,israelis,9,9,5,0,0,2,0,0,0,0,0,0,0,0,0,2,0.5556,0.0,0.2222,-2.0
2024_04_13_milit-rischer-druck-t-tet-die-geiseln,palestinians,10,10,6,1,0,1,0,1,0,0,0,0,0,0,0,0,0.6,0.1,0.1,2.0
2024_04_13_sch-nes-fest,general_journalists,2,2,0,0,0,0,0,0,0,0,0,0,0,0,0,0,0.0,0.0,0.0,0.0
2024_04_13_sch-nes-fest,israelis,1,1,0,0,0,0,0,0,0,0,0,0,0,0,0,0,0.0,0.0,0.0,0.0
2024_04_13_sch-nes-fest,palestinians,1,1,0,0,0,0,0,0,0,0,0,0,0,0,0,2,0.0,0.0,0.0,-2.0
2024_04_14_biden-lobt-bemerkenswerte-milit-rische-f-higkeit-israels,israelis,10,10,6,1,10,4,0,0,0,0,0,0,0,0,0,0,0.6,0.1,0.4,0.5
2024_04_14_biden-lobt-bemerkenswerte-milit-rische-f-higkeit-israels,palestinians,2,2,1,0,0,0,0,0,0,0,0,0,0,0,0,0,0.5,0.0,0.0,0.0
2024_04_14_ein-tabubruch-der-alles-ndert,israelis,15,15,8,0,2,1,0,0,1,0,0,0,0,0,0,0,0.5333,0.0,0.0667,2.0
2024_04_14_ein-tabubruch-der-alles-ndert,palestinians,1,1,0,0,0,0,0,0,1,0,0,0,0,0,0,0,0.0,0.0,0.0,2.0
2024_04_14_fall-erledigt,israelis,20,19,10,3,6,3,0,0,0,0,0,0,0,0,0,2,0.5,0.15,0.15,-0.5
2024_04_14_fall-erledigt,palestinians,3,3,2,0,0,0,0,0,0,0,0,0,0,0,0,0,0.6667,0.0,0.0,0.0
2024_04_14_zo-uz-wegen-tweets-zu-israel-in-der-kritik,israelis,4,4,2,0,2,1,0,0,0,0,0,0,0,0,0,2,0.5,0.0,0.25,-2.0
2024_04_14_zo-uz-wegen-tweets-zu-israel-in-der-kritik,palestinians,1,1,1,0,0,0,0,0,0,0,0,0,0,0,0,0,1.0,0.0,0.0,0.0
2024_04_15_der-sieger-hei-t-netanjahu,general_journalists,1,1,0,0,0,0,0,0,0,0,0,0,0,0,0,0,0.0,0.0,0.0,0.0
2024_04_15_der-sieger-hei-t-netanjahu,israelis,3,3,2,0,0,0,0,0,0,0,0,0,0,0,0,0,0.6667,0.0,0.0,0.0
2024_04_15_der-sieger-hei-t-netanjahu,palestinians,1,1,0,0,0,0,0,0,0,0,0,0,0,0,0,0,0.0,0.0,0.0,0.0
2024_04_15_die-vielen-v-ter-des-israelischen-erfolgs,israelis,11,11,5,0,8,2,0,0,0,0,0,0,0,0,0,0,0.4545,0.0,0.1818,0.0
2024_04_15_die-vielen-v-ter-des-israelischen-erfolgs,palestinians,1,1,0,0,2,1,0,0,0,0,0,0,0,0,0,0,0.0,0.0,1.0,0.0
2024_04_15_ein-tabubruch,israelis,14,14,8,0,0,1,0,0,1,0,0,0,0,0,0,0,0.5714,0.0,0.0714,2.0
2024_04_15_ein-tabubruch,palestinians,1,1,0,0,0,0,0,0,1,0,0,0,0,0,0,0,0.0,0.0,0.0,2.0
2024_04_15_eine-bemerkenswerte-f-higkeit,israelis,9,9,4,1,0,2,0,0,0,0,0,0,0,0,0,0,0.4444,0.1111,0.2222,0.5
2024_04_15_eine-bemerkenswerte-f-higkeit,palestinians,2,2,1,0,0,0,0,0,0,0,0,0,0,0,0,0,0.5,0.0,0.0,0.0
2024_04_15_erst-unterbrochen-dann-abgesagt,general_journalists,1,1,0,0,0,0,0,0,0,0,0,0,0,0,0,0,0.0,0.0,0.0,0.0
2024_04_15_erst-unterbrochen-dann-abgesagt,israelis,3,3,1,0,0,3,0,0,0,0,0,0,0,0,0,0,0.3333,0.0,1.0,0.0
2024_04_15_erst-unterbrochen-dann-abgesagt,palestinians,4,4,1,0,0,4,0,0,0,0,0,0,0,0,0,0,0.25,0.0,1.0,0.0
2024_04_15_eskalation-in-zeitlupe,general_journalists,1,1,1,0,0,0,0,0,0,0,0,0,0,0,0,0,1.0,0.0,0.0,0.0
2024_04_15_eskalation-in-zeitlupe,israelis,17,16,11,2,0,0,0,0,0,0,0,0,0,0,0,0,0.6471,0.1176,0.0,1.0
2024_04_15_eskalation-in-zeitlupe,palestinians,3,3,3,0,0,0,0,0,0,0,0,0,0,0,0,0,1.0,0.0,0.0,0.0
2024_04_15_fesselnde-vielfalt,palestinians,1,1,0,0,0,0,0,0,0,0,0,0,0,0,0,0,0.0,0.0,0.0,0.0
2024_04_15_immer-wieder-freitags,general_journalists,1,1,0,0,0,0,0,0,0,0,0,0,0,0,0,0,0.0,0.0,0.0,0.0
2024_04_15_innenminister-herrmann-warnt-vor-wachsendem-antisemitismus,general_journalists,1,1,1,0,2,1,0,0,0,0,0,0,0,0,0,0,1.0,0.0,1.0,0.0
2024_04_15_innenminister-herrmann-warnt-vor-wachsendem-antisemitismus,israelis,3,3,3,0,4,2,0,0,0,0,0,0,0,0,0,3,1.0,0.0,0.6667,-3.0
2024_04_15_innenminister-herrmann-warnt-vor-wachsendem-antisemitismus,palestinians,1,1,1,0,0,0,0,0,0,0,0,0,0,0,0,0,1.0,0.0,0.0,0.0
2024_04_15_krisendiplomatie-aus-der-ferne,general_journalists,1,1,0,0,0,0,0,0,0,0,0,0,0,0,0,0,0.0,0.0,0.0,0.0
2024_04_15_krisendiplomatie-aus-der-ferne,israelis,3,3,2,0,0,0,0,0,0,0,0,0,0,0,0,0,0.6667,0.0,0.0,0.0
2024_04_15_todesgr-e-aus-teheran,general_journalists,2,2,1,0,0,0,0,0,0,0,0,0,0,0,0,0,0.5,0.0,0.0,0.0
2024_04_15_todesgr-e-aus-teheran,israelis,32,32,17,1,0,7,0,1,0,0,0,0,0,0,0,0,0.5312,0.0312,0.2188,2.0
2024_04_15_todesgr-e-aus-teheran,palestinians,5,5,2,0,0,0,0,0,0,0,0,0,0,0,0,0,0.4,0.0,0.0,0.0
2024_04_15_wir-israelis-werden-uns-nicht-unterkriegen-lassen,israelis,7,7,3,2,0,1,0,0,0,0,0,0,0,0,0,1,0.4286,0.2857,0.1429,0.0
2024_04_15_wir-israelis-werden-uns-nicht-unterkriegen-lassen,palestinians,2,2,0,0,0,0,0,0,0,0,0,0,0,0,0,0,0.0,0.0,0.0,0.0
2024_04_15_ziel-erreicht,israelis,18,17,9,2,0,3,0,0,0,0,0,0,0,0,0,2,0.5,0.1111,0.1667,-1.0
2024_04_15_ziel-erreicht,palestinians,3,3,2,0,0,0,0,0,0,0,0,0,0,0,0,0,0.6667,0.0,0.0,0.0
2024_04_15_zo-uz-in-der-kritik,israelis,2,2,1,0,0,0,0,0,0,0,0,0,0,0,0,2,0.5,0.0,0.0,-2.0
2024_04_15_zo-uz-in-der-kritik,palestinians,1,1,1,0,0,0,0,0,0,0,0,0,0,0,0,0,1.0,0.0,0.0,0.0
2024_04_15_zwischen-den-st-hlen,general_journalists,1,1,1,0,0,0,0,0,0,0,0,0,0,0,0,0,1.0,0.0,0.0,0.0
2024_04_15_zwischen-den-st-hlen,israelis,18,18,12,0,0,3,0,0,1,0,0,0,0,0,0,0,0.6667,0.0,0.1667,2.0
2024_04_15_zwischen-den-st-hlen,palestinians,2,2,0,0,0,0,0,0,1,0,0,0,0,0,0,0,0.0,0.0,0.0,2.0
2024_04_16_der-krieg-in-nahost-als-brandbeschleuniger,general_journalists,2,2,2,0,6,2,0,0,0,0,0,0,0,0,0,0,1.0,0.0,1.0,0.0
2024_04_16_der-krieg-in-nahost-als-brandbeschleuniger,israelis,7,7,5,0,7,2,0,0,0,0,0,0,0,0,0,0,0.7143,0.0,0.2857,0.0
2024_04_16_der-krieg-in-nahost-als-brandbeschleuniger,palestinians,5,5,5,0,12,4,0,0,0,0,0,0,0,0,0,0,1.0,0.0,0.8,0.0
2024_04_16_wut-gegen-vernunft,israelis,8,8,2,0,0,1,0,0,0,0,0,0,0,0,0,0,0.25,0.0,0.125,0.0
2024_04_16_wut-gegen-vernunft,palestinians,1,1,0,0,0,1,0,0,0,0,0,0,0,0,0,0,0.0,0.0,1.0,0.0
2024_04_17_biden-f-llt-es-schwer-israel-zu-bremsen,israelis,6,6,3,1,0,0,0,0,0,0,0,0,0,0,0,2,0.5,0.1667,0.0,-1.5
2024_04_17_biden-f-llt-es-schwer-israel-zu-bremsen,palestinians,1,1,0,0,0,0,0,0,0,0,0,0,0,0,0,0,0.0,0.0,0.0,0.0
2024_04_17_bis-kriegsende-geschlossen,israelis,3,3,2,0,0,1,0,0,0,0,0,0,0,0,0,0,0.6667,0.0,0.3333,0.0
2024_04_17_bis-kriegsende-geschlossen,palestinians,2,2,2,0,0,1,0,0,0,0,0,0,0,0,1,0,1.0,0.0,0.5,0.5
2024_04_17_nahostkonflikt-als-brandbeschleuniger,general_journalists,2,2,2,0,0,2,0,0,0,0,0,0,0,0,0,0,1.0,0.0,1.0,0.0
2024_04_17_nahostkonflikt-als-brandbeschleuniger,israelis,7,6,5,0,0,4,0,0,0,0,0,0,0,0,0,0,0.7143,0.0,0.5714,0.0
2024_04_17_nahostkonflikt-als-brandbeschleuniger,palestinians,5,5,4,0,0,4,0,0,0,0,0,0,0,0,0,0,0.8,0.0,0.8,0.0
2024_04_17_st-rke-zeigen-aber-klug,israelis,14,14,8,2,0,0,0,0,0,0,0,0,0,0,0,0,0.5714,0.1429,0.0,1.0
2024_04_17_st-rke-zeigen-aber-klug,palestinians,1,1,0,0,0,0,0,0,0,0,0,0,0,0,0,0,0.0,0.0,0.0,0.0
2024_04_17_warum-ist-es-so-schwer-sieben-patriot-batterien-zu-finden,israelis,4,4,0,0,0,0,0,0,0,0,0,0,0,0,0,0,0.0,0.0,0.0,0.0
2024_04_18_beeindruckende-piet,israelis,1,1,1,0,0,0,0,0,0,0,0,0,0,0,0,0,1.0,0.0,0.0,0.0
2024_04_18_beeindruckende-piet,palestinians,1,1,1,0,0,0,0,0,0,0,0,0,0,0,0,2,1.0,0.0,0.0,-2.0
2024_04_18_die-anw-ltin-die-gegen-waffenlieferungen-an-israel-klagt,israelis,10,9,5,0,4,1,0,0,0,0,0,0,0,0,0,0,0.5,0.0,0.1,0.0
2024_04_18_die-anw-ltin-die-gegen-waffenlieferungen-an-israel-klagt,palestinians,1,1,1,0,0,0,0,0,0,0,0,0,0,0,0,2,1.0,0.0,0.0,-2.0
2024_04_18_grabenk-mpfe-statt-geostrategie,israelis,3,3,2,0,3,1,0,0,0,0,0,0,0,0,0,0,0.6667,0.0,0.3333,0.0
2024_04_18_grabenk-mpfe-statt-geostrategie,palestinians,1,1,0,0,0,0,0,0,0,0,0,0,0,0,0,0,0.0,0.0,0.0,0.0
2024_04_18_ich-habe-schon-mehrere-romane-auf-die-b-hne-gebracht-aber-noch-nie-so-ein-monste,palestinians,1,1,0,0,0,0,0,0,0,0,0,0,0,0,0,0,0.0,0.0,0.0,0.0
2024_04_18_in-malm-liegen-die-nerven-schon-jetzt-blank,general_journalists,1,1,1,0,0,0,0,0,0,0,0,0,0,0,0,0,1.0,0.0,0.0,0.0
2024_04_18_in-malm-liegen-die-nerven-schon-jetzt-blank,israelis,7,7,3,1,6,3,0,0,0,0,0,0,0,0,0,0,0.4286,0.1429,0.4286,0.5
2024_04_18_katar-will-sich-vom-westen-nicht-unter-druck-setzen-lassen,israelis,5,5,3,1,6,2,0,0,0,0,0,0,0,0,0,0,0.6,0.2,0.4,0.5
2024_04_18_katar-will-sich-vom-westen-nicht-unter-druck-setzen-lassen,palestinians,1,1,0,0,0,0,0,0,0,0,0,0,0,0,0,0,0.0,0.0,0.0,0.0
2024_04_18_magische-sieben,israelis,4,4,0,0,0,0,0,0,0,0,0,0,0,0,0,0,0.0,0.0,0.0,0.0
2024_04_18_netanjahu-will-keine-l-sung,general_journalists,1,1,0,0,2,1,0,0,0,0,0,0,0,0,0,0,0.0,0.0,1.0,0.0
2024_04_18_netanjahu-will-keine-l-sung,israelis,10,10,5,1,0,0,0,0,0,0,0,0,0,0,0,2,0.5,0.1,0.0,-1.5
2024_04_18_netanjahu-will-keine-l-sung,palestinians,2,2,1,0,0,0,0,0,0,0,0,0,0,0,0,0,0.5,0.0,0.0,0.0
2024_04_18_was-joe-biden-tun-sollte,israelis,5,5,2,1,0,0,0,0,0,0,0,0,0,0,0,2,0.4,0.2,0.0,-1.5
2024_04_18_was-joe-biden-tun-sollte,palestinians,1,1,0,0,0,0,0,0,0,0,0,0,0,0,0,0,0.0,0.0,0.0,0.0
2024_04_19_armaghan-naghipour,israelis,6,6,3,0,0,1,0,0,0,0,0,0,0,0,0,0,0.5,0.0,0.1667,0.0
2024_04_19_armaghan-naghipour,palestinians,1,1,1,0,0,0,0,0,0,0,0,0,0,0,0,2,1.0,0.0,0.0,-2.0
2024_04_19_auswege-aus-der-eskalationsspirale,israelis,8,7,3,1,0,0,0,0,0,0,0,0,0,0,0,0,0.375,0.125,0.0,0.5
2024_04_19_der-menschenerkl-rer,israelis,1,1,0,0,0,0,0,0,0,0,0,0,0,0,0,0,0.0,0.0,0.0,0.0
2024_04_19_der-menschenerkl-rer,palestinians,1,1,0,0,0,0,0,0,0,0,0,0,0,0,0,0,0.0,0.0,0.0,0.0
2024_04_19_der-wahnsinn-mit-dem-wal,palestinians,1,1,0,0,0,0,0,0,0,0,0,0,0,0,0,0,0.0,0.0,0.0,0.0
2024_04_19_diese-zwei-kriege-k-nnen-europa-zerst-ren,palestinians,1,1,1,0,0,0,0,0,0,0,0,0,0,0,0,0,1.0,0.0,0.0,0.0
2024_04_19_grabenk-mpfe-im-kapitol,israelis,3,3,2,0,0,1,0,0,0,0,0,0,0,0,0,0,0.6667,0.0,0.3333,0.0
2024_04_19_grabenk-mpfe-im-kapitol,palestinians,1,1,0,0,0,0,0,0,0,0,0,0,0,0,0,0,0.0,0.0,0.0,0.0
2024_04_19_nahost-warum-iran-den-israelischen-angriff-herunterspielt,israelis,6,6,4,1,0,0,0,0,0,0,0,0,0,0,0,0,0.6667,0.1667,0.0,0.5
2024_04_19_nicht-mit-ihm,general_journalists,1,1,0,0,0,0,0,0,0,0,0,0,0,0,0,0,0.0,0.0,0.0,0.0
2024_04_19_nicht-mit-ihm,israelis,9,9,5,1,0,0,0,0,0,0,0,0,0,0,0,1,0.5556,0.1111,0.0,-0.5
2024_04_19_nicht-mit-ihm,palestinians,2,2,1,0,0,0,0,0,0,0,0,0,0,0,0,0,0.5,0.0,0.0,0.0
2024_04_19_palimpalim-die-n-chste-blamage,israelis,1,1,0,0,4,1,0,0,0,0,0,0,0,0,0,0,0.0,0.0,1.0,0.0
2024_04_19_palimpalim-die-n-chste-blamage,palestinians,2,1,2,0,4,2,0,0,0,0,0,0,0,0,0,0,1.0,0.0,1.0,0.0
2024_04_19_soll-wohl-ein-witz-sein,israelis,4,4,1,0,8,4,0,0,0,0,0,0,0,0,0,0,0.25,0.0,1.0,0.0
2024_04_19_soll-wohl-ein-witz-sein,palestinians,1,1,0,0,0,0,0,0,0,0,0,0,0,0,0,0,0.0,0.0,0.0,0.0
2024_04_19_wenig-frieden-viel-politik,israelis,6,6,3,1,0,2,0,0,0,0,0,0,0,0,0,0,0.5,0.1667,0.3333,0.5
2024_04_20_dieter-hallervorden,israelis,1,1,0,0,0,1,0,0,0,0,0,0,0,0,0,0,0.0,0.0,1.0,0.0
2024_04_20_dieter-hallervorden,palestinians,2,1,2,0,0,2,0,0,0,0,0,0,0,0,0,0,1.0,0.0,1.0,0.0
2024_04_20_gegen-europa,palestinians,2,2,2,0,0,0,0,0,0,0,0,0,0,0,0,0,1.0,0.0,0.0,0.0
2024_04_20_schlechte-stimmung,general_journalists,3,3,2,0,0,0,0,0,0,0,0,0,0,0,0,0,0.6667,0.0,0.0,0.0
2024_04_20_schlechte-stimmung,israelis,6,6,5,0,0,0,0,0,0,0,0,0,0,0,0,0,0.8333,0.0,0.0,0.0
2024_04_20_schlechte-stimmung,palestinians,4,4,0,0,0,0,0,0,0,0,0,0,0,0,0,0,0.0,0.0,0.0,0.0
2024_04_20_war-da-was,general_journalists,2,2,0,0,0,0,0,0,0,0,0,0,0,0,0,0,0.0,0.0,0.0,0.0
2024_04_20_war-da-was,israelis,23,22,15,2,0,1,0,0,0,0,0,0,0,0,0,0,0.6522,0.087,0.0435,1.0
2024_04_20_war-da-was,palestinians,3,3,1,0,0,0,0,0,0,0,0,0,0,0,0,0,0.3333,0.0,0.0,0.0
2024_04_20_wie-soll-das-noch-gutgehen,israelis,6,6,3,0,0,0,0,0,0,0,0,0,0,0,0,0,0.5,0.0,0.0,0.0
2024_04_20_wie-soll-das-noch-gutgehen,palestinians,1,1,0,0,0,0,0,0,0,0,0,0,0,0,0,0,0.0,0.0,0.0,0.0
2024_04_21_handschlag-mit-der-hamas,israelis,8,8,2,2,8,2,0,0,0,0,0,0,0,0,0,0,0.25,0.25,0.25,1.0
2024_04_21_handschlag-mit-der-hamas,palestinians,2,2,2,0,2,1,0,0,0,0,0,0,0,0,0,0,1.0,0.0,0.5,0.0
2024_04_21_mann-ohne-antworten,israelis,13,12,7,2,2,1,0,1,0,0,0,0,0,0,0,0,0.5385,0.1538,0.0769,2.5
2024_04_21_mann-ohne-antworten,palestinians,1,1,0,0,2,1,0,0,0,0,0,0,0,0,0,0,0.0,0.0,1.0,0.0
2024_04_21_pl-tzlich-ein-held,israelis,1,1,0,0,0,0,0,0,0,0,0,0,0,0,0,0,0.0,0.0,0.0,0.0
2024_04_21_pl-tzlich-ein-held,palestinians,1,1,0,0,0,0,0,0,0,0,0,0,0,0,0,0,0.0,0.0,0.0,0.0
2024_04_22_amerika-macht-wieder-weltpolitik,israelis,4,4,1,0,0,0,0,0,0,0,0,0,0,0,0,0,0.25,0.0,0.0,0.0
2024_04_22_amerika-macht-wieder-weltpolitik,palestinians,1,1,0,0,0,0,0,0,0,0,0,0,0,0,0,0,0.0,0.0,0.0,0.0
2024_04_22_auf-der-suche-nach-neuen-freunden,israelis,3,3,2,0,0,0,0,0,0,0,0,0,0,0,0,0,0.6667,0.0,0.0,0.0
2024_04_22_dass-netanjahu-weiterhin-im-amt-bleibt-ist-erstaunlich,israelis,4,4,3,0,0,0,0,0,0,0,0,0,0,0,0,0,0.75,0.0,0.0,0.0
2024_04_22_dass-netanjahu-weiterhin-im-amt-bleibt-ist-erstaunlich,palestinians,2,2,1,0,0,0,0,0,0,0,0,0,0,0,0,0,0.5,0.0,0.0,0.0
2024_04_22_die-deutsche-geisel-in-der-todeszelle-der-mullahs,general_journalists,1,1,0,0,0,0,0,0,0,0,0,0,0,0,0,0,0.0,0.0,0.0,0.0
2024_04_22_die-deutsche-geisel-in-der-todeszelle-der-mullahs,israelis,1,1,0,0,0,0,0,0,0,0,0,0,0,0,0,0,0.0,0.0,0.0,0.0
2024_04_22_die-deutsche-geisel-in-der-todeszelle-der-mullahs,palestinians,1,1,0,0,0,0,0,0,0,0,0,0,0,0,0,0,0.0,0.0,0.0,0.0
2024_04_22_keine-beweise-f-r-signifikante-unterwanderung-der-unrwa,general_journalists,1,1,0,0,0,0,0,0,0,0,0,0,0,0,0,0,0.0,0.0,0.0,0.0
2024_04_22_keine-beweise-f-r-signifikante-unterwanderung-der-unrwa,israelis,9,9,6,2,2,1,0,0,0,0,0,0,0,0,0,3,0.6667,0.2222,0.1111,-2.0
2024_04_22_keine-beweise-f-r-signifikante-unterwanderung-der-unrwa,palestinians,5,5,1,0,4,2,0,0,0,0,0,0,0,0,0,2,0.2,0.0,0.4,-2.0
2024_04_22_keine-sekunde-zu-fr-h,israelis,1,1,0,0,0,0,0,0,0,0,0,0,0,0,0,0,0.0,0.0,0.0,0.0
2024_04_22_keine-sekunde-zu-fr-h,palestinians,1,1,0,0,0,0,0,0,0,0,0,0,0,0,0,0,0.0,0.0,0.0,0.0
2024_04_22_meister-des-taktierens,israelis,10,9,5,2,0,1,0,0,0,0,0,0,0,0,0,0,0.5,0.2,0.1,1.0
2024_04_22_meister-des-taktierens,palestinians,1,1,0,0,0,1,0,0,0,0,0,0,0,0,0,0,0.0,0.0,1.0,0.0
2024_04_22_mitverantwortung-f-r-die-schreckliche-last-dieses-krieges,israelis,5,5,3,1,0,0,0,0,0,0,0,0,0,0,0,0,0.6,0.2,0.0,0.5
2024_04_22_mitverantwortung-f-r-die-schreckliche-last-dieses-krieges,palestinians,2,2,0,0,0,0,0,0,0,0,0,0,0,0,0,0,0.0,0.0,0.0,0.0
2024_04_22_strafe-mit-hintergedanken,israelis,6,6,4,0,0,0,0,0,0,0,0,0,0,0,0,0,0.6667,0.0,0.0,0.0
2024_04_22_strafe-mit-hintergedanken,palestinians,1,1,0,0,0,0,0,0,0,0,0,0,0,0,0,0,0.0,0.0,0.0,0.0
2024_04_22_umarmung-f-r-hamas,israelis,7,7,1,2,0,2,0,0,0,0,0,0,0,0,0,0,0.1429,0.2857,0.2857,1.0
2024_04_22_umarmung-f-r-hamas,palestinians,2,2,2,0,0,1,0,0,0,0,0,0,0,0,0,0,1.0,0.0,0.5,0.0
2024_04_22_vor-nur-vier-tagen-haben-wir-meine-eltern-begraben,palestinians,3,3,2,0,0,0,0,0,0,0,0,0,0,0,0,2,0.6667,0.0,0.0,-2.0
2024_04_23_jamshid-sharmahd,general_journalists,1,1,0,0,0,0,0,0,0,0,0,0,0,0,0,0,0.0,0.0,0.0,0.0
2024_04_23_jamshid-sharmahd,israelis,1,1,0,0,0,0,0,0,0,0,0,0,0,0,0,0,0.0,0.0,0.0,0.0
2024_04_23_jamshid-sharmahd,palestinians,1,1,0,0,0,0,0,0,0,0,0,0,0,0,0,0,0.0,0.0,0.0,0.0
2024_04_23_jenseits-der-vorstellungskraft,palestinians,3,3,2,0,0,0,0,0,0,0,0,0,0,0,0,2,0.6667,0.0,0.0,-2.0
2024_04_23_mit-d-ner-im-gep-ck-nach-istanbul,palestinians,1,1,1,0,0,1,0,0,0,0,0,0,0,0,0,0,1.0,0.0,1.0,0.0
2024_04_23_neue-nadelstiche,israelis,2,2,2,0,0,0,0,0,0,0,0,0,0,0,0,0,1.0,0.0,0.0,0.0
2024_04_23_neue-nadelstiche,palestinians,2,2,1,0,0,0,0,0,0,0,0,0,0,0,0,0,0.5,0.0,0.0,0.0
2024_04_23_proteste-um-gaza-krieg-weiten-sich-an-us-universit-ten-aus,israelis,2,2,2,0,0,0,0,0,0,0,0,0,0,0,0,0,1.0,0.0,0.0,0.0
2024_04_23_us-schriftstellerverband-sagt-preisverleihung-ab,israelis,1,1,0,0,4,1,0,0,0,0,0,0,0,0,0,0,0.0,0.0,1.0,0.0
2024_04_23_us-schriftstellerverband-sagt-preisverleihung-ab,palestinians,1,1,1,0,0,0,0,0,0,0,0,0,0,0,0,0,1.0,0.0,0.0,0.0
2024_04_24_besetzte-universit-ten,israelis,3,3,2,0,0,0,0,0,0,0,0,0,0,0,0,0,0.6667,0.0,0.0,0.0
2024_04_24_besetzte-universit-ten,palestinians,6,6,2,0,0,1,0,0,0,0,0,0,0,0,0,0,0.3333,0.0,0.1667,0.0
2024_04_24_diese-debatte-ist-das-resultat-einer-lebensl-ge,palestinians,3,2,3,0,0,0,0,0,1,0,0,0,0,0,0,0,1.0,0.0,0.0,2.0
2024_04_24_droht-netanjahu-ein-haftbefehl,israelis,10,10,8,1,0,0,0,0,0,0,0,0,0,0,0,0,0.8,0.1,0.0,0.5
2024_04_24_droht-netanjahu-ein-haftbefehl,palestinians,4,4,1,1,0,0,0,0,0,0,0,0,0,0,0,0,0.25,0.25,0.0,0.5
2024_04_24_massengr-ber-und-vorzeichen-der-offensive,israelis,8,7,5,0,2,1,0,0,0,0,0,0,0,0,0,0,0.625,0.0,0.125,0.0
2024_04_24_massengr-ber-und-vorzeichen-der-offensive,palestinians,6,6,4,1,2,1,0,0,0,0,0,0,0,0,0,0,0.6667,0.1667,0.1667,0.5
2024_04_24_menschenrechte-erodieren-weltweit,israelis,2,2,1,0,2,1,0,0,0,0,0,0,0,0,0,0,0.5,0.0,0.5,0.0
2024_04_24_menschenrechte-erodieren-weltweit,palestinians,2,2,2,0,0,0,0,0,0,0,0,0,0,0,0,2,1.0,0.0,0.0,-2.0
2024_04_24_mit-dem-fahrrad-in-den-krieg,general_journalists,5,5,3,1,0,1,0,0,0,0,0,0,0,0,0,0,0.6,0.2,0.2,0.5
2024_04_24_mit-dem-fahrrad-in-den-krieg,israelis,8,8,3,1,0,0,0,0,0,0,0,0,0,0,0,2,0.375,0.125,0.0,-1.5
2024_04_24_mit-dem-fahrrad-in-den-krieg,palestinian_journalists,1,1,1,0,0,0,0,0,0,0,0,0,0,0,0,0,1.0,0.0,0.0,0.0
2024_04_24_mit-dem-fahrrad-in-den-krieg,palestinians,42,37,21,1,0,7,0,0,1,0,0,0,0,0,0,3,0.5,0.0238,0.1667,-0.5
2024_04_25_der-pornostar-und-die-weltpolitik,israelis,1,1,0,0,0,0,0,0,0,0,0,0,0,0,0,0,0.0,0.0,0.0,0.0
2024_04_25_der-pornostar-und-die-weltpolitik,palestinians,1,1,0,0,0,0,0,0,0,0,0,0,0,0,0,0,0.0,0.0,0.0,0.0
2024_04_25_diesmal-ohne-eklat,israelis,4,4,1,0,0,0,0,0,0,0,0,0,0,0,0,2,0.25,0.0,0.0,-2.0
2024_04_25_diesmal-ohne-eklat,palestinians,1,1,1,0,0,1,0,0,0,0,0,0,0,0,0,0,1.0,0.0,1.0,0.0
2024_04_25_es-ist-ein-zeitalter-der-gewalt,israelis,1,1,0,0,0,0,0,0,0,0,0,0,0,0,0,0,0.0,0.0,0.0,0.0
2024_04_25_es-ist-ein-zeitalter-der-gewalt,palestinians,2,2,0,0,0,0,0,0,0,0,0,0,0,0,0,0,0.0,0.0,0.0,0.0
2024_04_25_f-r-tiktok-geht-es-um-alles,israelis,2,2,0,0,0,0,0,0,0,0,0,0,0,0,0,0,0.0,0.0,0.0,0.0
2024_04_25_f-r-tiktok-geht-es-um-alles,palestinians,1,1,0,0,0,0,0,0,0,0,0,0,0,0,0,0,0.0,0.0,0.0,0.0
2024_04_25_folgen-einer-lebensl-ge,palestinians,3,2,3,0,0,0,0,0,1,0,0,0,0,0,0,0,1.0,0.0,0.0,2.0
2024_04_25_gypten-warnt-vor-rafah-offensive,israelis,1,1,1,0,0,0,0,0,0,0,0,0,0,0,0,0,1.0,0.0,0.0,0.0
2024_04_25_gypten-warnt-vor-rafah-offensive,palestinians,4,4,1,0,4,2,0,0,0,0,0,0,0,0,0,0,0.25,0.0,0.5,0.0
2024_04_25_hilfe-f-r-gaza-l-uft-wieder-an,israelis,2,2,2,0,0,0,0,0,0,0,0,0,0,0,0,1,1.0,0.0,0.0,-1.0
2024_04_25_hilfe-f-r-gaza-l-uft-wieder-an,palestinians,6,6,0,0,0,2,0,0,1,0,0,0,0,0,0,0,0.0,0.0,0.3333,2.0
2024_04_25_massengr-ber-im-gazastreifen,israelis,8,7,6,0,0,1,0,0,0,0,0,0,0,0,0,0,0.75,0.0,0.125,0.0
2024_04_25_massengr-ber-im-gazastreifen,palestinians,4,4,3,1,0,1,0,0,0,0,0,0,0,0,0,0,0.75,0.25,0.25,0.5
2024_04_25_pentagon-bau-eines-tempor-ren-hafens-vor-gaza-hat-begonnen,palestinians,1,1,1,0,0,0,0,0,0,0,0,0,0,0,0,0,1.0,0.0,0.0,0.0
2024_04_25_steinmeier-und-erdo-an-sprechen-ber-gaza,palestinians,1,1,0,0,0,0,0,0,0,0,0,0,0,0,0,0,0.0,0.0,0.0,0.0
2024_04_26_all-diese-gewalt,israelis,1,1,0,0,0,0,0,0,0,0,0,0,0,0,0,0,0.0,0.0,0.0,0.0
2024_04_26_all-diese-gewalt,palestinians,3,3,0,0,0,0,0,0,0,0,0,0,0,0,0,0,0.0,0.0,0.0,0.0
2024_04_26_es-war-einmal-in-gaza,israelis,16,15,11,1,0,3,0,0,0,0,0,0,0,0,0,4,0.6875,0.0625,0.1875,-3.5
2024_04_26_es-war-einmal-in-gaza,palestinians,21,21,8,1,0,5,0,0,0,0,0,0,0,0,0,3,0.381,0.0476,0.2381,-2.5
2024_04_26_heftige-proteste-an-unis-gegen-gaza-krieg,israelis,4,4,2,0,1,0,0,0,0,0,0,0,0,0,0,0,0.5,0.0,0.0,0.0
2024_04_27_au-er-kontrolle,general_journalists,1,1,1,0,0,0,0,0,0,0,0,0,0,0,0,0,1.0,0.0,0.0,0.0
2024_04_27_au-er-kontrolle,israelis,11,10,5,1,0,2,0,0,0,0,0,0,0,0,0,0,0.4545,0.0909,0.1818,0.5
2024_04_27_au-er-kontrolle,palestinians,6,6,3,0,0,2,0,0,0,0,0,0,0,0,0,0,0.5,0.0,0.3333,0.0
2024_04_27_egal-was-wir-machen-wir-sind-die-b-sen,general_journalists,2,2,2,0,0,0,0,0,0,0,0,0,0,0,0,0,1.0,0.0,0.0,0.0
2024_04_27_egal-was-wir-machen-wir-sind-die-b-sen,israelis,19,19,11,1,0,6,0,0,0,0,0,0,0,0,1,0,0.5789,0.0526,0.3158,1.0
2024_04_27_egal-was-wir-machen-wir-sind-die-b-sen,palestinians,30,28,11,2,0,12,0,0,5,0,0,0,0,0,3,2,0.3667,0.0667,0.4,10.5
2024_04_27_es-wird-finster-in-berlin,israelis,12,11,6,2,0,4,0,0,0,0,0,0,0,0,0,1,0.5,0.1667,0.3333,0.0
2024_04_27_es-wird-finster-in-berlin,palestinians,4,4,1,1,0,1,0,0,0,0,0,0,0,0,0,0,0.25,0.25,0.25,0.5
2024_04_27_israel-fliegt-luftangriffe-in-libanon-und-im-gazastreifen,israelis,1,1,1,0,0,0,0,0,0,0,0,0,0,0,0,0,1.0,0.0,0.0,0.0
2024_04_27_protest-nach-camp-verbot,israelis,1,1,1,0,0,0,0,0,0,0,0,0,0,0,0,0,1.0,0.0,0.0,0.0
2024_04_27_wieso-tun-die-deutschen-uns-das-an,israelis,9,9,5,2,0,1,0,0,0,0,0,0,0,0,0,0,0.5556,0.2222,0.1111,1.0
2024_04_27_wieso-tun-die-deutschen-uns-das-an,palestinians,7,7,5,1,0,0,0,0,0,0,0,0,0,0,0,1,0.7143,0.1429,0.0,-0.5
2024_04_28_1100-menschen-nehmen-an-islamisten-demo-in-hamburg-teil,general_journalists,1,1,0,0,0,0,0,0,0,0,0,0,0,0,0,0,0.0,0.0,0.0,0.0
2024_04_28_1100-menschen-nehmen-an-islamisten-demo-in-hamburg-teil,palestinians,1,1,0,0,1,0,0,0,0,0,0,0,0,0,0,2,0.0,0.0,0.0,-2.0
2024_04_28_die-gedenkst-ttenarbeit-muss-politischer-werden,israelis,4,4,3,0,0,0,0,0,0,0,0,1,0,0,0,0,0.75,0.0,0.0,2.5
2024_04_28_die-gedenkst-ttenarbeit-muss-politischer-werden,palestinians,1,1,0,0,0,0,0,0,0,0,0,0,0,0,0,0,0.0,0.0,0.0,0.0
2024_04_28_neue-hoffnung-auf-einen-geisel-deal,israelis,10,10,5,1,4,2,0,0,0,0,0,0,0,0,0,0,0.5,0.1,0.2,0.5
2024_04_28_neue-hoffnung-auf-einen-geisel-deal,palestinians,3,3,1,0,0,0,0,0,0,0,0,0,0,0,0,0,0.3333,0.0,0.0,0.0
2024_04_28_wir-verhalten-uns-unauff-llig,general_journalists,2,2,0,0,2,1,0,0,0,0,0,0,0,0,0,0,0.0,0.0,0.5,0.0
2024_04_28_wir-verhalten-uns-unauff-llig,israelis,13,13,9,0,4,2,0,0,0,0,0,0,0,0,1,2,0.6923,0.0,0.1538,-1.5
2024_04_28_wir-verhalten-uns-unauff-llig,palestinians,7,7,2,2,0,0,0,0,1,0,0,0,0,0,1,0,0.2857,0.2857,0.0,3.5
2024_04_29_das-klischee-des-unberechenbaren-gottesstaates,general_journalists,1,1,1,0,0,0,0,0,0,0,0,0,0,0,0,0,1.0,0.0,0.0,0.0
2024_04_29_das-klischee-des-unberechenbaren-gottesstaates,israelis,11,11,5,1,1,0,0,0,0,0,0,0,0,0,0,0,0.4545,0.0909,0.0,0.5
2024_04_29_das-klischee-des-unberechenbaren-gottesstaates,palestinians,2,2,0,0,0,0,0,0,0,0,0,0,0,0,0,0,0.0,0.0,0.0,0.0
2024_04_29_der-mann-der-netanjahu-gef-hrlich-werden-kann,israelis,7,7,4,0,2,1,0,0,0,0,0,0,0,0,0,0,0.5714,0.0,0.1429,0.0
2024_04_29_der-mann-der-netanjahu-gef-hrlich-werden-kann,palestinians,2,2,2,0,0,0,0,0,1,0,0,0,0,0,0,0,1.0,0.0,0.0,2.0
2024_04_29_ein-jahr-deutschlandticket-eine-revolution-im-pnv,israelis,1,1,0,0,0,0,0,0,0,0,0,0,0,0,0,0,0.0,0.0,0.0,0.0
2024_04_29_ein-jahr-deutschlandticket-eine-revolution-im-pnv,palestinians,1,1,0,0,0,0,0,0,0,0,0,0,0,0,0,0,0.0,0.0,0.0,0.0
2024_04_29_neue-hoffnung-auf-geisel-deal,israelis,10,10,5,1,0,2,0,0,0,0,0,0,0,0,0,0,0.5,0.1,0.2,0.5
2024_04_29_neue-hoffnung-auf-geisel-deal,palestinians,2,2,0,0,0,0,0,0,0,0,0,0,0,0,0,0,0.0,0.0,0.0,0.0
2024_04_30_andrew-cayley,israelis,6,6,3,0,0,1,0,0,0,0,0,0,0,0,0,0,0.5,0.0,0.1667,0.0
2024_04_30_andrew-cayley,palestinians,2,2,2,0,0,0,0,0,1,0,0,0,0,0,0,0,1.0,0.0,0.0,2.0
2024_04_30_demonstranten-verbarrikadieren-sich-in-uni-geb-ude,general_journalists,4,4,3,1,0,0,0,0,0,0,0,0,0,0,1,0,0.75,0.25,0.0,1.0
2024_04_30_demonstranten-verbarrikadieren-sich-in-uni-geb-ude,israelis,2,2,1,0,0,0,0,0,0,0,0,0,0,0,1,0,0.5,0.0,0.0,0.5
2024_04_30_demonstranten-verbarrikadieren-sich-in-uni-geb-ude,palestinians,3,3,1,0,0,0,0,0,0,0,0,0,0,0,0,2,0.3333,0.0,0.0,-2.0
2024_04_30_diese-klischees,general_journalists,1,1,1,0,0,0,0,0,0,0,0,0,0,0,0,0,1.0,0.0,0.0,0.0
2024_04_30_diese-klischees,israelis,11,11,5,1,0,2,0,0,0,0,0,0,0,0,0,0,0.4545,0.0909,0.1818,0.5
2024_04_30_diese-klischees,palestinians,2,2,0,0,0,0,0,0,0,0,0,0,0,0,0,0,0.0,0.0,0.0,0.0
2024_04_30_festnahmen-fachen-gaza-proteste-an,general_journalists,3,3,3,1,0,0,0,0,0,0,0,0,0,0,1,0,1.0,0.3333,0.0,1.0
2024_04_30_festnahmen-fachen-gaza-proteste-an,israelis,2,2,1,0,0,0,0,0,0,0,0,0,0,0,1,0,0.5,0.0,0.0,0.5
2024_04_30_festnahmen-fachen-gaza-proteste-an,palestinians,2,2,1,0,0,0,0,0,0,0,0,0,0,0,0,2,0.5,0.0,0.0,-2.0
2024_04_30_mit-vereintem-druck-zum-frieden,israelis,7,7,4,0,2,1,0,0,0,0,0,0,0,0,0,0,0.5714,0.0,0.1429,0.0
2024_04_30_mit-vereintem-druck-zum-frieden,palestinians,7,6,3,0,4,2,0,0,0,0,0,0,0,0,0,0,0.4286,0.0,0.2857,0.0
2024_04_30_nachrichten-vom-30-april-2024,israelis,2,2,1,1,2,1,0,0,0,0,0,0,0,0,0,0,0.5,0.5,0.5,0.5
2024_04_30_nachrichten-vom-30-april-2024,palestinians,1,1,1,0,0,0,0,0,0,0,0,0,0,0,0,0,1.0,0.0,0.0,0.0
2024_04_30_verhandlungen-unter-raketenfeuer,israelis,11,9,6,0,0,1,0,0,0,0,0,0,0,0,0,0,0.5455,0.0,0.0909,0.0
2024_04_30_verhandlungen-unter-raketenfeuer,palestinians,7,5,4,0,0,0,0,0,0,0,0,0,0,0,0,0,0.5714,0.0,0.0,0.0
2024_05_01_f-r-einen-erfolg-vor-gericht-reicht-s,israelis,6,6,4,0,2,1,0,0,0,0,0,0,0,0,0,0,0.6667,0.0,0.1667,0.0
2024_05_01_f-r-einen-erfolg-vor-gericht-reicht-s,palestinians,1,1,1,0,2,1,0,0,0,0,0,0,0,0,0,0,1.0,0.0,1.0,0.0
2024_05_01_nachrichten-am-1-mai-2024,palestinians,1,1,1,0,0,0,0,0,0,0,0,0,0,0,0,0,1.0,0.0,0.0,0.0
2024_05_01_pro-pal-stinensische-demonstranten-bei-gewerkschaftszug,israelis,3,3,2,0,2,1,0,0,0,0,0,0,0,0,0,0,0.6667,0.0,0.3333,0.0
2024_05_01_pro-pal-stinensische-demonstranten-bei-gewerkschaftszug,palestinians,3,3,2,0,2,1,0,0,0,0,0,0,0,0,0,0,0.6667,0.0,0.3333,0.0
2024_05_02_daf-r-reicht-s,israelis,5,5,5,0,0,0,0,0,0,0,0,0,0,0,0,0,1.0,0.0,0.0,0.0
2024_05_02_daf-r-reicht-s,palestinians,1,1,1,0,0,1,0,0,0,0,0,0,0,0,0,0,1.0,0.0,1.0,0.0
2024_05_02_das-gaza-problem-von-joe-biden,israelis,4,3,4,0,0,0,0,0,0,0,0,0,0,0,0,0,1.0,0.0,0.0,0.0
2024_05_02_das-gaza-problem-von-joe-biden,palestinians,4,4,3,0,0,0,1,0,0,0,0,0,0,0,0,0,0.75,0.0,0.0,2.0
2024_05_02_die-studenten-haben-diesen-konflikt-nicht-ann-hernd-erfasst,israelis,6,5,3,1,0,0,0,0,2,0,0,0,0,0,1,0,0.5,0.1667,0.0,5.0
2024_05_02_die-studenten-haben-diesen-konflikt-nicht-ann-hernd-erfasst,palestinians,4,4,2,0,0,0,0,0,1,0,0,0,0,0,1,1,0.5,0.0,0.0,1.5
2024_05_02_eilantrag-abgewiesen,israelis,5,5,4,0,0,0,0,0,0,0,0,0,0,0,0,0,0.8,0.0,0.0,0.0
2024_05_02_eilantrag-abgewiesen,palestinians,1,1,0,0,0,0,0,0,1,0,0,0,0,0,0,0,0.0,0.0,0.0,2.0
2024_05_02_eskalation-am-campus,israelis,7,7,7,0,0,0,0,0,0,0,0,0,0,0,0,0,1.0,0.0,0.0,0.0
2024_05_02_eskalation-am-campus,palestinians,2,2,1,0,0,0,0,0,0,0,0,0,0,0,0,0,0.5,0.0,0.0,0.0
2024_05_02_pro-pal-stina-demo-in-gewerkschaftszug,israelis,3,3,2,0,0,1,0,0,0,0,0,0,0,0,0,0,0.6667,0.0,0.3333,0.0
2024_05_02_pro-pal-stina-demo-in-gewerkschaftszug,palestinians,3,3,2,0,0,1,0,0,0,0,0,0,0,0,0,0,0.6667,0.0,0.3333,0.0
2024_05_02_proteste-eskalieren-auch-in-los-angeles,israelis,1,1,1,0,0,0,0,0,0,0,0,0,0,0,0,0,1.0,0.0,0.0,0.0
2024_05_02_t-rkei-setzt-handel-mit-israel-vollst-ndig-aus,israelis,2,2,2,0,0,0,0,0,0,0,0,0,0,0,0,0,1.0,0.0,0.0,0.0
2024_05_03_aufruhr-auch-in-los-angeles,israelis,1,1,1,0,0,0,0,0,0,0,0,0,0,0,0,0,1.0,0.0,0.0,0.0
2024_05_03_deutschland-bessert-sich-auf-rangliste-der-pressefreiheit,general_journalists,13,11,12,1,4,2,0,0,0,0,0,0,0,0,0,0,0.9231,0.0769,0.1538,0.5
2024_05_03_deutschland-bessert-sich-auf-rangliste-der-pressefreiheit,israelis,3,3,2,0,0,0,0,0,0,0,0,0,0,0,0,0,0.6667,0.0,0.0,0.0
2024_05_03_deutschland-bessert-sich-auf-rangliste-der-pressefreiheit,palestinians,1,1,1,0,0,0,0,0,0,0,0,0,0,0,0,0,1.0,0.0,0.0,0.0
2024_05_03_gegen-israel-jetzt-wirklich,israelis,23,21,13,0,8,4,0,0,0,0,0,0,0,0,0,0,0.5652,0.0,0.1739,0.0
2024_05_03_gegen-israel-jetzt-wirklich,palestinians,4,4,2,0,4,1,0,0,1,0,0,0,0,0,0,0,0.5,0.0,0.25,2.0
2024_05_03_hersh-goldberg-polin-der-bitte-nicht-vergessen-werden-will,israelis,2,2,0,0,0,0,0,0,0,0,0,0,0,0,0,0,0.0,0.0,0.0,0.0
2024_05_03_kein-friede-keine-ruhe,general_journalists,3,3,1,0,0,1,0,0,0,0,0,0,0,0,0,1,0.3333,0.0,0.3333,-1.0
2024_05_03_kein-friede-keine-ruhe,israelis,14,13,4,0,0,6,0,0,0,0,0,0,0,0,0,0,0.2857,0.0,0.4286,0.0
2024_05_03_kein-friede-keine-ruhe,palestinians,6,6,3,0,0,1,0,0,1,0,0,0,0,0,0,0,0.5,0.0,0.1667,2.0
2024_05_03_nachrichten-am-3-mai-2024,israelis,2,2,0,0,0,0,0,0,0,0,0,0,0,0,0,0,0.0,0.0,0.0,0.0
2024_05_03_pro-pal-stinensische-demonstrationen-an-m-nchner-universit-ten,general_journalists,1,1,1,0,0,0,0,0,0,0,0,0,0,0,0,0,1.0,0.0,0.0,0.0
2024_05_03_pro-pal-stinensische-demonstrationen-an-m-nchner-universit-ten,palestinians,2,2,1,0,3,1,0,0,0,0,0,0,0,0,1,0,0.5,0.0,0.5,0.5
2024_05_03_staatsr-son,israelis,18,18,9,4,0,0,0,0,0,0,0,0,0,0,1,1,0.5,0.2222,0.0,1.5
2024_05_03_staatsr-son,palestinians,4,4,2,1,0,0,0,0,1,0,0,0,0,0,1,0,0.5,0.25,0.0,3.0
2024_05_03_termine-erding,israelis,1,1,0,0,0,0,0,0,0,0,0,0,0,0,0,0,0.0,0.0,0.0,0.0
2024_05_03_termine-erding,palestinians,2,2,0,0,0,0,0,0,0,0,0,0,0,0,0,0,0.0,0.0,0.0,0.0
2024_05_03_unbedarft,israelis,6,5,3,1,0,0,0,0,2,0,0,0,0,0,1,0,0.5,0.1667,0.0,5.0
2024_05_03_unbedarft,palestinians,4,4,2,0,0,0,0,0,1,0,0,0,0,0,1,1,0.5,0.0,0.0,1.5
2024_05_03_widerspr-chliche-signale,israelis,5,5,4,0,0,1,0,0,0,0,0,0,0,0,0,0,0.8,0.0,0.2,0.0
2024_05_03_widerspr-chliche-signale,palestinians,1,1,1,0,0,0,0,0,0,0,0,0,0,0,0,0,1.0,0.0,0.0,0.0
2024_05_04_hersh-goldberg-polin,israelis,1,1,0,0,0,0,0,0,0,0,0,0,0,0,0,0,0.0,0.0,0.0,0.0
2024_05_04_ode-an-die-hoffnung,israelis,1,1,1,0,0,0,0,0,0,0,0,0,0,0,0,0,1.0,0.0,0.0,0.0
2024_05_04_ode-an-die-hoffnung,palestinians,1,1,0,0,0,0,0,0,0,0,0,0,0,0,0,0,0.0,0.0,0.0,0.0
2024_05_04_streik-an-der-columbia,palestinians,1,1,1,0,0,0,0,0,0,0,0,0,0,0,0,0,1.0,0.0,0.0,0.0
2024_05_05_die-eu-verspielt-ihre-glaubw-rdigkeit,palestinians,1,1,1,0,0,0,0,0,0,0,0,0,0,0,0,0,1.0,0.0,0.0,0.0
2024_05_05_nachrichten-am-5-mai-2024,israelis,2,2,2,0,0,0,0,0,0,0,0,0,0,0,0,0,1.0,0.0,0.0,0.0
2024_05_06_allahs-identit-re,israelis,3,3,1,1,0,0,0,0,0,0,0,0,0,0,0,0,0.3333,0.3333,0.0,0.5
2024_05_06_allahs-identit-re,palestinians,4,3,1,0,0,2,1,0,0,0,0,0,0,0,1,0,0.25,0.0,0.5,2.5
2024_05_06_aus-in-jerusalem,general_journalists,6,6,5,2,0,0,0,0,0,0,0,0,0,0,0,0,0.8333,0.3333,0.0,1.0
2024_05_06_aus-in-jerusalem,israelis,14,14,7,1,6,3,0,0,0,0,0,0,1,0,0,0,0.5,0.0714,0.2143,2.0
2024_05_06_aus-in-jerusalem,palestinians,3,2,1,2,4,2,0,0,0,0,0,0,0,0,0,0,0.3333,0.6667,0.6667,1.0
2024_05_06_die-dunkle-seite-der-friedenscamps,general_journalists,2,2,1,0,0,0,0,0,0,0,0,0,0,0,0,0,0.5,0.0,0.0,0.0
2024_05_06_die-dunkle-seite-der-friedenscamps,israelis,3,2,3,0,0,0,0,0,0,0,0,0,0,0,0,0,1.0,0.0,0.0,0.0
2024_05_06_die-dunkle-seite-der-friedenscamps,palestinians,4,4,1,0,0,2,0,0,0,0,0,0,0,0,0,2,0.25,0.0,0.5,-2.0
2024_05_06_es-war-mal-ein-versprechen,palestinians,1,1,1,0,0,0,0,0,0,0,0,0,0,0,0,0,1.0,0.0,0.0,0.0
2024_05_06_gegen-die-pressefreiheit,general_journalists,1,1,1,0,0,0,0,0,0,0,0,0,0,0,0,0,1.0,0.0,0.0,0.0
2024_05_06_gegen-die-pressefreiheit,israelis,5,5,4,0,0,0,0,0,0,0,0,0,0,0,0,2,0.8,0.0,0.0,-2.0
2024_05_06_gegen-die-pressefreiheit,palestinians,1,1,1,0,0,0,0,0,0,0,0,0,0,0,0,0,1.0,0.0,0.0,0.0
2024_05_06_gespr-che-in-kairo-beendet,israelis,3,3,2,1,0,1,0,0,0,0,0,0,0,0,0,0,0.6667,0.3333,0.3333,0.5
2024_05_07_aus-f-r-al-jazeera-in-israel,general_journalists,7,7,6,2,0,1,0,0,0,0,0,0,0,0,0,0,0.8571,0.2857,0.1429,1.0
2024_05_07_aus-f-r-al-jazeera-in-israel,israelis,12,12,6,1,0,3,0,0,0,0,0,0,1,0,0,0,0.5,0.0833,0.25,2.0
2024_05_07_aus-f-r-al-jazeera-in-israel,palestinians,2,1,0,2,0,2,0,0,0,0,0,0,0,0,0,0,0.0,1.0,1.0,1.0
2024_05_07_gaza-krieg-beginnt-jetzt-die-gro-e-offensive-auf-rafah,israelis,4,4,2,0,2,1,1,0,0,0,0,0,0,0,0,0,0.5,0.0,0.25,2.0
2024_05_07_hamas-stimmt-waffenruhe-zu,israelis,1,1,1,0,0,0,0,0,0,0,0,0,0,0,0,0,1.0,0.0,0.0,0.0
2024_05_07_hamas-stimmt-waffenruhe-zu,palestinians,1,1,1,0,0,0,0,0,0,0,0,0,0,0,0,0,1.0,0.0,0.0,0.0
2024_05_07_schlechte-nachrichten,general_journalists,1,1,1,0,0,0,0,0,0,0,0,0,0,0,0,0,1.0,0.0,0.0,0.0
2024_05_07_schlechte-nachrichten,israelis,4,4,3,0,0,0,0,0,0,0,0,0,0,0,0,2,0.75,0.0,0.0,-2.0
2024_05_07_schlechte-nachrichten,palestinians,1,1,1,0,0,0,0,0,0,0,0,0,0,0,0,0,1.0,0.0,0.0,0.0
2024_05_07_vom-schrecken-des-krieges-bis-zum-imperium-von-elon-musk,general_journalists,4,4,0,0,2,1,0,0,0,0,0,0,0,0,0,0,0.0,0.0,0.25,0.0
2024_05_07_vom-schrecken-des-krieges-bis-zum-imperium-von-elon-musk,israelis,1,1,1,0,2,1,0,0,0,0,0,0,0,0,0,0,1.0,0.0,1.0,0.0
2024_05_07_vom-schrecken-des-krieges-bis-zum-imperium-von-elon-musk,palestinians,1,1,0,0,0,0,0,0,0,0,0,0,0,0,0,0,0.0,0.0,0.0,0.0
2024_05_07_zivilisten-sollen-teile-rafahs-verlassen,israelis,9,9,4,4,0,0,0,0,0,0,0,0,0,0,0,0,0.4444,0.4444,0.0,2.0
2024_05_07_zivilisten-sollen-teile-rafahs-verlassen,palestinians,3,3,3,0,0,0,0,0,0,0,0,0,0,0,0,0,1.0,0.0,0.0,0.0
2024_05_08_ausweitung-der-kampfzone,general_journalists,1,1,0,0,0,1,0,0,0,0,0,0,0,0,0,0,0.0,0.0,1.0,0.0
2024_05_08_ausweitung-der-kampfzone,israelis,15,15,11,1,0,1,0,0,0,0,0,0,0,0,0,0,0.7333,0.0667,0.0667,0.5
2024_05_08_ausweitung-der-kampfzone,palestinians,9,8,6,0,0,0,0,0,1,0,0,0,0,0,0,0,0.6667,0.0,0.0,2.0
2024_05_08_es-gibt-einfach-dinge-ber-die-man-schweigen-muss,israelis,13,12,6,0,0,2,0,0,0,0,0,0,0,0,0,1,0.4615,0.0,0.1538,-1.0
2024_05_08_es-gibt-einfach-dinge-ber-die-man-schweigen-muss,palestinians,3,3,1,0,0,0,0,0,1,0,0,0,0,0,0,0,0.3333,0.0,0.0,2.0
2024_05_08_in-einer-zeit-die-unvers-hnlich-ist-provoziert-der-vers-hner,israelis,3,3,0,0,0,0,0,0,0,0,0,0,0,0,0,0,0.0,0.0,0.0,0.0
2024_05_08_in-einer-zeit-die-unvers-hnlich-ist-provoziert-der-vers-hner,palestinians,3,3,0,0,4,1,0,0,0,0,0,0,0,0,0,0,0.0,0.0,0.3333,0.0
2024_05_08_leuchtturmleben,israelis,1,1,1,0,0,0,0,0,0,0,0,0,0,0,0,0,1.0,0.0,0.0,0.0
2024_05_08_leuchtturmleben,palestinians,1,1,0,0,0,0,0,0,0,0,0,0,0,0,0,0,0.0,0.0,0.0,0.0
2024_05_08_rote-linie-im-wei-en-haus,israelis,14,14,9,2,0,1,0,0,1,0,0,0,0,0,0,0,0.6429,0.1429,0.0714,3.0
2024_05_08_rote-linie-im-wei-en-haus,palestinians,8,7,5,0,0,1,0,0,1,0,0,0,0,0,0,0,0.625,0.0,0.125,2.0
2024_05_08_schreckensbilder,general_journalists,3,3,0,0,0,1,0,0,0,0,0,0,0,0,0,0,0.0,0.0,0.3333,0.0
2024_05_08_schreckensbilder,israelis,1,1,1,0,0,1,0,0,0,0,0,0,0,0,0,0,1.0,0.0,1.0,0.0
2024_05_08_schreckensbilder,palestinians,1,1,0,0,0,0,0,0,0,0,0,0,0,0,0,0,0.0,0.0,0.0,0.0
2024_05_09_ein-beispielloser-vorgang,israelis,13,13,10,1,4,2,0,0,0,0,0,0,0,0,0,2,0.7692,0.0769,0.1538,-1.5
2024_05_09_ein-beispielloser-vorgang,palestinians,2,2,1,0,0,0,0,0,0,0,0,0,0,0,0,0,0.5,0.0,0.0,0.0
2024_05_09_rebellion-abgesagt,israelis,1,1,0,0,0,0,0,0,0,0,0,0,0,0,0,0,0.0,0.0,0.0,0.0
2024_05_09_rebellion-abgesagt,palestinians,1,1,0,0,0,0,0,0,0,0,0,0,0,0,0,0,0.0,0.0,0.0,0.0
2024_05_09_was-israel-kritiker-eben-alles-d-rfen,israelis,6,3,4,0,24,6,0,0,0,0,0,0,0,0,0,0,0.6667,0.0,1.0,0.0
2024_05_09_was-israel-kritiker-eben-alles-d-rfen,palestinians,1,1,1,0,2,1,0,0,0,0,0,0,0,0,0,0,1.0,0.0,1.0,0.0
2024_05_10_angriff-nach-vorlesung-ber-antisemitismus,israelis,1,1,1,0,0,0,0,0,0,0,0,0,0,0,0,0,1.0,0.0,0.0,0.0
2024_05_10_angriff-nach-vorlesung-ber-antisemitismus,palestinians,1,1,0,0,2,1,0,0,0,0,0,0,0,0,0,0,0.0,0.0,1.0,0.0
2024_05_10_biden-macht-einen-fehler,israelis,3,3,0,1,0,0,0,0,0,0,0,0,0,0,0,0,0.0,0.3333,0.0,0.5
2024_05_10_biden-macht-einen-fehler,palestinians,2,2,0,0,0,0,0,0,0,0,0,0,0,0,0,2,0.0,0.0,0.0,-2.0
2024_05_10_brandanschlag-auf-b-rgeramt,palestinians,2,2,0,0,4,2,0,0,0,0,0,0,0,0,0,0,0.0,0.0,1.0,0.0
2024_05_10_der-riskante-kurs-von-benjamin-netanjahu,general_journalists,1,1,1,0,0,0,0,0,0,0,0,0,0,0,0,0,1.0,0.0,0.0,0.0
2024_05_10_der-riskante-kurs-von-benjamin-netanjahu,israelis,16,16,9,2,6,2,0,0,0,0,0,0,0,0,0,0,0.5625,0.125,0.125,1.0
2024_05_10_der-riskante-kurs-von-benjamin-netanjahu,palestinians,4,4,4,0,2,0,0,0,0,0,0,0,0,0,0,0,1.0,0.0,0.0,0.0
2024_05_10_gro-e-mehrheit-gegen-den-umsturz,israelis,1,1,0,0,0,0,0,0,0,0,0,0,0,0,0,0,0.0,0.0,0.0,0.0
2024_05_10_gro-e-mehrheit-gegen-den-umsturz,palestinians,1,1,0,0,0,0,0,0,0,0,0,0,0,0,0,0,0.0,0.0,0.0,0.0
2024_05_10_israelische-armee-setzt-umstrittenen-einsatz-in-rafah-fort,israelis,1,1,1,0,0,0,0,0,0,0,0,0,0,0,0,0,1.0,0.0,0.0,0.0
2024_05_10_jenseits-aller-welten,israelis,14,13,6,0,0,2,0,0,0,0,0,0,0,0,0,1,0.4286,0.0,0.1429,-1.0
2024_05_10_jenseits-aller-welten,palestinians,3,3,1,0,0,0,0,0,1,0,0,0,0,0,0,0,0.3333,0.0,0.0,2.0
2024_05_10_netanjahu-trotzt-biden,israelis,12,12,7,2,0,2,0,0,0,0,0,0,0,0,0,0,0.5833,0.1667,0.1667,1.0
2024_05_10_netanjahu-trotzt-biden,palestinians,1,1,0,0,0,0,0,0,0,0,0,0,0,0,0,0,0.0,0.0,0.0,0.0
2024_05_10_niederl-ndischer-esc-kandidat-von-proben-ausgeschlossen-polizei-ermittelt,general_journalists,1,1,1,0,0,0,0,0,0,0,0,0,0,0,0,0,1.0,0.0,0.0,0.0
2024_05_10_niederl-ndischer-esc-kandidat-von-proben-ausgeschlossen-polizei-ermittelt,israelis,3,3,3,0,0,0,0,0,0,0,0,0,0,0,0,0,1.0,0.0,0.0,0.0
2024_05_10_trotz-demos-und-buhrufen-israel-steht-im-esc-finale,israelis,4,4,2,0,6,2,0,0,0,0,0,0,0,0,0,0,0.5,0.0,0.5,0.0
2024_05_10_vereinte-nationen-st-rken-rechte-der-pal-stinenser,israelis,5,5,3,0,4,2,0,0,0,0,0,0,0,0,0,0,0.6,0.0,0.4,0.0
2024_05_10_vereinte-nationen-st-rken-rechte-der-pal-stinenser,palestinians,7,7,4,0,4,1,0,0,0,0,0,0,0,0,0,0,0.5714,0.0,0.1429,0.0
2024_05_10_ziemlich-viel-meinungsfreiheit,israelis,6,3,4,0,0,6,0,0,0,0,0,0,0,0,0,0,0.6667,0.0,1.0,0.0
2024_05_10_ziemlich-viel-meinungsfreiheit,palestinians,1,1,1,0,0,1,0,0,0,0,0,0,0,0,0,0,1.0,0.0,1.0,0.0
2024_05_11_benjamin-netanjahus-riskanter-kurs,general_journalists,1,1,1,0,0,0,0,0,0,0,0,0,0,0,0,0,1.0,0.0,0.0,0.0
2024_05_11_benjamin-netanjahus-riskanter-kurs,israelis,16,16,8,2,0,2,0,0,0,0,0,0,0,0,0,0,0.5,0.125,0.125,1.0
2024_05_11_benjamin-netanjahus-riskanter-kurs,palestinians,3,3,3,0,0,0,0,0,0,0,0,0,0,0,0,0,1.0,0.0,0.0,0.0
2024_05_11_ein-leuchtturm-das-meer-und-jede-menge-nichts-sofia-14-wohnt-fast-an-der-antarkt,israelis,1,1,1,0,0,0,0,0,0,0,0,0,0,0,0,0,1.0,0.0,0.0,0.0
2024_05_11_ein-leuchtturm-das-meer-und-jede-menge-nichts-sofia-14-wohnt-fast-an-der-antarkt,palestinians,1,1,0,0,0,0,0,0,0,0,0,0,0,0,0,0,0.0,0.0,0.0,0.0
2024_05_11_greta-thunberg-bei-protest-gegen-israel-teilnahme-beim-esc-abgef-hrt,israelis,6,5,6,0,4,2,0,0,0,0,0,0,0,0,0,2,1.0,0.0,0.3333,-2.0
2024_05_11_israel-im-esc-finale,general_journalists,1,1,0,0,0,0,0,0,0,0,0,0,0,0,0,0,0.0,0.0,0.0,0.0
2024_05_11_israel-im-esc-finale,israelis,2,2,1,0,0,0,0,0,0,0,0,0,0,0,0,0,0.5,0.0,0.0,0.0
2024_05_11_lindner-kritisiert-ausgabenw-nsche-von-baerbock-und-schulze,palestinians,1,1,0,0,0,0,0,0,0,0,0,0,0,0,0,0,0.0,0.0,0.0,0.0
2024_05_12_israel-droht-diesen-krieg-zu-verlieren,israelis,10,10,6,1,0,0,0,0,0,0,0,0,0,0,0,0,0.6,0.1,0.0,0.5
2024_05_12_israel-droht-diesen-krieg-zu-verlieren,palestinians,4,4,2,0,0,0,0,0,0,0,0,0,0,0,0,0,0.5,0.0,0.0,0.0
2024_05_13_ein-einziger-balanceakt,general_journalists,3,3,1,0,0,0,0,0,0,0,0,0,0,0,0,0,0.3333,0.0,0.0,0.0
2024_05_13_ein-einziger-balanceakt,israelis,4,4,2,1,0,0,0,0,0,0,0,0,0,0,0,0,0.5,0.25,0.0,0.5
2024_05_13_ein-einziger-balanceakt,palestinians,2,2,2,0,0,2,0,0,0,0,0,0,0,0,0,0,1.0,0.0,1.0,0.0
2024_05_13_israel-r-ckt-in-nord-gaza-vor,israelis,9,8,6,0,0,0,0,0,0,0,0,0,0,0,1,0,0.6667,0.0,0.0,0.5
2024_05_13_israel-r-ckt-in-nord-gaza-vor,palestinians,2,2,1,1,0,0,0,0,0,0,0,0,0,0,0,0,0.5,0.5,0.0,0.5
2024_05_13_nachrichten-vom-13-mai-2024,israelis,1,1,0,0,0,0,0,0,0,0,0,0,0,0,0,0,0.0,0.0,0.0,0.0
2024_05_13_tief-im-labyrinth,israelis,8,8,5,1,0,0,0,0,0,0,0,0,0,0,0,0,0.625,0.125,0.0,0.5
2024_05_13_tief-im-labyrinth,palestinians,2,2,0,0,0,0,0,0,0,0,0,0,0,0,0,0,0.0,0.0,0.0,0.0
2024_05_13_wollen-wir-freunde-sein,general_journalists,1,1,1,0,0,0,0,0,0,0,0,0,0,0,0,0,1.0,0.0,0.0,0.0
2024_05_13_wollen-wir-freunde-sein,palestinians,4,4,1,0,4,1,0,0,0,0,0,0,0,0,0,0,0.25,0.0,0.25,0.0
2024_05_14_br-ckenbauer-unter-polizeischutz,general_journalists,3,3,2,1,0,0,0,0,0,0,0,0,0,0,0,0,0.6667,0.3333,0.0,0.5
2024_05_14_br-ckenbauer-unter-polizeischutz,israelis,6,6,2,0,0,0,0,0,0,0,0,0,0,0,0,0,0.3333,0.0,0.0,0.0
2024_05_14_br-ckenbauer-unter-polizeischutz,palestinians,3,3,2,0,0,0,0,0,0,0,0,0,0,0,0,0,0.6667,0.0,0.0,0.0
2024_05_14_die-n-chste-flucht,general_journalists,1,1,1,0,0,0,0,0,0,0,0,0,0,0,0,0,1.0,0.0,0.0,0.0
2024_05_14_die-n-chste-flucht,israelis,14,13,11,4,0,2,0,0,0,0,0,0,0,0,0,2,0.7857,0.2857,0.1429,0.0
2024_05_14_die-n-chste-flucht,palestinians,10,10,5,0,0,1,0,0,0,0,0,0,0,0,0,0,0.5,0.0,0.1,0.0
2024_05_14_ich-stelle-mir-manchmal-vor-adolf-hitler-steht-jetzt-dr-ben-in-seinem-f-hrerbau-,israelis,21,20,15,2,5,1,0,0,0,0,0,0,0,0,0,1,0.7143,0.0952,0.0476,0.0
2024_05_14_ich-stelle-mir-manchmal-vor-adolf-hitler-steht-jetzt-dr-ben-in-seinem-f-hrerbau-,palestinians,1,1,0,0,0,0,0,0,0,0,0,0,0,0,0,2,0.0,0.0,0.0,-2.0
2024_05_14_man-h-lt-uns-f-r-teddyb-ren-aber-wir-sind-piraten,general_journalists,1,1,0,1,0,0,0,0,0,0,0,0,0,0,0,0,0.0,1.0,0.0,0.5
2024_05_14_man-h-lt-uns-f-r-teddyb-ren-aber-wir-sind-piraten,israelis,1,1,0,0,0,0,0,0,0,0,0,0,0,0,0,0,0.0,0.0,0.0,0.0
2024_05_14_man-h-lt-uns-f-r-teddyb-ren-aber-wir-sind-piraten,palestinians,1,1,0,0,0,0,0,0,0,0,0,0,0,0,0,0,0.0,0.0,0.0,0.0
2024_05_14_muskelkater-in-malm,general_journalists,3,3,0,0,0,0,0,0,0,0,0,0,0,0,0,0,0.0,0.0,0.0,0.0
2024_05_14_muskelkater-in-malm,israelis,8,8,6,1,0,2,0,0,0,0,0,0,0,0,0,0,0.75,0.125,0.25,0.5
2024_05_14_muskelkater-in-malm,palestinians,2,2,0,0,0,0,0,0,0,0,0,0,0,0,0,0,0.0,0.0,0.0,0.0
2024_05_14_viel-einfluss-und-ein-klares-ziel,israelis,14,12,6,0,0,5,0,0,0,0,0,0,0,0,0,0,0.4286,0.0,0.3571,0.0
2024_05_14_viel-einfluss-und-ein-klares-ziel,palestinians,1,1,0,0,0,0,0,0,0,0,0,0,0,0,0,0,0.0,0.0,0.0,0.0
2024_05_15_ach-jungs,general_journalists,5,4,4,0,0,2,0,0,0,0,0,0,0,0,0,0,0.8,0.0,0.4,0.0
2024_05_15_der-krieg-dreht-sich-im-kreis,general_journalists,1,1,1,0,2,1,0,0,0,0,0,0,0,0,0,0,1.0,0.0,1.0,0.0
2024_05_15_der-krieg-dreht-sich-im-kreis,israelis,8,8,4,0,2,1,0,0,0,0,0,0,0,0,0,0,0.5,0.0,0.125,0.0
2024_05_15_der-krieg-dreht-sich-im-kreis,palestinians,7,6,3,0,3,1,0,0,0,0,0,0,0,0,0,0,0.4286,0.0,0.1429,0.0
2024_05_15_doof-hinterm-regenbogen,general_journalists,1,1,0,0,0,0,0,0,0,0,0,0,0,0,0,0,0.0,0.0,0.0,0.0
2024_05_15_doof-hinterm-regenbogen,israelis,3,3,2,0,2,1,0,0,0,0,0,0,0,0,0,0,0.6667,0.0,0.3333,0.0
2024_05_15_ende-einer-verhandlung-um-eine-au-ergew-hnlich-ersch-tternde-tat,palestinians,1,1,1,0,0,0,0,0,0,0,0,0,0,0,0,0,1.0,0.0,0.0,0.0
2024_05_15_ich-stelle-mir-vor-adolf-hitler-steht-jetzt-dr-ben-und-schaut-zu-uns-r-ber,israelis,22,21,15,2,0,3,0,0,0,0,0,0,0,0,0,0,0.6818,0.0909,0.1364,1.0
2024_05_15_ich-stelle-mir-vor-adolf-hitler-steht-jetzt-dr-ben-und-schaut-zu-uns-r-ber,palestinians,1,1,0,0,0,0,0,0,0,0,0,0,0,0,0,2,0.0,0.0,0.0,-2.0
2024_05_15_israels-verteidigungsminister-fordert-nachkriegsplan-f-r-gaza,palestinians,1,1,0,0,0,0,0,0,0,0,0,0,0,0,0,0,0.0,0.0,0.0,0.0
2024_05_15_keine-teddyb-ren-sondern-piraten,general_journalists,2,2,0,1,0,0,0,0,0,0,0,0,0,0,0,0,0.0,0.5,0.0,0.5
2024_05_15_keine-teddyb-ren-sondern-piraten,israelis,1,1,0,0,0,0,0,0,0,0,0,0,0,0,0,0,0.0,0.0,0.0,0.0
2024_05_15_keine-teddyb-ren-sondern-piraten,palestinians,1,1,0,0,0,0,0,0,0,0,0,0,0,0,0,0,0.0,0.0,0.0,0.0
2024_05_15_neuer-streit-um-propal-stinensisches-camp-vor-der-lmu,israelis,3,2,1,1,0,1,0,0,0,0,0,0,0,0,0,0,0.3333,0.3333,0.3333,0.5
2024_05_15_neuer-streit-um-propal-stinensisches-camp-vor-der-lmu,palestinians,8,7,2,0,0,8,0,0,0,0,0,0,0,0,0,0,0.25,0.0,1.0,0.0
2024_05_15_opferzahlen-in-gaza-sind-laut-who-korrekt,israelis,1,1,1,0,0,1,0,0,0,0,0,0,0,0,0,0,1.0,0.0,1.0,0.0
2024_05_15_opferzahlen-in-gaza-sind-laut-who-korrekt,palestinians,2,2,0,2,0,0,0,0,0,0,0,0,0,0,1,0,0.0,1.0,0.0,1.5
2024_05_15_rote-linien-im-sand,general_journalists,1,1,0,0,0,0,0,0,0,0,0,0,0,0,0,0,0.0,0.0,0.0,0.0
2024_05_15_rote-linien-im-sand,israelis,16,15,11,0,0,1,1,0,0,0,0,0,0,0,0,0,0.6875,0.0,0.0625,2.0
2024_05_15_rote-linien-im-sand,palestinians,11,10,5,0,0,0,0,0,1,0,0,0,0,0,0,0,0.4545,0.0,0.0,2.0
2024_05_15_verwaltungsgerichtshof-pro-pal-stina-protestcamp-darf-vor-uni-bleiben,israelis,3,2,1,1,0,1,0,0,0,0,0,0,0,0,0,0,0.3333,0.3333,0.3333,0.5
2024_05_15_verwaltungsgerichtshof-pro-pal-stina-protestcamp-darf-vor-uni-bleiben,palestinians,8,7,2,0,0,8,0,0,0,0,0,0,0,0,0,0,0.25,0.0,1.0,0.0
2024_05_15_weiter-streit-ums-protestcamp-an-der-lmu,palestinians,2,2,2,0,0,1,0,0,0,0,0,0,0,0,0,0,1.0,0.0,0.5,0.0
2024_05_16_brandbrief-an-israel,israelis,14,14,10,0,2,1,0,0,0,0,0,0,0,0,0,0,0.7143,0.0,0.0714,0.0
2024_05_16_brandbrief-an-israel,palestinians,2,2,1,0,0,0,0,0,0,0,0,0,0,0,0,2,0.5,0.0,0.0,-2.0
2024_05_16_das-lange-leid,israelis,4,4,4,1,0,0,0,0,0,0,0,0,0,0,0,0,1.0,0.25,0.0,0.5
2024_05_16_das-lange-leid,palestinians,11,10,8,0,0,3,0,0,6,0,0,0,0,0,0,0,0.7273,0.0,0.2727,12.0
2024_05_16_einreiseverbot-war-rechtswidrig,palestinians,1,1,0,0,0,0,0,0,0,0,0,0,0,0,0,0,0.0,0.0,0.0,0.0
2024_05_16_ist-diese-ausstellung-antisemitisch,general_journalists,2,2,0,0,0,1,0,0,0,0,0,0,0,0,0,0,0.0,0.0,0.5,0.0
2024_05_16_ist-diese-ausstellung-antisemitisch,israelis,8,8,3,1,0,3,0,0,1,0,0,0,0,0,0,0,0.375,0.125,0.375,2.5
2024_05_16_ist-diese-ausstellung-antisemitisch,palestinians,11,11,7,0,0,6,0,0,1,0,0,0,0,0,0,2,0.6364,0.0,0.5455,0.0
2024_05_16_keine-antwort-auf-das-warum,palestinians,1,1,1,0,0,0,0,0,0,0,0,0,0,0,0,0,1.0,0.0,0.0,0.0
2024_05_16_streit-ums-protestcamp,palestinians,2,2,2,0,0,1,0,0,0,0,0,0,0,0,0,0,1.0,0.0,0.5,0.0
2024_05_17_armee-findet-leichen-von-hamas-opfern,israelis,2,2,2,0,0,0,0,0,0,0,0,0,0,0,0,0,1.0,0.0,0.0,0.0
2024_05_17_charlotte-knobloch-nicht-mit-mir,palestinians,2,1,0,0,4,2,0,0,0,0,0,0,0,0,0,0,0.0,0.0,1.0,0.0
2024_05_17_israel-verst-rkt-angriffe,israelis,8,8,8,0,0,0,0,0,0,0,0,0,0,0,0,0,1.0,0.0,0.0,0.0
2024_05_17_israel-verst-rkt-angriffe,palestinians,3,3,2,0,0,0,0,0,0,0,0,0,0,0,0,0,0.6667,0.0,0.0,0.0
2024_05_17_seit-drei-ig-jahren-zeichne-ich-juden-die-wie-araber-aussehen,general_journalists,1,1,0,0,0,1,0,0,0,0,0,0,0,0,0,0,0.0,0.0,1.0,0.0
2024_05_17_seit-drei-ig-jahren-zeichne-ich-juden-die-wie-araber-aussehen,israelis,5,5,2,0,0,1,0,0,0,0,0,0,0,0,0,4,0.4,0.0,0.2,-4.0
2024_05_17_seit-drei-ig-jahren-zeichne-ich-juden-die-wie-araber-aussehen,palestinians,1,1,1,0,0,1,0,0,0,0,0,0,0,0,0,2,1.0,0.0,1.0,-2.0
2024_05_18_euer-hass-auf-juden,israelis,22,21,9,3,0,0,0,0,1,0,0,1,0,0,0,0,0.4091,0.1364,0.0,6.0
2024_05_18_euer-hass-auf-juden,palestinians,5,4,1,0,0,0,0,0,1,0,0,0,0,0,0,0,0.2,0.0,0.0,2.0
2024_05_18_friede-offene-wunden-und-viel-symbolik,israelis,13,13,5,1,23,5,0,0,0,0,0,0,0,0,0,2,0.3846,0.0769,0.3846,-1.5
2024_05_18_friede-offene-wunden-und-viel-symbolik,palestinians,13,12,10,0,20,7,0,0,1,0,0,0,0,0,1,2,0.7692,0.0,0.5385,0.5
2024_05_18_rger-um-song-von-ron-williams,palestinians,2,1,0,0,0,2,0,0,0,0,0,0,0,0,0,0,0.0,0.0,1.0,0.0
2024_05_19_das-ultimatum-bringt-netanjahu-in-bedr-ngnis,israelis,3,3,0,0,0,0,0,0,0,0,0,0,0,0,0,0,0.0,0.0,0.0,0.0
2024_05_19_das-ultimatum-bringt-netanjahu-in-bedr-ngnis,palestinians,1,1,0,0,0,0,0,0,0,0,0,0,0,0,0,1,0.0,0.0,0.0,-1.0
2024_05_20_bisher-deutet-alles-auf-einen-unfall-hin,general_journalists,2,2,2,0,2,1,0,0,0,0,0,0,0,0,0,0,1.0,0.0,0.5,0.0
2024_05_20_bisher-deutet-alles-auf-einen-unfall-hin,israelis,3,3,3,0,0,0,0,0,0,0,0,0,0,0,0,0,1.0,0.0,0.0,0.0
2024_05_20_der-kritiker-mit-dem-langen-geduldsfaden,israelis,1,1,0,0,0,0,0,0,0,0,0,0,0,0,0,0,0.0,0.0,0.0,0.0
2024_05_20_der-kritiker-mit-dem-langen-geduldsfaden,palestinians,1,1,1,0,0,0,0,0,0,0,0,0,0,0,0,0,1.0,0.0,0.0,0.0
2024_05_20_haftbefehl-gegen-netanjahu-und-sinwar-beantragt,israelis,8,8,4,1,2,1,0,0,0,0,0,0,0,0,0,0,0.5,0.125,0.125,0.5
2024_05_20_haftbefehl-gegen-netanjahu-und-sinwar-beantragt,palestinians,2,2,1,0,0,0,0,0,0,0,0,0,0,0,0,2,0.5,0.0,0.0,-2.0
2024_05_20_irans-staatspr-sident-raisi-ist-tot,general_journalists,1,1,1,0,0,0,0,0,0,0,0,0,0,0,0,0,1.0,0.0,0.0,0.0
2024_05_20_irans-staatspr-sident-raisi-ist-tot,israelis,7,7,4,0,0,0,0,0,0,0,0,0,0,0,0,0,0.5714,0.0,0.0,0.0
2024_05_20_irans-staatspr-sident-raisi-ist-tot,palestinians,1,1,1,0,0,0,0,0,0,0,0,0,0,0,0,0,1.0,0.0,0.0,0.0
2024_05_20_usa-und-eu-bekunden-beileid-zum-tod-von-raisi,israelis,7,6,4,0,2,1,0,0,0,0,0,0,0,0,0,0,0.5714,0.0,0.1429,0.0
2024_05_20_usa-und-eu-bekunden-beileid-zum-tod-von-raisi,palestinians,5,4,3,0,8,4,0,0,0,0,0,0,0,0,0,0,0.6,0.0,0.8,0.0
2024_05_21_benny-gantz-zaudert,palestinians,1,1,1,0,0,0,0,0,0,0,0,0,0,0,0,0,1.0,0.0,0.0,0.0
2024_05_21_f-r-die-kunst-gegen-die-stra-e,israelis,2,2,1,0,0,1,0,0,0,0,0,0,0,0,0,0,0.5,0.0,0.5,0.0
2024_05_21_f-r-die-kunst-gegen-die-stra-e,palestinians,2,2,1,0,0,1,0,0,0,0,0,0,0,0,0,0,0.5,0.0,0.5,0.0
2024_05_21_frieden-offene-wunden-und-viel-symbolik,israelis,12,12,5,1,0,5,0,0,0,0,0,0,0,0,0,2,0.4167,0.0833,0.4167,-1.5
2024_05_21_frieden-offene-wunden-und-viel-symbolik,palestinians,12,11,10,0,0,7,0,0,1,0,0,0,0,0,1,2,0.8333,0.0,0.5833,0.5
2024_05_21_gaza-krieg-der-haftbefehl-gegen-netanjahu-erschwert-eine-politische-l-sung,israelis,3,3,0,0,0,0,0,0,0,0,0,0,0,0,0,0,0.0,0.0,0.0,0.0
2024_05_21_israel-gibt-beschlagnahmte-ausr-stung-an-us-nachrichtenagentur-zur-ck,israelis,2,2,2,0,0,0,0,0,0,0,0,0,0,0,0,0,1.0,0.0,0.0,0.0
2024_05_21_netanjahu-und-sinwar-droht-haftbefehl,israelis,6,6,3,1,0,0,0,0,0,0,0,0,0,0,0,0,0.5,0.1667,0.0,0.5
2024_05_21_netanjahu-und-sinwar-droht-haftbefehl,palestinians,2,2,1,0,0,0,0,0,0,0,0,0,0,0,0,2,0.5,0.0,0.0,-2.0
2024_05_21_netanjahu-unter-druck,israelis,2,2,0,0,0,0,0,0,0,0,0,0,0,0,0,0,0.0,0.0,0.0,0.0
2024_05_21_netanjahu-unter-druck,palestinians,1,1,0,0,0,0,0,0,0,0,0,0,0,0,0,1,0.0,0.0,0.0,-1.0
2024_05_21_unter-israelis-hat-sich-herumgesprochen-dass-hier-jemand-ist-der-hilft,general_journalists,1,1,0,0,0,0,0,0,0,0,0,0,0,0,0,0,0.0,0.0,0.0,0.0
2024_05_21_unter-israelis-hat-sich-herumgesprochen-dass-hier-jemand-ist-der-hilft,israelis,18,16,14,1,2,1,0,0,0,0,0,0,0,0,0,8,0.7778,0.0556,0.0556,-7.5
2024_05_21_unter-israelis-hat-sich-herumgesprochen-dass-hier-jemand-ist-der-hilft,palestinians,1,1,0,0,0,0,0,0,0,0,0,0,0,0,0,0,0.0,0.0,0.0,0.0
2024_05_22_die-amerikaner-sind-mit-einem-kurzen-ged-chtnis-gesegnet-und-verflucht,general_journalists,3,3,1,0,0,0,0,0,0,0,0,0,0,0,0,0,0.3333,0.0,0.0,0.0
2024_05_22_die-amerikaner-sind-mit-einem-kurzen-ged-chtnis-gesegnet-und-verflucht,palestinians,1,1,1,0,0,0,0,0,0,0,0,0,0,0,0,0,1.0,0.0,0.0,0.0
2024_05_22_die-erinnerungspolitik-muss-flexibler-werden,israelis,3,3,1,0,0,0,0,0,0,0,0,0,0,0,0,0,0.3333,0.0,0.0,0.0
2024_05_22_die-erinnerungspolitik-muss-flexibler-werden,palestinians,2,2,2,0,0,0,0,0,0,0,0,0,0,0,0,0,1.0,0.0,0.0,0.0
2024_05_22_diese-wahl-ist-die-entscheidung,general_journalists,3,3,1,0,0,0,0,0,0,0,0,0,0,0,0,0,0.3333,0.0,0.0,0.0
2024_05_22_diese-wahl-ist-die-entscheidung,palestinians,1,1,1,0,0,0,0,0,0,0,0,0,0,0,0,0,1.0,0.0,0.0,0.0
2024_05_22_im-land-des-hungerns,israelis,15,15,11,1,0,2,0,0,0,0,0,0,0,0,0,2,0.7333,0.0667,0.1333,-1.5
2024_05_22_im-land-des-hungerns,palestinians,13,13,9,0,0,1,0,0,0,0,0,0,0,0,0,0,0.6923,0.0,0.0769,0.0
2024_05_22_in-der-diplomatischen-zwickm-hle,israelis,6,6,2,3,0,4,0,0,0,0,0,0,0,0,0,0,0.3333,0.5,0.6667,1.5
2024_05_22_in-der-diplomatischen-zwickm-hle,palestinians,1,1,0,0,0,0,0,0,0,0,0,0,0,0,0,0,0.0,0.0,0.0,0.0
2024_05_22_israel-beugt-sich-in-rafah-offenbar-us-druck,israelis,5,5,4,0,2,0,0,0,0,0,0,0,0,0,0,0,0.8,0.0,0.0,0.0
2024_05_22_israel-beugt-sich-in-rafah-offenbar-us-druck,palestinians,2,1,0,0,0,0,0,0,0,0,0,0,0,0,0,0,0.0,0.0,0.0,0.0
2024_05_22_leute-aus-israel-wollen-hier-herziehen,general_journalists,1,1,0,0,0,0,0,0,0,0,0,0,0,0,0,0,0.0,0.0,0.0,0.0
2024_05_22_leute-aus-israel-wollen-hier-herziehen,israelis,19,17,15,1,0,2,0,0,0,0,0,0,0,0,0,8,0.7895,0.0526,0.1053,-7.5
2024_05_22_leute-aus-israel-wollen-hier-herziehen,palestinians,1,1,0,0,0,0,0,0,0,0,0,0,0,0,0,0,0.0,0.0,0.0,0.0
2024_05_22_n-chtlicher-angriff-auf-das-israelische-generalkonsulat-in-m-nchen,israelis,7,7,4,0,0,2,0,0,0,0,0,0,0,0,0,2,0.5714,0.0,0.2857,-2.0
2024_05_22_prominente-beraterin,palestinians,3,3,1,0,0,0,0,0,0,0,0,0,0,0,0,0,0.3333,0.0,0.0,0.0
2024_05_22_r-ckzug-in-die-wagenburg,general_journalists,1,1,0,0,0,0,0,0,0,0,0,0,0,0,0,0,0.0,0.0,0.0,0.0
2024_05_22_r-ckzug-in-die-wagenburg,israelis,7,7,4,0,10,4,0,1,0,0,0,0,0,0,0,0,0.5714,0.0,0.5714,1.5
2024_05_22_r-ckzug-in-die-wagenburg,palestinians,2,2,1,0,0,0,0,0,0,0,0,0,0,0,0,0,0.5,0.0,0.0,0.0
2024_05_22_rekordzahl-bei-politischen-straftaten,israelis,2,2,1,0,0,0,0,0,0,0,0,0,0,0,0,0,0.5,0.0,0.0,0.0
2024_05_22_rundschreiben-aus-den-haag,israelis,2,2,2,0,0,1,0,0,0,0,0,0,0,0,0,0,1.0,0.0,0.5,0.0
2024_05_22_rundschreiben-aus-den-haag,palestinians,1,1,0,0,0,1,0,0,0,0,0,0,0,0,0,0,0.0,0.0,1.0,0.0
2024_05_22_sollen-sie-doch-kuchen-essen,general_journalists,1,1,1,0,0,0,0,0,0,0,0,0,0,0,0,0,1.0,0.0,0.0,0.0
2024_05_22_sollen-sie-doch-kuchen-essen,israelis,1,1,0,0,2,1,0,0,0,0,0,0,0,0,0,0,0.0,0.0,1.0,0.0
2024_05_22_sollen-sie-doch-kuchen-essen,palestinians,2,2,1,0,0,0,0,0,0,0,0,0,0,0,0,0,0.5,0.0,0.0,0.0
2024_05_22_wo-die-meinungsfreiheit-enden-sollte-und-wo-nicht,general_journalists,4,3,2,1,0,1,0,0,0,0,0,0,0,0,1,0,0.5,0.25,0.25,1.0
2024_05_22_wo-die-meinungsfreiheit-enden-sollte-und-wo-nicht,israelis,7,5,3,0,0,2,0,0,0,0,0,0,0,0,0,0,0.4286,0.0,0.2857,0.0
2024_05_22_wo-die-meinungsfreiheit-enden-sollte-und-wo-nicht,palestinian_journalists,1,1,1,0,0,0,0,0,0,0,0,0,0,0,0,0,1.0,0.0,0.0,0.0
2024_05_22_wo-die-meinungsfreiheit-enden-sollte-und-wo-nicht,palestinians,4,4,2,0,0,0,0,0,0,0,0,0,0,0,0,0,0.5,0.0,0.0,0.0
2024_05_23_dann-sollen-sie-doch-kuchen-essen,israelis,1,1,0,0,0,1,0,0,0,0,0,0,0,0,0,0,0.0,0.0,1.0,0.0
2024_05_23_dann-sollen-sie-doch-kuchen-essen,palestinians,2,2,1,0,0,0,0,0,0,0,0,0,0,0,0,0,0.5,0.0,0.0,0.0
2024_05_23_drohung-mit-r-ckzug,israelis,2,2,2,0,0,0,0,0,0,0,0,0,0,0,0,0,1.0,0.0,0.0,0.0
2024_05_23_erinnerungspolitik-muss-flexibler-werden,israelis,3,3,1,0,0,0,0,0,0,0,0,0,0,0,0,0,0.3333,0.0,0.0,0.0
2024_05_23_erinnerungspolitik-muss-flexibler-werden,palestinians,2,2,2,0,0,0,0,0,0,0,0,0,0,0,0,0,1.0,0.0,0.0,0.0
2024_05_23_israel-beugt-sich-us-druck,israelis,5,4,5,0,0,0,0,0,0,0,0,0,0,0,0,0,1.0,0.0,0.0,0.0
2024_05_23_israel-beugt-sich-us-druck,palestinians,1,1,0,0,0,0,0,0,0,0,0,0,0,0,0,0,0.0,0.0,0.0,0.0
2024_05_23_mehr-wunsch-als-wirklichkeit,general_journalists,2,2,0,0,0,1,0,0,0,0,0,0,0,0,0,0,0.0,0.0,0.5,0.0
2024_05_23_mehr-wunsch-als-wirklichkeit,israelis,8,8,5,0,0,0,0,0,1,0,0,0,0,0,0,0,0.625,0.0,0.0,2.0
2024_05_23_mehr-wunsch-als-wirklichkeit,palestinians,9,8,7,1,0,1,0,0,4,0,0,0,0,0,0,0,0.7778,0.1111,0.1111,8.5
2024_05_23_schwarze-flagge-auf-goldener-kuppel,general_journalists,1,1,1,0,0,1,0,0,0,0,0,0,0,0,0,0,1.0,0.0,1.0,0.0
2024_05_23_schwarze-flagge-auf-goldener-kuppel,palestinians,4,3,2,0,0,1,0,0,0,0,0,0,0,0,0,0,0.5,0.0,0.25,0.0
2024_05_23_umstrittenes-signal-der-solidarit-t,israelis,12,12,6,1,0,3,0,0,0,0,0,0,0,0,0,0,0.5,0.0833,0.25,0.5
2024_05_23_umstrittenes-signal-der-solidarit-t,palestinians,12,12,6,0,0,5,0,0,1,0,0,0,0,0,0,0,0.5,0.0,0.4167,2.0
2024_05_23_verhungern-im-verborgenen,palestinians,1,1,1,0,0,0,0,0,0,0,0,0,0,0,0,0,1.0,0.0,0.0,0.0
2024_05_23_warum-schafft-ein-orchester-was-die-politik-nicht-schafft-michael-barenboim,israelis,1,1,0,0,0,0,0,0,0,0,0,0,0,0,0,0,0.0,0.0,0.0,0.0
2024_05_23_warum-schafft-ein-orchester-was-die-politik-nicht-schafft-michael-barenboim,palestinians,4,3,2,0,0,1,0,0,1,0,0,0,0,0,0,0,0.5,0.0,0.25,2.0
2024_05_24_britische-regie-altmeister-gegen-israel,israelis,6,6,3,0,5,1,0,0,0,0,0,0,0,0,0,0,0.5,0.0,0.1667,0.0
2024_05_24_britische-regie-altmeister-gegen-israel,palestinians,2,2,1,0,6,1,0,0,0,0,0,0,0,0,0,0,0.5,0.0,0.5,0.0
2024_05_24_dass-alle-nur-darauf-warten-nach-europa-zu-kommen-stimmt-so-nicht,palestinians,2,2,1,0,0,0,0,0,0,0,0,0,0,0,0,0,0.5,0.0,0.0,0.0
2024_05_24_der-m-rtyrerkult-der-schiiten,general_journalists,1,1,1,0,0,1,0,0,0,0,0,0,0,0,0,0,1.0,0.0,1.0,0.0
2024_05_24_der-m-rtyrerkult-der-schiiten,palestinians,4,3,3,0,0,1,0,0,0,0,0,0,0,0,0,0,0.75,0.0,0.25,0.0
2024_05_24_israel-und-hamas-kritisieren-urteil-des-internationalen-gerichtshofs,israelis,1,1,1,0,0,0,0,0,0,0,0,0,0,0,0,0,1.0,0.0,0.0,0.0
2024_05_24_michael-barenboim,israelis,1,1,0,0,0,0,0,0,0,0,0,0,0,0,0,0,0.0,0.0,0.0,0.0
2024_05_24_michael-barenboim,palestinians,4,3,2,0,0,1,0,0,1,0,0,0,0,0,0,0,0.5,0.0,0.25,2.0
2024_05_25_israel-muss-offensive-stoppen,israelis,13,13,8,0,0,3,0,0,0,0,0,0,0,0,0,0,0.6154,0.0,0.2308,0.0
2024_05_25_israel-muss-offensive-stoppen,palestinians,4,3,2,0,0,3,0,0,2,0,0,0,0,0,0,0,0.5,0.0,0.75,4.0
2024_05_25_israel-setzt-milit-reinsatz-in-rafah-fort,israelis,2,2,1,0,0,0,0,0,0,0,0,0,0,0,0,0,0.5,0.0,0.0,0.0
2024_05_25_neuer-schlag-aus-den-haag,israelis,14,14,11,2,0,2,0,0,0,0,0,0,0,0,0,0,0.7857,0.1429,0.1429,1.0
2024_05_25_neuer-schlag-aus-den-haag,palestinians,7,7,2,0,0,1,0,0,0,0,0,0,0,0,0,0,0.2857,0.0,0.1429,0.0
2024_05_25_regie-altmeister-gegen-israel,israelis,5,5,3,0,0,2,0,0,0,0,0,0,0,0,0,0,0.6,0.0,0.4,0.0
2024_05_25_regie-altmeister-gegen-israel,palestinians,2,2,1,0,0,1,0,0,0,0,0,0,0,0,0,0,0.5,0.0,0.5,0.0
2024_05_25_sie-ringen-mit-sich-bevor-sie-losziehen-nach-europa,palestinians,2,2,1,0,0,0,0,0,0,0,0,0,0,0,0,0,0.5,0.0,0.0,0.0
2024_05_25_wir-sind-an-eine-grenze-gegangen,general_journalists,1,1,0,0,0,1,0,0,0,0,0,0,0,0,0,0,0.0,0.0,1.0,0.0
2024_05_25_wir-sind-an-eine-grenze-gegangen,israelis,4,3,3,0,0,1,0,0,0,0,0,0,0,0,0,0,0.75,0.0,0.25,0.0
2024_05_25_wir-sind-an-eine-grenze-gegangen,palestinians,3,3,1,0,0,2,0,0,0,0,0,0,0,0,0,0,0.3333,0.0,0.6667,0.0
2024_05_26_angriff-auf-alles-j-dische,israelis,31,30,11,3,0,0,0,0,0,0,0,0,0,0,0,2,0.3548,0.0968,0.0,-0.5
2024_05_26_angriff-auf-alles-j-dische,palestinians,2,2,1,1,0,0,0,0,0,0,0,0,0,0,0,0,0.5,0.5,0.0,0.5
2024_05_26_hamas-feuert-raketen-auf-tel-aviv,israelis,5,5,3,0,0,0,0,0,0,0,0,0,0,0,0,0,0.6,0.0,0.0,0.0
2024_05_26_hamas-feuert-raketen-auf-tel-aviv,palestinians,2,2,1,0,0,0,0,0,0,0,0,0,0,0,0,0,0.5,0.0,0.0,0.0
2024_05_26_israel-muss-offensive-in-rafah-stoppen,israelis,14,14,8,0,8,4,0,0,0,0,0,0,0,0,0,0,0.5714,0.0,0.2857,0.0
2024_05_26_israel-muss-offensive-in-rafah-stoppen,palestinians,5,4,3,0,12,4,0,0,2,0,0,0,0,0,0,0,0.6,0.0,0.8,4.0
2024_05_26_schreie-und-buhrufe-bei-baerbock-veranstaltung-in-berlin,israelis,3,3,3,0,0,0,0,0,1,0,0,0,0,0,0,0,1.0,0.0,0.0,2.0
2024_05_26_schreie-und-buhrufe-bei-baerbock-veranstaltung-in-berlin,palestinians,2,2,1,1,2,1,0,0,1,0,0,0,0,0,0,0,0.5,0.5,0.5,2.5
2024_05_27_ein-angriff-auf-alles-j-dische,israelis,30,28,11,3,0,0,0,0,0,0,0,0,0,0,0,2,0.3667,0.1,0.0,-0.5
2024_05_27_ein-angriff-auf-alles-j-dische,palestinians,2,2,1,1,0,0,0,0,0,0,0,0,0,0,0,0,0.5,0.5,0.0,0.5
2024_05_27_extremisten-nutzen-antisemitismus-f-r-ihre-agenda,israelis,2,1,1,0,4,2,0,0,0,0,0,0,0,0,0,0,0.5,0.0,1.0,0.0
2024_05_27_im-besten-sinne-parteilich,general_journalists,1,1,0,0,2,1,0,0,0,0,0,0,0,0,0,0,0.0,0.0,1.0,0.0
2024_05_27_im-besten-sinne-parteilich,israelis,3,3,0,0,2,1,0,0,0,0,0,0,0,0,0,2,0.0,0.0,0.3333,-2.0
2024_05_27_im-besten-sinne-parteilich,palestinians,3,3,2,0,2,1,0,0,0,0,0,0,0,0,0,0,0.6667,0.0,0.3333,0.0
2024_05_27_leute-aus-israel-wollen-hierherziehen,general_journalists,1,1,0,0,0,0,0,0,0,0,0,0,0,0,0,0,0.0,0.0,0.0,0.0
2024_05_27_leute-aus-israel-wollen-hierherziehen,israelis,19,17,15,1,0,2,0,0,0,0,0,0,0,0,0,8,0.7895,0.0526,0.1053,-7.5
2024_05_27_leute-aus-israel-wollen-hierherziehen,palestinians,1,1,0,0,0,0,0,0,0,0,0,0,0,0,0,0,0.0,0.0,0.0,0.0
2024_05_27_n-he-und-aufkl-rung,palestinians,1,1,0,0,0,0,0,0,0,0,0,0,0,0,0,0,0.0,0.0,0.0,0.0
2024_05_27_nachrichten-am-27-mai-2024,israelis,3,3,1,1,0,0,0,0,0,0,0,0,0,0,0,0,0.3333,0.3333,0.0,0.5
2024_05_27_nachrichten-am-27-mai-2024,palestinians,1,1,1,0,2,1,0,0,0,0,0,0,0,0,0,0,1.0,0.0,1.0,0.0
2024_05_27_raketen-auf-tel-aviv,israelis,5,5,3,0,0,0,0,0,0,0,0,0,0,0,0,0,0.6,0.0,0.0,0.0
2024_05_27_raketen-auf-tel-aviv,palestinians,2,2,1,0,0,0,0,0,0,0,0,0,0,0,0,0,0.5,0.0,0.0,0.0
2024_05_28_demokratischer-regierungschef-und-trotzdem-kriegsverbrecher,israelis,9,9,4,1,0,0,0,0,0,0,0,0,0,0,0,0,0.4444,0.1111,0.0,0.5
2024_05_28_demokratischer-regierungschef-und-trotzdem-kriegsverbrecher,palestinians,1,1,1,0,0,0,0,0,0,0,0,0,0,0,0,0,1.0,0.0,0.0,0.0
2024_05_28_die-horrorshow-des-benjamin-netanjahu,general_journalists,1,1,1,0,0,0,0,0,0,0,0,0,0,0,0,0,1.0,0.0,0.0,0.0
2024_05_28_die-horrorshow-des-benjamin-netanjahu,israelis,8,8,4,1,0,0,0,1,0,0,0,0,0,0,1,0,0.5,0.125,0.0,2.5
2024_05_28_die-horrorshow-des-benjamin-netanjahu,palestinians,2,2,1,0,0,0,0,0,0,0,0,0,0,0,0,0,0.5,0.0,0.0,0.0
2024_05_28_erneut-tote-bei-angriffen-in-rafah,israelis,2,2,1,0,0,0,0,0,0,0,0,0,0,0,0,0,0.5,0.0,0.0,0.0
2024_05_28_erneut-tote-bei-angriffen-in-rafah,palestinians,2,2,1,0,2,1,0,0,0,0,0,0,0,0,0,0,0.5,0.0,0.5,0.0
2024_05_28_gegen-ausgrenzung,palestinians,2,2,0,0,0,0,0,0,0,0,0,0,0,0,0,0,0.0,0.0,0.0,0.0
2024_05_28_pal-stinensische-flagge-in-der-assembl-e-nationale,general_journalists,3,3,3,0,2,1,0,0,0,0,0,0,0,0,0,0,1.0,0.0,0.3333,0.0
2024_05_28_pal-stinensische-flagge-in-der-assembl-e-nationale,israelis,3,3,0,0,0,0,0,0,0,0,0,0,0,0,0,0,0.0,0.0,0.0,0.0
2024_05_28_pal-stinensische-flagge-in-der-assembl-e-nationale,palestinians,6,6,2,0,0,0,0,0,0,0,0,0,0,0,0,0,0.3333,0.0,0.0,0.0
2024_05_28_panzer-im-zentrum-von-rafah-provisorischer-hafen-au-er-betrieb,israelis,1,1,0,0,0,0,0,0,0,0,0,0,0,0,0,0,0.0,0.0,0.0,0.0
2024_05_28_sagt-ihre-namen,general_journalists,4,4,2,0,0,0,0,0,0,0,0,0,0,0,0,0,0.5,0.0,0.0,0.0
2024_05_28_sagt-ihre-namen,palestinians,1,1,0,0,0,0,0,0,0,0,0,0,0,0,0,0,0.0,0.0,0.0,0.0
2024_05_28_welche-filme-sich-lohnen-und-welche-nicht,israelis,2,1,0,0,0,0,0,0,0,0,0,0,0,0,0,0,0.0,0.0,0.0,0.0
2024_05_28_welche-filme-sich-lohnen-und-welche-nicht,palestinians,1,1,0,0,0,0,0,0,0,0,0,0,0,0,0,0,0.0,0.0,0.0,0.0
2024_05_29_ausl-nder-rein,general_journalists,1,1,0,0,0,0,0,0,0,0,0,0,0,0,0,0,0.0,0.0,0.0,0.0
2024_05_29_ausl-nder-rein,israelis,2,2,0,0,0,0,0,0,0,0,0,0,0,0,0,2,0.0,0.0,0.0,-2.0
2024_05_29_ausl-nder-rein,palestinians,2,2,1,0,0,0,0,0,0,0,0,0,0,0,0,0,0.5,0.0,0.0,0.0
2024_05_29_demokratisch-gew-hlt-und-kriegsverbrecher,israelis,9,9,4,1,0,0,0,0,0,0,0,0,0,0,0,0,0.4444,0.1111,0.0,0.5
2024_05_29_demokratisch-gew-hlt-und-kriegsverbrecher,palestinians,1,1,1,0,0,0,0,0,0,0,0,0,0,0,0,0,1.0,0.0,0.0,0.0
2024_05_29_einfach-nur-leben,general_journalists,1,1,0,0,0,1,0,0,0,0,0,0,0,0,0,0,0.0,0.0,1.0,0.0
2024_05_29_einfach-nur-leben,israelis,5,5,2,0,0,1,0,0,0,0,0,0,0,0,0,4,0.4,0.0,0.2,-4.0
2024_05_29_einfach-nur-leben,palestinians,1,1,1,0,0,1,0,0,0,0,0,0,0,0,0,2,1.0,0.0,1.0,-2.0
2024_05_29_gazas-grenze-zu-gypten-soll-unter-israelischer-kontrolle-sein,israelis,1,1,1,0,0,0,0,0,0,0,0,0,0,0,0,0,1.0,0.0,0.0,0.0
2024_05_29_neue-filme,israelis,2,1,0,0,0,0,0,0,0,0,0,0,0,0,0,0,0.0,0.0,0.0,0.0
2024_05_29_neue-filme,palestinians,1,1,0,0,0,0,0,0,0,0,0,0,0,0,0,0,0.0,0.0,0.0,0.0
2024_05_29_wieder-tote-in-rafah,palestinians,1,1,0,0,0,0,0,0,0,0,0,0,0,0,0,0,0.0,0.0,0.0,0.0
2024_05_30_wer-sonst-k-nnte-denn-das-t-ten-stoppen,israelis,13,13,2,0,0,0,0,0,0,0,0,0,0,0,0,0,0.1538,0.0,0.0,0.0
2024_05_30_wer-sonst-k-nnte-denn-das-t-ten-stoppen,palestinians,5,5,1,0,0,0,0,0,0,0,0,0,0,0,0,0,0.2,0.0,0.0,0.0
2024_05_31_durch-diese-kriegsf-hrung-wird-niemand-sicherer,general_journalists,1,1,1,0,0,0,0,0,0,0,0,0,0,0,0,0,1.0,0.0,0.0,0.0
2024_05_31_durch-diese-kriegsf-hrung-wird-niemand-sicherer,israelis,4,4,1,1,0,0,0,0,0,0,0,0,0,0,0,0,0.25,0.25,0.0,0.5
2024_05_31_durch-diese-kriegsf-hrung-wird-niemand-sicherer,palestinians,5,5,2,0,0,0,0,0,0,0,0,0,0,0,0,0,0.4,0.0,0.0,0.0
2024_05_31_es-geht-nur-europ-isch-jean-asselborn-ber-die-europawahl-und-die-zukunft-der-eu,palestinians,1,1,0,0,0,0,0,0,0,0,0,0,0,0,0,0,0.0,0.0,0.0,0.0
2024_05_31_israel-meldet-kontrolle-ber-gaza-grenze,israelis,6,6,6,0,0,1,0,0,0,0,0,0,0,0,0,0,1.0,0.0,0.1667,0.0
2024_05_31_israel-meldet-kontrolle-ber-gaza-grenze,palestinians,2,2,0,0,0,1,0,0,0,0,0,0,0,0,0,0,0.0,0.0,0.5,0.0
2024_05_31_jedes-haus-hier-hat-seit-dem-7-oktober-eine-geschichte,israelis,6,6,1,0,0,3,0,0,0,0,0,0,0,0,0,0,0.1667,0.0,0.5,0.0
2024_05_31_jedes-haus-hier-hat-seit-dem-7-oktober-eine-geschichte,palestinians,1,1,0,0,0,0,0,0,0,0,0,0,0,0,0,0,0.0,0.0,0.0,0.0
2024_05_31_recht-und-r-son,israelis,13,13,2,0,0,0,0,0,0,0,0,0,0,0,0,0,0.1538,0.0,0.0,0.0
2024_05_31_recht-und-r-son,palestinians,5,5,1,0,0,0,0,0,0,0,0,0,0,0,0,0,0.2,0.0,0.0,0.0
2024_06_01_die-kinder-von-rafah,general_journalists,1,1,1,0,0,0,0,0,0,0,0,0,0,0,0,0,1.0,0.0,0.0,0.0
2024_06_01_die-kinder-von-rafah,israelis,4,4,2,1,0,0,0,0,0,0,0,0,0,0,0,0,0.5,0.25,0.0,0.5
2024_06_01_die-kinder-von-rafah,palestinians,5,5,2,0,0,0,0,0,0,0,0,0,0,0,0,0,0.4,0.0,0.0,0.0
2024_06_01_wo-die-wunden-noch-heilen-m-ssen,israelis,2,2,1,0,0,1,0,0,0,0,0,0,0,0,0,0,0.5,0.0,0.5,0.0
2024_06_01_wo-die-wunden-noch-heilen-m-ssen,palestinians,1,1,0,0,0,0,0,0,0,0,0,0,0,0,0,0,0.0,0.0,0.0,0.0
2024_06_02_dem-untergang-trotzen,general_journalists,1,1,1,0,0,0,0,0,0,0,0,0,0,0,0,2,1.0,0.0,0.0,-2.0
2024_06_02_hommage-an-die-tr-mmerfrauen,palestinians,1,1,1,0,0,0,0,0,0,0,0,0,0,0,0,0,1.0,0.0,0.0,0.0
2024_06_02_nachrichten-vom-02-juni-2024,israelis,1,1,1,0,0,0,0,0,0,0,0,0,0,0,0,0,1.0,0.0,0.0,0.0
2024_06_02_rechtsreligi-se-minister-drohen-netanjahu-mit-ende-der-koalition,israelis,9,8,6,0,0,0,0,0,0,0,0,0,0,0,0,0,0.6667,0.0,0.0,0.0
2024_06_02_rechtsreligi-se-minister-drohen-netanjahu-mit-ende-der-koalition,palestinians,3,3,1,0,0,0,0,0,0,0,0,0,0,0,0,0,0.3333,0.0,0.0,0.0
2024_06_03_alles-schutt,palestinians,1,1,1,0,0,0,0,0,0,0,0,0,0,0,0,0,1.0,0.0,0.0,0.0
2024_06_03_hamas-will-angebot-f-r-gaza-deal-pr-fen,israelis,2,2,2,0,0,0,0,0,0,0,0,0,0,0,0,2,1.0,0.0,0.0,-2.0
2024_06_03_ich-spreche-ber-die-liebe-zwischen-iran-und-israel,general_journalists,2,2,1,0,0,0,0,0,0,0,0,0,0,0,0,0,0.5,0.0,0.0,0.0
2024_06_03_ich-spreche-ber-die-liebe-zwischen-iran-und-israel,israelis,12,12,4,1,2,1,0,0,0,0,0,0,0,0,0,0,0.3333,0.0833,0.0833,0.5
2024_06_03_ich-spreche-ber-die-liebe-zwischen-iran-und-israel,palestinians,2,2,2,0,0,0,0,0,0,0,0,0,0,0,0,0,1.0,0.0,0.0,0.0
2024_06_03_netanjahu-in-der-zwickm-hle,israelis,7,7,5,1,13,5,0,0,0,0,0,0,0,0,0,0,0.7143,0.1429,0.7143,0.5
2024_06_03_netanjahu-in-der-zwickm-hle,palestinians,1,1,1,0,0,0,0,0,0,0,0,0,0,0,0,0,1.0,0.0,0.0,0.0
2024_06_03_raum-f-r-gespr-che-ber-israel-und-gaza,israelis,5,5,3,0,1,2,0,0,0,0,0,0,0,0,0,0,0.6,0.0,0.4,0.0
2024_06_03_raum-f-r-gespr-che-ber-israel-und-gaza,palestinians,3,3,2,0,0,0,0,0,0,0,0,0,0,0,0,1,0.6667,0.0,0.0,-1.0
2024_06_03_rechte-minister-drohen-netanjahu,israelis,8,7,5,0,0,0,0,0,0,0,0,0,0,0,0,0,0.625,0.0,0.0,0.0
2024_06_03_rechte-minister-drohen-netanjahu,palestinians,3,3,1,0,0,0,0,0,0,0,0,0,0,0,0,0,0.3333,0.0,0.0,0.0
2024_06_03_usa-milit-risch-hat-israel-die-meisten-kriegsziele-erreicht,israelis,2,2,2,0,2,1,0,0,0,0,0,0,0,0,0,0,1.0,0.0,0.5,0.0
2024_06_03_usa-milit-risch-hat-israel-die-meisten-kriegsziele-erreicht,palestinians,1,1,0,0,2,1,0,0,0,0,0,0,0,0,0,0,0.0,0.0,1.0,0.0
2024_06_04_die-liebe-zwischen-iran-und-israel,general_journalists,2,2,1,0,0,0,0,0,0,0,0,0,0,0,0,0,0.5,0.0,0.0,0.0
2024_06_04_die-liebe-zwischen-iran-und-israel,israelis,12,12,4,1,0,1,0,0,0,0,0,0,0,0,0,0,0.3333,0.0833,0.0833,0.5
2024_06_04_die-liebe-zwischen-iran-und-israel,palestinians,2,2,2,0,0,0,0,0,0,0,0,0,0,0,0,0,1.0,0.0,0.0,0.0
2024_06_04_ich-sch-tze-dich-sehr-aber,general_journalists,1,1,0,0,0,0,0,0,0,0,0,0,0,0,0,0,0.0,0.0,0.0,0.0
2024_06_04_ich-sch-tze-dich-sehr-aber,israelis,14,14,4,0,0,4,0,0,0,0,0,0,0,0,0,0,0.2857,0.0,0.2857,0.0
2024_06_04_ich-sch-tze-dich-sehr-aber,palestinians,3,3,2,0,0,1,0,0,0,0,0,0,0,0,0,0,0.6667,0.0,0.3333,0.0
2024_06_04_putins-schattenkrieg-gegen-den-westen,palestinians,1,1,0,0,0,0,0,0,0,0,0,0,0,0,0,0,0.0,0.0,0.0,0.0
2024_06_04_worte-finden,israelis,4,4,3,0,0,2,0,0,0,0,0,0,0,0,0,0,0.75,0.0,0.5,0.0
2024_06_04_worte-finden,palestinians,3,3,2,0,0,0,0,0,0,0,0,0,0,0,0,1,0.6667,0.0,0.0,-1.0
2024_06_05_netanjahu-droht-der-hisbollah,israelis,3,3,1,1,0,1,0,0,0,0,0,0,0,0,0,0,0.3333,0.3333,0.3333,0.5
2024_06_05_putins-schattenkrieg,palestinians,1,1,0,0,0,0,0,0,0,0,0,0,0,0,0,0,0.0,0.0,0.0,0.0
2024_06_06_dutzende-tote-nach-angriff-auf-schule,israelis,10,10,6,2,0,3,0,0,1,0,0,0,0,0,0,0,0.6,0.2,0.3,3.0
2024_06_06_dutzende-tote-nach-angriff-auf-schule,palestinians,2,2,2,0,0,0,0,0,1,0,0,0,0,0,1,0,1.0,0.0,0.0,2.5
2024_06_08_armee-befreit-vier-geiseln-offenbar-viele-tote-bei-einsatz,israelis,2,2,0,0,0,1,0,0,0,0,0,0,0,0,0,0,0.0,0.0,0.5,0.0
2024_06_08_glanz-und-elend,israelis,1,1,0,0,0,0,0,0,0,0,0,0,0,0,0,0,0.0,0.0,0.0,0.0
2024_06_08_glanz-und-elend,palestinians,1,1,1,0,0,0,0,0,0,0,0,0,0,0,0,0,1.0,0.0,0.0,0.0
2024_06_08_warum-die-internationale-justiz-so-stark-an-bedeutung-gewinnt,israelis,5,5,0,1,0,1,0,0,0,0,0,0,0,0,0,0,0.0,0.2,0.2,0.5
2024_06_08_warum-die-internationale-justiz-so-stark-an-bedeutung-gewinnt,palestinians,5,5,2,0,0,0,0,1,0,0,0,0,0,0,0,0,0.4,0.0,0.0,1.5
2024_06_09_am-ende-diente-benny-gantz-nur-noch-als-feigenblatt,israelis,4,4,2,0,0,0,0,0,1,0,0,0,0,0,0,0,0.5,0.0,0.0,2.0
2024_06_09_am-ende-diente-benny-gantz-nur-noch-als-feigenblatt,palestinians,2,2,0,0,0,0,0,0,1,0,0,0,0,0,0,0,0.0,0.0,0.0,2.0
2024_06_09_vorteil-f-r-netanjahu,general_journalists,1,1,1,0,0,0,0,0,0,0,0,0,0,0,0,0,1.0,0.0,0.0,0.0
2024_06_09_vorteil-f-r-netanjahu,israelis,5,5,1,0,0,0,0,0,0,0,0,0,0,0,0,0,0.2,0.0,0.0,0.0
2024_06_09_vorteil-f-r-netanjahu,palestinians,6,6,4,0,0,0,0,0,0,0,0,0,0,0,0,0,0.6667,0.0,0.0,0.0
2024_06_10_ein-mann-und-sein-wort,israelis,5,5,2,0,0,0,0,0,1,0,0,0,0,0,0,0,0.4,0.0,0.0,2.0
2024_06_10_ein-mann-und-sein-wort,palestinians,2,2,0,0,0,0,0,0,1,0,0,0,0,0,0,0,0.0,0.0,0.0,2.0
2024_06_10_gantz-tr-bt-netanjahus-triumph,general_journalists,1,1,1,0,0,0,0,0,0,0,0,0,0,0,0,0,1.0,0.0,0.0,0.0
2024_06_10_gantz-tr-bt-netanjahus-triumph,israelis,5,5,1,0,0,0,0,0,0,0,0,0,0,0,0,0,0.2,0.0,0.0,0.0
2024_06_10_gantz-tr-bt-netanjahus-triumph,palestinians,6,6,4,0,0,0,0,0,0,0,0,0,0,0,0,0,0.6667,0.0,0.0,0.0
2024_06_10_gantz-verl-sst-kriegskabinett,general_journalists,1,1,0,0,0,0,0,0,0,0,0,0,0,0,0,0,0.0,0.0,0.0,0.0
2024_06_10_gantz-verl-sst-kriegskabinett,israelis,4,4,3,0,0,0,0,0,0,0,0,0,0,0,0,0,0.75,0.0,0.0,0.0
2024_06_10_gantz-verl-sst-kriegskabinett,palestinians,2,2,1,1,0,0,0,0,0,0,0,0,0,0,0,0,0.5,0.5,0.0,0.5
2024_06_10_in-der-inneren-zerrei-probe,israelis,6,6,2,0,0,2,0,0,0,0,0,0,0,0,0,0,0.3333,0.0,0.3333,0.0
2024_06_10_in-der-inneren-zerrei-probe,palestinians,2,2,0,0,0,0,0,1,0,0,0,0,0,0,0,0,0.0,0.0,0.0,1.5
2024_06_10_koalition-der-verlierer,palestinians,1,1,0,0,0,0,0,0,0,0,0,0,0,0,0,0,0.0,0.0,0.0,0.0
2024_06_10_un-sicherheitsrat-stimmt-f-r-waffenruhe-in-gaza,israelis,2,2,1,0,0,1,0,0,0,0,0,0,0,0,0,0,0.5,0.0,0.5,0.0
2024_06_10_un-sicherheitsrat-stimmt-f-r-waffenruhe-in-gaza,palestinians,2,2,1,1,0,0,0,0,0,0,0,0,0,0,0,0,0.5,0.5,0.0,0.5
2024_06_10_vier-geiseln-aus-gaza-gerettet,israelis,2,2,2,0,0,0,0,0,0,0,0,0,0,0,0,0,1.0,0.0,0.0,0.0
2024_06_10_vier-geiseln-aus-gaza-gerettet,palestinians,1,1,0,0,0,0,0,0,0,0,0,0,0,0,0,0,0.0,0.0,0.0,0.0
2024_06_11_das-denken-entwirren,israelis,14,13,4,0,0,8,0,0,1,0,0,0,0,1,0,0,0.2857,0.0,0.5714,3.5
2024_06_11_das-denken-entwirren,palestinians,18,13,7,0,0,11,0,1,2,0,0,0,0,0,0,0,0.3889,0.0,0.6111,5.5
2024_06_11_deutsche-waffenlieferungen-an-israel-werden-nicht-verboten,israelis,9,9,5,0,0,2,0,0,0,0,0,0,0,0,0,0,0.5556,0.0,0.2222,0.0
2024_06_11_deutsche-waffenlieferungen-an-israel-werden-nicht-verboten,palestinians,7,7,1,0,0,1,0,0,0,0,0,0,0,0,0,0,0.1429,0.0,0.1429,0.0
2024_06_11_eine-innere-zerrei-probe,israelis,6,6,2,0,0,2,0,0,0,0,0,0,0,0,0,0,0.3333,0.0,0.3333,0.0
2024_06_11_eine-innere-zerrei-probe,palestinians,2,2,0,0,0,0,0,1,0,0,0,0,0,0,0,0,0.0,0.0,0.0,1.5
2024_06_11_hoffnungsvolles-zeichen-f-r-den-gazastreifen,israelis,14,14,10,0,0,3,0,1,0,0,0,0,0,0,0,4,0.7143,0.0,0.2143,-2.5
2024_06_11_hoffnungsvolles-zeichen-f-r-den-gazastreifen,palestinians,10,9,9,1,0,2,0,1,0,0,0,0,0,0,0,0,0.9,0.1,0.2,2.0
2024_06_11_ich-dachte-zuerst-die-wollen-mich-f-r-dumm-verkaufen,general_journalists,1,1,1,0,0,0,0,0,0,0,0,0,0,0,0,0,1.0,0.0,0.0,0.0
2024_06_11_ich-dachte-zuerst-die-wollen-mich-f-r-dumm-verkaufen,israelis,2,2,2,0,0,0,0,0,0,0,0,0,0,0,0,0,1.0,0.0,0.0,0.0
2024_06_11_ich-dachte-zuerst-die-wollen-mich-f-r-dumm-verkaufen,palestinians,2,2,1,0,0,1,0,0,0,0,0,0,0,0,0,0,0.5,0.0,0.5,0.0
2024_06_11_un-sicherheitsrat-f-r-waffenruhe,palestinians,1,1,0,0,0,0,0,0,0,0,0,0,0,0,0,0,0.0,0.0,0.0,0.0
2024_06_12_hoffnungsvolles-zeichen-f-r-gazastreifen,israelis,14,14,10,0,0,3,0,1,0,0,0,0,0,0,0,4,0.7143,0.0,0.2143,-2.5
2024_06_12_hoffnungsvolles-zeichen-f-r-gazastreifen,palestinians,9,8,8,1,0,1,0,1,0,0,0,0,0,0,0,0,0.8889,0.1111,0.1111,2.0
2024_06_12_massiver-raketenbeschuss-auf-israel-nach-tod-von-hisbollah-kommandeur,israelis,1,1,0,0,0,0,0,0,0,0,0,0,0,0,0,0,0.0,0.0,0.0,0.0
2024_06_12_noa-argamani,general_journalists,1,1,1,0,0,0,0,0,0,0,0,0,0,0,0,0,1.0,0.0,0.0,0.0
2024_06_12_noa-argamani,israelis,3,3,2,0,0,0,0,0,0,0,0,0,0,0,0,0,0.6667,0.0,0.0,0.0
2024_06_12_noa-argamani,palestinians,1,1,0,0,0,0,0,0,0,0,0,0,0,0,0,0,0.0,0.0,0.0,0.0
2024_06_12_un-bericht-israel-und-hamas-begehen-kriegsverbrechen,israelis,10,9,10,1,0,4,0,0,0,0,0,0,0,0,0,1,1.0,0.1,0.4,-0.5
2024_06_12_un-bericht-israel-und-hamas-begehen-kriegsverbrechen,palestinians,3,3,3,0,0,0,0,0,0,0,0,0,0,0,0,0,1.0,0.0,0.0,0.0
2024_06_12_und-noch-eine-un-resolution,israelis,2,2,0,1,0,0,0,0,0,0,0,0,0,0,0,0,0.0,0.5,0.0,0.5
2024_06_12_waffenlieferungen-bleiben-erlaubt,israelis,9,9,6,0,0,2,0,0,0,0,0,0,0,0,0,0,0.6667,0.0,0.2222,0.0
2024_06_12_waffenlieferungen-bleiben-erlaubt,palestinians,5,5,1,0,0,1,0,0,0,0,0,0,0,0,0,0,0.2,0.0,0.2,0.0
2024_06_12_wahnsinn-ist-ihr-gutes-recht,israelis,2,2,1,0,0,0,0,0,0,0,0,0,0,0,0,0,0.5,0.0,0.0,0.0
2024_06_12_wahnsinn-ist-ihr-gutes-recht,palestinians,2,2,1,0,0,0,0,0,0,0,0,0,0,0,0,0,0.5,0.0,0.0,0.0
2024_06_13_g-7-staaten-unterst-tzen-bidens-friedensplan,israelis,1,1,1,0,0,0,0,0,0,0,0,0,0,0,0,0,1.0,0.0,0.0,0.0
2024_06_13_scheitern-wie-in-einer-zeitschleife,israelis,12,12,5,1,0,3,0,0,0,0,0,0,0,0,0,0,0.4167,0.0833,0.25,0.5
2024_06_13_scheitern-wie-in-einer-zeitschleife,palestinians,11,11,6,2,0,2,0,0,2,0,0,0,0,0,0,2,0.5455,0.1818,0.1818,3.0
2024_06_14_es-brennt-an-israels-nordgrenze,israelis,13,13,7,0,0,3,0,0,0,0,0,0,0,0,0,0,0.5385,0.0,0.2308,0.0
2024_06_14_es-brennt-an-israels-nordgrenze,palestinians,3,3,2,0,0,0,0,0,0,0,0,0,0,0,0,0,0.6667,0.0,0.0,0.0
2024_06_14_modernisierung-eines-mythos,israelis,10,9,6,1,0,0,0,0,0,0,0,0,0,0,0,0,0.6,0.1,0.0,0.5
2024_06_14_modernisierung-eines-mythos,palestinians,24,20,17,1,0,6,0,0,3,0,0,0,0,0,1,0,0.7083,0.0417,0.25,7.0
2024_06_14_the-two-state-solution-is-over-omri-boehm-ber-netanjahus-politik,israelis,13,13,6,0,0,1,0,0,0,0,0,0,0,0,0,6,0.4615,0.0,0.0769,-6.0
2024_06_14_the-two-state-solution-is-over-omri-boehm-ber-netanjahus-politik,palestinians,4,4,1,0,0,0,0,0,1,0,0,0,0,0,0,0,0.25,0.0,0.0,2.0
2024_06_14_un-menschenrechtler-verurteilen-israels-einsatz-zur-geiselbefreiung,israelis,1,1,1,0,0,0,0,0,0,0,0,0,0,0,0,0,1.0,0.0,0.0,0.0
2024_06_14_wie-die-bremse-zum-turbo-werden-kann,general_journalists,2,2,0,0,0,0,0,0,0,0,0,0,0,0,0,0,0.0,0.0,0.0,0.0
2024_06_14_wie-die-bremse-zum-turbo-werden-kann,israelis,1,1,1,0,0,0,0,0,0,0,0,0,0,0,0,1,1.0,0.0,0.0,-1.0
2024_06_14_wie-die-bremse-zum-turbo-werden-kann,palestinians,1,1,0,0,0,0,0,0,0,0,0,0,0,0,0,0,0.0,0.0,0.0,0.0
2024_06_15_achtung-enth-lt-keine-spuren-von-sommerm-rchen,palestinians,1,1,1,0,0,0,0,0,0,0,0,0,0,0,0,2,1.0,0.0,0.0,-2.0
2024_06_15_das-aphrodisiakum,palestinians,1,1,1,0,0,0,0,0,0,0,0,0,0,0,0,2,1.0,0.0,0.0,-2.0
2024_06_15_die-vergessenen-von-el-fasher,general_journalists,1,1,1,0,0,0,0,0,0,0,0,0,0,0,0,0,1.0,0.0,0.0,0.0
2024_06_15_die-vergessenen-von-el-fasher,palestinians,1,1,0,0,0,0,0,0,0,0,0,0,0,0,0,0,0.0,0.0,0.0,0.0
2024_06_15_feuer-rache-und-raketen,israelis,11,11,5,0,0,3,0,0,0,0,0,0,0,0,0,0,0.4545,0.0,0.2727,0.0
2024_06_15_feuer-rache-und-raketen,palestinians,3,3,2,0,0,0,0,0,0,0,0,0,0,0,0,0,0.6667,0.0,0.0,0.0
2024_06_15_gef-llt-uns-das,general_journalists,2,2,0,0,0,0,0,0,0,0,0,0,0,0,0,0,0.0,0.0,0.0,0.0
2024_06_15_gef-llt-uns-das,israelis,1,1,1,0,0,0,0,0,0,0,0,0,0,0,0,1,1.0,0.0,0.0,-1.0
2024_06_15_gef-llt-uns-das,palestinians,1,1,0,0,0,0,0,0,0,0,0,0,0,0,0,0,0.0,0.0,0.0,0.0
2024_06_16_die-erinnerungskultur-kann-kein-feigenblatt-f-r-die-politik-sein,israelis,1,1,0,0,0,0,0,0,0,0,0,0,0,0,0,0,0.0,0.0,0.0,0.0
2024_06_16_die-erinnerungskultur-kann-kein-feigenblatt-f-r-die-politik-sein,palestinians,1,1,0,0,0,0,0,0,0,0,0,0,0,0,0,0,0.0,0.0,0.0,0.0
2024_06_16_israels-milit-r-verk-ndet-taktische-pause-und-ver-rgert-regierung,israelis,11,9,4,0,0,6,0,1,0,0,0,0,0,0,0,1,0.3636,0.0,0.5455,0.5
2024_06_16_israels-milit-r-verk-ndet-taktische-pause-und-ver-rgert-regierung,palestinians,1,1,0,0,0,1,0,0,0,0,0,0,0,0,0,0,0.0,0.0,1.0,0.0
2024_06_17_feuerpause-mit-nebeneffekt,israelis,2,2,1,0,0,0,0,0,0,0,0,0,0,0,0,0,0.5,0.0,0.0,0.0
2024_06_17_feuerpause-mit-nebeneffekt,palestinians,1,1,0,0,0,0,0,0,0,0,0,0,0,0,0,0,0.0,0.0,0.0,0.0
2024_06_17_israels-milit-r-ver-rgert-regierung,israelis,10,8,4,0,0,5,0,1,0,0,0,0,0,0,0,1,0.4,0.0,0.5,0.5
2024_06_17_israels-milit-r-ver-rgert-regierung,palestinians,1,1,0,0,0,1,0,0,0,0,0,0,0,0,0,0,0.0,0.0,1.0,0.0
2024_06_17_kein-feigenblatt-f-r-die-politik,israelis,1,1,0,0,0,0,0,0,0,0,0,0,0,0,0,0,0.0,0.0,0.0,0.0
2024_06_17_kein-feigenblatt-f-r-die-politik,palestinians,1,1,0,0,0,0,0,0,0,0,0,0,0,0,0,0,0.0,0.0,0.0,0.0
2024_06_17_sicherheit-ist-die-frage-unserer-zeit,israelis,5,5,1,2,0,0,0,0,0,0,0,0,0,0,0,4,0.2,0.4,0.0,-3.0
2024_06_17_sicherheit-ist-die-frage-unserer-zeit,palestinians,10,10,2,2,0,1,0,0,0,0,0,0,0,0,0,6,0.2,0.2,0.1,-5.0
2024_06_17_wenn-die-stra-e-nach-widerstand-riecht,palestinians,1,1,0,0,0,0,0,0,0,0,0,0,0,0,0,0,0.0,0.0,0.0,0.0
2024_06_17_wir-sitzen-alle-im-selben-boot,israelis,2,2,2,0,0,0,0,0,0,0,0,0,0,0,0,1,1.0,0.0,0.0,-1.0
2024_06_17_wir-sitzen-alle-im-selben-boot,palestinians,1,1,1,0,0,0,0,0,0,0,0,0,0,0,0,0,1.0,0.0,0.0,0.0
2024_06_18_ach-die-linke-diese-entsetzliche-linke,general_journalists,2,2,1,0,0,0,0,0,0,0,0,0,0,0,0,0,0.5,0.0,0.0,0.0
2024_06_18_ach-die-linke-diese-entsetzliche-linke,israelis,15,14,7,1,0,4,0,0,0,0,0,0,0,0,0,0,0.4667,0.0667,0.2667,0.5
2024_06_18_ach-die-linke-diese-entsetzliche-linke,palestinians,3,3,1,0,0,0,0,0,0,0,0,0,0,0,0,0,0.3333,0.0,0.0,0.0
2024_06_18_erst-taub-dann-ahnungslos,general_journalists,2,2,1,0,0,0,0,0,0,0,0,0,0,0,0,0,0.5,0.0,0.0,0.0
2024_06_18_erst-taub-dann-ahnungslos,israelis,3,3,2,0,0,0,1,0,0,0,0,0,0,0,0,0,0.6667,0.0,0.0,2.0
2024_06_18_erst-taub-dann-ahnungslos,palestinians,4,4,1,0,0,0,1,0,0,0,0,0,0,0,0,0,0.25,0.0,0.0,2.0
2024_06_18_israels-au-enminister-und-armee-drohen-mit-libanon-offensive,israelis,1,1,1,0,0,0,0,0,0,0,0,0,0,0,0,0,1.0,0.0,0.0,0.0
2024_06_18_netanjahu-l-st-kriegskabinett-auf,palestinians,1,1,0,1,0,0,0,0,0,0,0,0,0,0,0,0,0.0,1.0,0.0,0.5
2024_06_18_woche-des-widerstands-gegen-netanjahu,israelis,6,6,3,0,0,2,0,0,0,0,0,0,0,0,0,0,0.5,0.0,0.3333,0.0
2024_06_18_woche-des-widerstands-gegen-netanjahu,palestinians,3,3,1,0,0,0,0,0,0,0,0,0,0,0,0,0,0.3333,0.0,0.0,0.0
2024_06_19_erst-taub-dann-ahnunglos,general_journalists,2,2,1,0,0,0,0,0,0,0,0,0,0,0,0,0,0.5,0.0,0.0,0.0
2024_06_19_erst-taub-dann-ahnunglos,israelis,3,3,2,0,0,0,1,0,0,0,0,0,0,0,0,0,0.6667,0.0,0.0,2.0
2024_06_19_erst-taub-dann-ahnunglos,palestinians,4,4,1,0,0,0,1,0,0,0,0,0,0,0,0,0,0.25,0.0,0.0,2.0
2024_06_19_sie-ist-zw-lf-die-mutma-lichen-vergewaltiger-sind-zw-lf-und-13,general_journalists,1,1,0,0,0,0,0,0,0,0,0,0,0,0,0,0,0.0,0.0,0.0,0.0
2024_06_19_sie-ist-zw-lf-die-mutma-lichen-vergewaltiger-sind-zw-lf-und-13,israelis,2,2,0,0,0,0,0,0,0,0,0,0,0,0,0,0,0.0,0.0,0.0,0.0
2024_06_19_sie-ist-zw-lf-die-mutma-lichen-vergewaltiger-sind-zw-lf-und-13,palestinians,2,2,1,0,0,0,0,0,0,0,0,0,0,0,0,0,0.5,0.0,0.0,0.0
2024_06_19_wertefrei-war-au-enpolitik-nie,general_journalists,3,3,3,0,0,0,0,0,0,0,0,0,0,0,0,0,1.0,0.0,0.0,0.0
2024_06_19_widerstand-gegen-netanjahu,israelis,6,6,3,0,0,1,0,0,0,0,0,0,0,0,0,0,0.5,0.0,0.1667,0.0
2024_06_19_widerstand-gegen-netanjahu,palestinians,3,3,1,0,0,0,0,0,0,0,0,0,0,0,0,0,0.3333,0.0,0.0,0.0
2024_06_20_ein-mann-k-mpft-gegen-das-vergessen,israelis,12,12,5,1,0,0,0,0,0,0,0,0,0,0,0,0,0.4167,0.0833,0.0,0.5
2024_06_20_ein-mann-k-mpft-gegen-das-vergessen,palestinians,5,5,2,0,0,0,0,0,0,0,0,0,0,0,0,2,0.4,0.0,0.0,-2.0
2024_06_20_gewalt-an-kind-schockt-frankreich,general_journalists,1,1,0,0,0,0,0,0,0,0,0,0,0,0,0,0,0.0,0.0,0.0,0.0
2024_06_20_gewalt-an-kind-schockt-frankreich,israelis,1,1,0,0,0,0,0,0,0,0,0,0,0,0,0,0,0.0,0.0,0.0,0.0
2024_06_20_gewalt-an-kind-schockt-frankreich,palestinians,1,1,0,0,0,0,0,0,0,0,0,0,0,0,0,0,0.0,0.0,0.0,0.0
2024_06_20_netanjahu-hat-seine-optionen-ersch-pft,israelis,7,7,3,0,0,1,0,0,0,0,0,0,0,0,0,0,0.4286,0.0,0.1429,0.0
2024_06_20_netanjahu-hat-seine-optionen-ersch-pft,palestinians,1,1,1,0,0,1,0,0,0,0,0,0,0,0,0,0,1.0,0.0,1.0,0.0
2024_06_21_das-macht-uns-kopfzerbrechen,israelis,5,5,3,0,0,1,0,0,0,0,0,0,0,0,0,2,0.6,0.0,0.2,-2.0
2024_06_21_das-macht-uns-kopfzerbrechen,palestinians,5,5,2,0,0,1,0,0,0,0,0,0,0,0,0,0,0.4,0.0,0.2,0.0
2024_06_21_die-kluft-zwischen-premier-und-armee,general_journalists,2,1,1,2,0,0,0,0,0,0,0,0,0,0,0,0,0.5,1.0,0.0,1.0
2024_06_21_die-kluft-zwischen-premier-und-armee,israelis,10,10,7,1,0,3,0,0,0,0,0,0,0,0,0,0,0.7,0.1,0.3,0.5
2024_06_21_die-kluft-zwischen-premier-und-armee,palestinians,2,2,1,0,0,0,0,0,0,0,0,0,0,0,0,0,0.5,0.0,0.0,0.0
2024_06_21_hilfslieferungen-weiter-schwierig,israelis,3,3,2,1,0,0,0,0,0,0,0,0,0,0,0,0,0.6667,0.3333,0.0,0.5
2024_06_21_hilfslieferungen-weiter-schwierig,palestinians,2,2,1,0,0,0,0,0,0,0,0,0,0,0,0,0,0.5,0.0,0.0,0.0
2024_06_21_israels-gewissen,israelis,6,6,2,1,0,1,0,0,0,0,0,0,0,0,0,0,0.3333,0.1667,0.1667,0.5
2024_06_21_israels-gewissen,palestinians,1,1,1,0,0,1,0,0,0,0,0,0,0,0,0,0,1.0,0.0,1.0,0.0
2024_06_21_sein-verm-chtnis,israelis,12,12,5,1,0,0,0,0,0,0,0,0,0,0,0,0,0.4167,0.0833,0.0,0.5
2024_06_21_sein-verm-chtnis,palestinians,5,5,2,0,0,0,0,0,0,0,0,0,0,0,0,2,0.4,0.0,0.0,-2.0
2024_06_22_5000-kilometer-gegen-die-trauer,palestinians,1,1,0,0,0,0,0,0,0,0,0,0,0,0,0,0,0.0,0.0,0.0,0.0
2024_06_22_mann-ohne-wirkung,general_journalists,2,2,1,0,0,0,0,0,0,0,0,0,0,0,0,0,0.5,0.0,0.0,0.0
2024_06_22_mann-ohne-wirkung,palestinians,1,1,0,0,0,0,0,0,0,0,0,0,0,0,0,0,0.0,0.0,0.0,0.0
2024_06_22_pal-stinenser-mehr-als-40-tote-bei-angriffen-auf-gaza-stadt,israelis,1,1,0,0,0,1,0,0,0,0,0,0,0,0,0,0,0.0,0.0,1.0,0.0
2024_06_22_pal-stinenser-mehr-als-40-tote-bei-angriffen-auf-gaza-stadt,palestinians,1,1,0,0,0,0,0,0,0,0,0,0,0,0,0,0,0.0,0.0,0.0,0.0
2024_06_22_politischer-islamismus-das-kriegsgeschehen-in-gaza-wirkt-mobilisierend,palestinians,1,1,0,0,0,1,0,0,0,0,0,0,0,0,0,0,0.0,0.0,1.0,0.0
2024_06_22_wenn-wir-verlieren,israelis,34,32,22,3,0,7,0,1,0,0,0,0,0,0,0,0,0.6471,0.0882,0.2059,3.0
2024_06_22_wenn-wir-verlieren,palestinians,5,5,2,0,0,0,0,0,0,0,0,0,0,0,0,0,0.4,0.0,0.0,0.0
2024_06_23_dutzende-sterben-nach-luftangriffen,general_journalists,1,1,1,0,0,1,0,0,0,0,0,0,0,0,0,0,1.0,0.0,1.0,0.0
2024_06_23_dutzende-sterben-nach-luftangriffen,israelis,9,9,8,1,0,1,0,0,0,0,0,0,0,0,0,2,0.8889,0.1111,0.1111,-1.5
2024_06_23_dutzende-sterben-nach-luftangriffen,palestinians,5,5,2,2,0,0,0,0,0,0,0,0,0,0,0,0,0.4,0.4,0.0,1.0
2024_06_24_dutzende-sterben-bei-luftangriffen,general_journalists,1,1,1,0,0,1,0,0,0,0,0,0,0,0,0,0,1.0,0.0,1.0,0.0
2024_06_24_dutzende-sterben-bei-luftangriffen,israelis,8,8,7,1,0,1,0,0,0,0,0,0,0,0,0,2,0.875,0.125,0.125,-1.5
2024_06_24_dutzende-sterben-bei-luftangriffen,palestinians,5,5,2,2,0,0,0,0,0,0,0,0,0,0,0,0,0.4,0.4,0.0,1.0
2024_06_24_mehr-als-f-nf-islamfeindliche-angriffe-t-glich,israelis,2,2,0,0,0,0,1,0,0,0,0,0,0,0,0,0,0.0,0.0,0.0,2.0
2024_06_24_mehr-als-f-nf-islamfeindliche-angriffe-t-glich,palestinians,1,1,1,0,0,0,0,0,0,0,0,0,0,0,0,0,1.0,0.0,0.0,0.0
2024_06_25_bibi-st-nkert-gegen-biden,israelis,17,17,9,2,0,7,0,0,0,0,0,0,0,0,0,0,0.5294,0.1176,0.4118,1.0
2024_06_25_bibi-st-nkert-gegen-biden,palestinians,3,3,1,0,0,2,0,0,0,0,0,0,0,0,0,0,0.3333,0.0,0.6667,0.0
2024_06_25_dauersender-ohne-botschaft,general_journalists,1,1,0,0,0,0,0,0,0,0,0,0,0,0,0,0,0.0,0.0,0.0,0.0
2024_06_25_die-ministerin-und-die-kraft-der-worte,israelis,26,26,14,2,0,8,0,0,3,0,0,0,0,0,0,0,0.5385,0.0769,0.3077,7.0
2024_06_25_die-ministerin-und-die-kraft-der-worte,palestinians,8,7,1,0,0,4,0,0,3,0,0,0,0,0,0,0,0.125,0.0,0.5,6.0
2024_06_25_fast-doppelt-so-viele-antisemitische-vorf-lle,israelis,5,3,4,2,0,4,0,0,0,0,0,0,0,0,0,0,0.8,0.4,0.8,1.0
2024_06_25_fast-doppelt-so-viele-antisemitische-vorf-lle,palestinians,2,2,1,0,0,1,0,0,0,0,0,0,0,0,0,0,0.5,0.0,0.5,0.0
2024_06_25_t-glich-mehr-als-f-nf-islamfeindliche-angriffe,israelis,2,2,0,0,0,0,1,0,0,0,0,0,0,0,0,0,0.0,0.0,0.0,2.0
2024_06_25_t-glich-mehr-als-f-nf-islamfeindliche-angriffe,palestinians,1,1,1,0,0,0,0,0,0,0,0,0,0,0,0,0,1.0,0.0,0.0,0.0
2024_06_26_die-antisemitische-linke-ist-zur-ck,israelis,2,2,0,0,0,2,0,0,0,0,0,0,0,0,0,0,0.0,0.0,1.0,0.0
2024_06_26_die-antisemitische-linke-ist-zur-ck,palestinians,1,1,0,0,0,1,0,0,0,0,0,0,0,0,0,0,0.0,0.0,1.0,0.0
2024_06_26_eine-z-sur-nach-dem-terror,israelis,5,3,4,2,0,4,0,0,0,0,0,0,0,0,0,0,0.8,0.4,0.8,1.0
2024_06_26_eine-z-sur-nach-dem-terror,palestinians,2,2,1,0,0,1,0,0,0,0,0,0,0,0,0,0,0.5,0.0,0.5,0.0
2024_06_26_hoffen-auf-die-kraft-der-worte,israelis,25,25,14,2,0,8,0,0,3,0,0,0,0,0,0,0,0.56,0.08,0.32,7.0
2024_06_26_hoffen-auf-die-kraft-der-worte,palestinians,7,6,1,0,0,3,0,0,3,0,0,0,0,0,0,0,0.1429,0.0,0.4286,6.0
2024_06_26_kenias-pr-sident-lenkt-ein-sp-t-vielleicht-zu-sp-t,palestinians,1,1,1,0,0,0,0,0,0,0,0,0,0,0,0,0,1.0,0.0,0.0,0.0
2024_06_26_nie-wieder-ist-immer,israelis,1,1,1,0,0,1,0,0,0,0,0,0,0,0,0,0,1.0,0.0,1.0,0.0
2024_06_26_nie-wieder-ist-immer,palestinians,3,3,2,0,0,1,0,0,0,0,0,0,0,0,0,2,0.6667,0.0,0.3333,-2.0
2024_06_27_die-nasenringfabel,israelis,21,19,13,2,0,7,0,0,0,0,0,0,0,0,0,0,0.619,0.0952,0.3333,1.0
2024_06_27_hannah-arendt-extended-version,israelis,2,2,2,0,0,1,0,0,0,0,0,0,0,0,0,0,1.0,0.0,0.5,0.0
2024_06_27_hannah-arendt-extended-version,palestinians,4,3,0,0,0,3,0,0,0,0,0,0,0,0,0,0,0.0,0.0,0.75,0.0
2024_06_27_unergr-ndlich-sei-die-macht,general_journalists,1,1,0,0,0,0,0,0,0,0,0,0,0,0,0,0,0.0,0.0,0.0,0.0
2024_06_27_unergr-ndlich-sei-die-macht,israelis,9,9,6,0,0,2,0,0,0,0,0,0,0,0,0,3,0.6667,0.0,0.2222,-3.0
2024_06_27_unergr-ndlich-sei-die-macht,palestinians,1,1,0,0,0,0,0,0,0,0,0,0,0,0,0,0,0.0,0.0,0.0,0.0
2024_06_27_wenn-das-parlament-brennt,palestinians,1,1,1,0,0,0,0,0,0,0,0,0,0,0,0,0,1.0,0.0,0.0,0.0
2024_06_28_bidens-partei-zweifelt-an-seiner-kandidatur,israelis,2,1,1,0,0,0,0,0,0,0,0,0,0,0,0,0,0.5,0.0,0.0,0.0
2024_06_28_bidens-partei-zweifelt-an-seiner-kandidatur,palestinians,1,1,0,0,0,0,0,0,0,0,0,0,0,0,0,0,0.0,0.0,0.0,0.0
2024_06_28_pal-stinenser-melden-angriff-auf-zeltlager-f-r-fl-chtlinge-in-al-mawasi,israelis,1,1,0,0,0,0,0,0,0,0,0,0,0,0,0,0,0.0,0.0,0.0,0.0
2024_06_28_pal-stinenser-melden-angriff-auf-zeltlager-f-r-fl-chtlinge-in-al-mawasi,palestinians,1,1,1,0,0,0,0,0,0,0,0,0,0,0,0,0,1.0,0.0,0.0,0.0
2024_06_28_tote-bei-angriff-in-gaza,general_journalists,1,1,1,0,0,0,0,0,0,0,0,0,0,0,0,0,1.0,0.0,0.0,0.0
2024_06_28_tote-bei-angriff-in-gaza,palestinians,6,5,3,1,0,0,0,0,0,0,0,0,0,0,0,0,0.5,0.1667,0.0,0.5
2024_06_28_zwischen-krieg-und-wirtschaftskrise,israelis,11,11,8,0,0,2,0,0,0,0,0,0,0,0,0,0,0.7273,0.0,0.1818,0.0
2024_06_28_zwischen-krieg-und-wirtschaftskrise,palestinians,1,1,0,0,0,1,0,0,0,0,0,0,0,0,0,0,0.0,0.0,1.0,0.0
2024_06_29_die-organisation-ist-schlecht-in-eure-stadien-regnet-es-rein,general_journalists,1,1,0,0,0,0,0,0,0,0,0,0,0,0,0,0,0.0,0.0,0.0,0.0
2024_06_29_die-organisation-ist-schlecht-in-eure-stadien-regnet-es-rein,israelis,1,1,1,0,0,0,0,0,0,0,0,0,0,0,0,0,1.0,0.0,0.0,0.0
2024_06_29_die-organisation-ist-schlecht-in-eure-stadien-regnet-es-rein,palestinians,3,3,0,0,0,0,0,0,0,0,0,0,0,0,0,0,0.0,0.0,0.0,0.0
2024_06_29_in-eure-stadien-regnet-es-rein,general_journalists,2,2,0,0,0,0,0,0,0,0,0,0,0,0,0,0,0.0,0.0,0.0,0.0
2024_06_29_in-eure-stadien-regnet-es-rein,israelis,1,1,1,0,0,0,0,0,0,0,0,0,0,0,0,0,1.0,0.0,0.0,0.0
2024_06_29_in-eure-stadien-regnet-es-rein,palestinians,4,4,1,0,0,0,0,0,0,0,0,0,0,0,0,0,0.25,0.0,0.0,0.0
2024_06_29_zweifel-an-bidens-kandidatur,israelis,2,1,1,0,0,0,0,0,0,0,0,0,0,0,0,0,0.5,0.0,0.0,0.0
2024_06_29_zweifel-an-bidens-kandidatur,palestinians,1,1,0,0,0,0,0,0,0,0,0,0,0,0,0,0,0.0,0.0,0.0,0.0
2024_06_30_diesmal-geht-es-nicht-ums-k-mpfen,palestinians,1,1,0,0,0,0,0,0,0,0,0,0,0,0,0,0,0.0,0.0,0.0,0.0
2024_06_30_ex-geisel-tritt-gegen-hass-auf,israelis,2,2,0,0,0,0,0,0,0,0,0,0,0,0,0,0,0.0,0.0,0.0,0.0
2024_07_01_biden-gegen-biden,palestinians,1,1,0,0,0,0,0,0,0,0,0,0,0,0,0,0,0.0,0.0,0.0,0.0
2024_07_01_verl-sslich-engagiert,general_journalists,3,3,1,0,0,0,0,0,0,0,0,0,0,0,0,0,0.3333,0.0,0.0,0.0
2024_07_01_verl-sslich-engagiert,israelis,1,1,1,0,0,0,0,0,0,0,0,0,0,0,0,0,1.0,0.0,0.0,0.0
2024_07_01_verl-sslich-engagiert,palestinians,1,1,1,0,0,0,0,0,0,0,0,0,0,0,0,0,1.0,0.0,0.0,0.0
2024_07_02_ein-krieg-zwischen-israel-und-der-hisbollah-ist-fast-unausweichlich,israelis,5,5,1,0,0,1,0,0,0,0,0,0,0,0,0,0,0.2,0.0,0.2,0.0
2024_07_02_ein-urteil-mit-sprengkraft,israelis,5,5,2,0,0,1,0,0,0,0,0,0,0,0,0,0,0.4,0.0,0.2,0.0
2024_07_02_ein-urteil-mit-sprengkraft,palestinians,1,1,1,0,0,0,0,0,0,0,0,0,0,0,0,0,1.0,0.0,0.0,0.0
2024_07_02_kommt-es-zum-krieg-in-libanon,israelis,13,13,12,1,0,4,0,0,0,0,0,0,0,0,0,0,0.9231,0.0769,0.3077,0.5
2024_07_02_kommt-es-zum-krieg-in-libanon,palestinians,1,1,1,0,0,0,0,0,0,0,0,0,0,0,0,0,1.0,0.0,0.0,0.0
2024_07_03_der-n-chste-krieg,israelis,5,5,1,1,0,1,0,0,0,0,0,0,0,0,0,0,0.2,0.2,0.2,0.5
2024_07_03_pingpong-bis-zum-tod,israelis,3,3,1,0,0,0,0,0,0,0,0,0,0,0,0,0,0.3333,0.0,0.0,0.0
2024_07_03_pingpong-bis-zum-tod,palestinians,19,19,8,1,0,5,0,0,0,0,0,0,0,0,0,0,0.4211,0.0526,0.2632,0.5
2024_07_04_die-last-der-jugend,general_journalists,2,2,1,0,0,2,0,0,0,0,0,0,0,0,0,0,0.5,0.0,1.0,0.0
2024_07_04_ein-tag-der-freude-und-des-stolzes,israelis,2,2,1,0,0,0,0,0,0,0,0,0,0,0,0,0,0.5,0.0,0.0,0.0
2024_07_05_hamas-legt-israel-neues-angebot-vor,general_journalists,2,2,2,0,0,1,0,0,0,0,0,0,0,0,0,0,1.0,0.0,0.5,0.0
2024_07_05_hamas-legt-israel-neues-angebot-vor,israelis,10,9,7,0,0,0,0,0,0,0,0,0,0,0,0,0,0.7,0.0,0.0,0.0
2024_07_05_hamas-legt-israel-neues-angebot-vor,palestinians,4,4,2,0,0,0,0,0,0,0,0,0,0,0,0,1,0.5,0.0,0.0,-1.0
2024_07_05_man-hat-seit-dem-7-oktober-zwei-leben,israelis,2,2,2,0,1,0,0,0,0,0,0,0,0,0,0,4,1.0,0.0,0.0,-4.0
2024_07_05_man-hat-seit-dem-7-oktober-zwei-leben,palestinians,13,12,11,0,0,7,0,0,0,0,0,0,0,0,0,5,0.8462,0.0,0.5385,-5.0
2024_07_05_neubauers-umwelt,palestinians,1,1,0,0,0,1,0,0,0,0,0,0,0,0,0,0,0.0,0.0,1.0,0.0
2024_07_06_die-berlebende,israelis,3,3,1,0,0,0,0,0,0,0,0,0,0,0,0,0,0.3333,0.0,0.0,0.0
2024_07_06_die-berlebende,palestinians,4,4,2,0,0,0,0,0,0,0,0,0,0,0,0,0,0.5,0.0,0.0,0.0
2024_07_06_die-wurzeln-allen-bels,israelis,2,2,1,0,0,0,0,0,0,0,0,0,0,0,0,0,0.5,0.0,0.0,0.0
2024_07_06_die-wurzeln-allen-bels,palestinians,2,2,0,0,0,0,0,0,0,0,0,0,0,0,0,0,0.0,0.0,0.0,0.0
2024_07_06_ich-habe-nicht-die-absicht-den-diskurs-zu-verengen,general_journalists,3,3,1,0,0,0,0,0,0,0,0,0,0,0,0,0,0.3333,0.0,0.0,0.0
2024_07_06_ich-habe-nicht-die-absicht-den-diskurs-zu-verengen,israelis,2,2,0,0,0,1,0,0,0,0,0,0,0,0,0,0,0.0,0.0,0.5,0.0
2024_07_06_ich-habe-nicht-die-absicht-den-diskurs-zu-verengen,palestinians,2,2,0,0,0,2,0,0,0,0,0,0,0,0,0,0,0.0,0.0,1.0,0.0
2024_07_08_beeindruckender-dokumentarfilm,israelis,1,1,0,0,0,0,0,0,0,0,0,0,0,0,0,0,0.0,0.0,0.0,0.0
2024_07_08_beeindruckender-dokumentarfilm,palestinians,1,1,1,0,0,0,0,0,0,0,0,0,0,0,0,0,1.0,0.0,0.0,0.0
2024_07_08_harte-strafen-werden-die-tiefer-liegenden-probleme-nicht-l-sen,israelis,2,2,1,0,0,0,1,0,0,0,0,0,0,0,0,0,0.5,0.0,0.0,2.0
2024_07_08_harte-strafen-werden-die-tiefer-liegenden-probleme-nicht-l-sen,palestinians,3,3,1,0,0,0,0,0,0,0,0,0,0,0,0,2,0.3333,0.0,0.0,-2.0
2024_07_08_israelische-armee-r-ckt-in-gaza-stadt-vor,israelis,1,1,0,0,0,0,0,0,0,0,0,0,0,0,0,0,0.0,0.0,0.0,0.0
2024_07_09_harte-strafen-werden-die-probleme-nicht-l-sen,israelis,2,2,1,0,0,0,1,0,0,0,0,0,0,0,0,0,0.5,0.0,0.0,2.0
2024_07_09_harte-strafen-werden-die-probleme-nicht-l-sen,palestinians,3,3,1,0,0,0,0,0,0,0,0,0,0,0,0,2,0.3333,0.0,0.0,-2.0
2024_07_09_israel-soll-schule-angegriffen-haben-armee-will-berichte-pr-fen,israelis,2,2,1,0,0,0,0,0,0,0,0,0,0,0,0,0,0.5,0.0,0.0,0.0
2024_07_09_israel-soll-schule-angegriffen-haben-armee-will-berichte-pr-fen,palestinians,1,1,0,0,0,0,0,0,0,0,0,0,0,0,0,0,0.0,0.0,0.0,0.0
2024_07_09_kundgebung-gegen-antisemitismus-und-israelfeindschaft,israelis,7,6,4,0,0,4,0,0,0,0,0,0,0,0,0,1,0.5714,0.0,0.5714,-1.0
2024_07_09_kundgebung-gegen-antisemitismus-und-israelfeindschaft,palestinians,2,2,1,0,0,1,0,0,0,0,0,0,0,0,0,0,0.5,0.0,0.5,0.0
2024_07_09_nat-rlich-sehen-die-ukrainer-solche-angriffe-als-versuchten-v-lkermord,israelis,1,1,1,0,0,1,0,0,0,0,0,0,0,0,0,0,1.0,0.0,1.0,0.0
2024_07_09_nat-rlich-sehen-die-ukrainer-solche-angriffe-als-versuchten-v-lkermord,palestinians,1,1,0,0,0,1,0,0,0,0,0,0,0,0,0,0,0.0,0.0,1.0,0.0
2024_07_09_schwere-k-mpfe-im-gazastreifen,israelis,1,1,1,0,0,0,0,0,0,0,0,0,0,0,0,0,1.0,0.0,0.0,0.0
2024_07_09_schwere-k-mpfe-im-gazastreifen,palestinians,3,3,2,0,0,0,0,0,0,0,0,0,0,0,0,0,0.6667,0.0,0.0,0.0
2024_07_10_gegen-antisemitismus-und-israelfeindschaft,israelis,7,7,4,0,0,3,0,0,0,0,0,0,0,0,0,1,0.5714,0.0,0.4286,-1.0
2024_07_10_gegen-antisemitismus-und-israelfeindschaft,palestinians,2,2,1,0,0,1,0,0,0,0,0,0,0,0,0,0,0.5,0.0,0.5,0.0
2024_07_10_israel-ruft-einwohner-von-gaza-stadt-zur-flucht-auf,israelis,2,2,2,0,0,0,0,0,0,0,0,0,0,0,0,0,1.0,0.0,0.0,0.0
2024_07_10_israel-ruft-einwohner-von-gaza-stadt-zur-flucht-auf,palestinians,1,1,1,0,0,0,0,0,0,0,0,0,0,0,0,0,1.0,0.0,0.0,0.0
2024_07_10_nachrichten-am-10-juli-2024,israelis,2,2,1,0,0,0,0,0,0,0,0,0,0,0,0,0,0.5,0.0,0.0,0.0
2024_07_10_russland-nimmt-das-in-kauf,israelis,1,1,1,0,0,1,0,0,0,0,0,0,0,0,0,0,1.0,0.0,1.0,0.0
2024_07_10_russland-nimmt-das-in-kauf,palestinians,1,1,1,0,0,1,0,0,0,0,0,0,0,0,0,0,1.0,0.0,1.0,0.0
2024_07_10_schwere-k-mpfe-in-gaza,israelis,1,1,1,0,0,0,0,0,0,0,0,0,0,0,0,0,1.0,0.0,0.0,0.0
2024_07_10_schwere-k-mpfe-in-gaza,palestinians,4,3,2,0,0,0,0,0,0,0,0,0,0,0,0,0,0.5,0.0,0.0,0.0
2024_07_11_berichte-usa-geben-schwere-bomben-f-r-israel-frei,israelis,2,2,1,0,0,0,0,0,0,0,0,0,0,0,0,0,0.5,0.0,0.0,0.0
2024_07_11_protesttheater-schlecht-performt,general_journalists,1,1,0,0,0,1,0,0,0,0,0,0,0,0,0,0,0.0,0.0,1.0,0.0
2024_07_11_protesttheater-schlecht-performt,palestinians,1,1,1,0,0,0,0,0,0,0,0,0,0,0,0,1,1.0,0.0,0.0,-1.0
2024_07_11_sabotage-von-ganz-oben,general_journalists,3,3,3,1,0,1,0,0,0,0,0,0,0,0,0,1,1.0,0.3333,0.3333,-0.5
2024_07_11_sabotage-von-ganz-oben,israelis,14,13,6,1,0,2,0,0,0,0,0,0,0,0,0,3,0.4286,0.0714,0.1429,-2.5
2024_07_11_sabotage-von-ganz-oben,palestinians,2,2,0,0,0,0,0,1,0,0,0,0,0,0,0,0,0.0,0.0,0.0,1.5
2024_07_11_warten-auf-den-krieg,israelis,11,11,6,0,0,1,0,0,0,0,0,0,0,0,0,0,0.5455,0.0,0.0909,0.0
2024_07_11_warten-auf-den-krieg,palestinians,4,4,0,0,0,0,0,0,1,0,0,0,0,0,0,0,0.0,0.0,0.0,2.0
2024_07_13_helfer-im-fadenkreuz,general_journalists,1,1,0,0,0,1,0,0,0,0,0,0,0,0,0,0,0.0,0.0,1.0,0.0
2024_07_13_helfer-im-fadenkreuz,israelis,12,12,9,0,0,3,0,0,0,0,0,0,0,0,0,0,0.75,0.0,0.25,0.0
2024_07_13_helfer-im-fadenkreuz,palestinians,18,18,8,0,0,6,0,0,0,0,0,0,0,0,2,1,0.4444,0.0,0.3333,0.0
2024_07_13_israels-armee-dokumentiert-ihr-versagen,general_journalists,1,1,0,1,0,0,0,0,0,0,0,0,0,0,0,0,0.0,1.0,0.0,0.5
2024_07_13_israels-armee-dokumentiert-ihr-versagen,israelis,3,3,2,0,0,1,0,0,0,0,0,0,0,0,0,0,0.6667,0.0,0.3333,0.0
2024_07_13_israels-armee-dokumentiert-ihr-versagen,palestinians,1,1,1,0,0,1,0,0,0,0,0,0,0,0,0,0,1.0,0.0,1.0,0.0
2024_07_13_was-ber-israels-angriff-auf-den-milit-rchef-der-hamas-bekannt-ist,general_journalists,2,2,1,0,0,0,0,0,0,0,0,0,0,0,0,0,0.5,0.0,0.0,0.0
2024_07_13_was-ber-israels-angriff-auf-den-milit-rchef-der-hamas-bekannt-ist,israelis,18,18,13,2,0,3,0,0,0,0,0,0,0,0,1,0,0.7222,0.1111,0.1667,1.5
2024_07_13_was-ber-israels-angriff-auf-den-milit-rchef-der-hamas-bekannt-ist,palestinians,4,4,2,0,0,1,0,0,0,0,0,0,0,0,0,1,0.5,0.0,0.25,-1.0
2024_07_13_wer-bernimmt-das-kulturreferat,israelis,1,1,1,0,0,0,0,0,0,0,0,0,0,0,0,0,1.0,0.0,0.0,0.0
2024_07_13_wer-bernimmt-das-kulturreferat,palestinians,1,1,1,0,0,0,0,0,0,0,0,0,0,0,0,0,1.0,0.0,0.0,0.0
2024_07_14_das-grauen-geht-immer-weiter,israelis,3,3,3,0,0,1,0,0,0,0,0,0,0,0,0,0,1.0,0.0,0.3333,0.0
2024_07_14_das-grauen-geht-immer-weiter,palestinians,2,2,0,0,0,0,0,0,0,0,0,0,0,0,0,0,0.0,0.0,0.0,0.0
2024_07_14_reden-ist-besser-als-klagen,israelis,2,2,1,0,0,0,0,0,0,0,0,0,0,0,0,0,0.5,0.0,0.0,0.0
2024_07_14_reden-ist-besser-als-klagen,palestinians,1,1,0,0,0,1,0,0,0,0,0,0,0,0,0,0,0.0,0.0,1.0,0.0
2024_07_15_ausgang-ungewiss,general_journalists,1,1,1,0,0,0,0,0,0,0,0,0,0,0,0,0,1.0,0.0,0.0,0.0
2024_07_15_ausgang-ungewiss,israelis,12,12,8,1,0,2,0,0,0,0,0,0,0,0,0,2,0.6667,0.0833,0.1667,-1.5
2024_07_15_ausgang-ungewiss,palestinians,6,5,5,1,0,1,0,0,0,0,0,0,0,0,0,2,0.8333,0.1667,0.1667,-1.5
2024_07_15_das-grauen-geht-weiter,israelis,2,2,2,0,0,1,0,0,0,0,0,0,0,0,0,0,1.0,0.0,0.5,0.0
2024_07_15_das-grauen-geht-weiter,palestinians,1,1,0,0,0,0,0,0,0,0,0,0,0,0,0,0,0.0,0.0,0.0,0.0
2024_07_15_f-r-uns-journalisten-ist-das-der-t-dlichste-ort,general_journalists,45,44,32,5,0,13,0,0,0,1,0,0,0,0,1,2,0.7111,0.1111,0.2889,3.0
2024_07_15_f-r-uns-journalisten-ist-das-der-t-dlichste-ort,israelis,14,13,8,0,0,3,0,0,0,0,0,0,0,0,0,0,0.5714,0.0,0.2143,0.0
2024_07_15_f-r-uns-journalisten-ist-das-der-t-dlichste-ort,palestinians,19,18,7,1,0,8,0,0,0,0,0,0,0,0,1,0,0.3684,0.0526,0.4211,1.0
2024_07_15_israel-hamas-will-schicksal-von-milit-rchef-verschleiern,israelis,2,2,1,0,0,0,0,0,0,0,0,0,0,0,0,0,0.5,0.0,0.0,0.0
2024_07_15_israel-hamas-will-schicksal-von-milit-rchef-verschleiern,palestinians,1,1,1,0,0,0,0,0,0,0,0,0,0,0,0,0,1.0,0.0,0.0,0.0
2024_07_15_mal-miteinander-reden,israelis,2,2,1,0,0,0,0,0,0,0,0,0,0,0,0,0,0.5,0.0,0.0,0.0
2024_07_15_mal-miteinander-reden,palestinians,1,1,0,0,0,1,0,0,0,0,0,0,0,0,0,0,0.0,0.0,1.0,0.0
2024_07_15_mutma-liches-hisbollah-mitglied-in-salzgitter-verhaftet,israelis,2,2,2,0,0,1,0,0,0,0,0,0,0,0,0,0,1.0,0.0,0.5,0.0
2024_07_15_mutma-liches-hisbollah-mitglied-in-salzgitter-verhaftet,palestinians,1,1,0,0,0,0,0,0,0,0,0,0,0,0,0,0,0.0,0.0,0.0,0.0
2024_07_16_luftangriff-auf-fl-chtlingslager,israelis,2,1,2,0,0,0,0,0,0,0,0,0,0,0,0,2,1.0,0.0,0.0,-2.0
2024_07_16_luftangriff-auf-fl-chtlingslager,palestinians,3,3,1,1,0,0,0,0,0,0,0,0,0,0,0,0,0.3333,0.3333,0.0,0.5
2024_07_16_musik-genie-en-und-gutes-tun,israelis,1,1,1,0,0,0,0,0,0,0,0,0,0,0,0,0,1.0,0.0,0.0,0.0
2024_07_16_musik-genie-en-und-gutes-tun,palestinians,3,3,0,0,0,1,0,0,0,0,0,0,0,0,0,4,0.0,0.0,0.3333,-4.0
2024_07_17_angriff-auf-fl-chtlingslager,israelis,2,1,2,0,0,0,0,0,0,0,0,0,0,0,0,2,1.0,0.0,0.0,-2.0
2024_07_17_angriff-auf-fl-chtlingslager,palestinians,3,3,1,1,0,0,0,0,0,0,0,0,0,0,0,0,0.3333,0.3333,0.0,0.5
2024_07_17_angriffe-auf-gazastreifen-dauern-an,israelis,2,2,2,0,0,0,0,0,0,0,0,0,0,0,0,0,1.0,0.0,0.0,0.0
2024_07_17_angriffe-auf-gazastreifen-dauern-an,palestinians,2,2,0,0,0,0,0,0,0,0,0,0,0,0,0,2,0.0,0.0,0.0,-2.0
2024_07_17_brennt-gaza-brennt-die-schule,palestinians,4,4,2,0,0,2,0,0,0,0,0,0,0,0,0,0,0.5,0.0,0.5,0.0
2024_07_17_nur-noch-kurz-die-welt-retten,palestinians,1,1,0,0,0,1,0,0,0,0,0,0,0,0,0,0,0.0,0.0,1.0,0.0
2024_07_18_armee-setzt-angriffe-fort,israelis,2,2,2,0,0,0,0,0,0,0,0,0,0,0,0,0,1.0,0.0,0.0,0.0
2024_07_18_armee-setzt-angriffe-fort,palestinians,2,2,0,0,0,0,0,0,0,0,0,0,0,0,0,2,0.0,0.0,0.0,-2.0
2024_07_18_knesset-verabschiedet-resolution-gegen-pal-stinensischen-staat,palestinians,1,1,0,0,0,0,0,0,0,0,0,0,0,0,0,0,0.0,0.0,0.0,0.0
2024_07_19_das-h-chste-un-gericht-erh-ht-den-druck-auf-israel,israelis,14,14,10,2,0,5,0,0,0,0,0,0,0,0,0,0,0.7143,0.1429,0.3571,1.0
2024_07_19_das-h-chste-un-gericht-erh-ht-den-druck-auf-israel,palestinians,3,3,0,0,0,1,0,0,0,0,0,0,0,0,0,0,0.0,0.0,0.3333,0.0
2024_07_19_die-unverw-stliche,palestinians,2,2,2,0,0,1,0,0,0,0,0,0,0,0,0,4,1.0,0.0,0.5,-4.0
2024_07_19_sie-wollte-eine-revanche-gegen-macron-und-sie-hat-sie-bekommen,israelis,2,1,1,0,0,0,0,0,0,0,0,0,0,0,0,0,0.5,0.0,0.0,0.0
2024_07_19_sie-wollte-eine-revanche-gegen-macron-und-sie-hat-sie-bekommen,palestinians,1,1,0,0,0,0,0,0,0,0,0,0,0,0,1,0,0.0,0.0,0.0,0.5
2024_07_19_wem-galt-der-luftangriff,general_journalists,7,6,4,1,0,5,0,0,0,0,0,0,0,0,0,1,0.5714,0.1429,0.7143,-0.5
2024_07_19_wem-galt-der-luftangriff,israelis,3,3,1,0,0,0,0,0,1,0,0,0,0,0,0,0,0.3333,0.0,0.0,2.0
2024_07_19_wem-galt-der-luftangriff,palestinians,9,9,5,1,0,2,0,0,1,0,0,0,0,0,0,3,0.5556,0.1111,0.2222,-0.5
2024_07_20_den-haag-erh-ht-den-druck-auf-israel,israelis,14,14,10,2,0,5,0,0,0,0,0,0,0,0,0,0,0.7143,0.1429,0.3571,1.0
2024_07_20_den-haag-erh-ht-den-druck-auf-israel,palestinians,3,3,0,0,0,1,0,0,0,0,0,0,0,0,0,0,0.0,0.0,0.3333,0.0
2024_07_20_der-todesstreifen,general_journalists,2,2,1,0,0,0,0,0,0,0,0,0,0,0,0,0,0.5,0.0,0.0,0.0
2024_07_20_der-todesstreifen,israelis,2,2,0,0,0,1,0,0,0,0,0,0,0,0,0,0,0.0,0.0,0.5,0.0
2024_07_20_der-todesstreifen,palestinians,10,10,7,0,0,2,0,0,0,0,0,0,0,0,0,0,0.7,0.0,0.2,0.0
2024_07_20_ya-l-braun-pivet,israelis,2,1,1,0,0,0,0,0,0,0,0,0,0,0,0,0,0.5,0.0,0.0,0.0
2024_07_20_ya-l-braun-pivet,palestinians,1,1,0,0,0,0,0,0,0,0,0,0,0,0,1,0,0.0,0.0,0.0,0.5
2024_07_21_die-huthi-k-nnten-den-gaza-krieg-auf-die-gesamte-region-ausweiten,israelis,4,4,2,0,0,0,0,0,0,0,0,0,0,0,0,0,0.5,0.0,0.0,0.0
2024_07_21_die-huthi-k-nnten-den-gaza-krieg-auf-die-gesamte-region-ausweiten,palestinians,2,2,2,0,0,0,0,0,0,0,0,0,0,0,0,0,1.0,0.0,0.0,0.0
2024_07_21_wer-wird-biden-beerben,palestinians,1,1,0,1,0,0,0,0,0,0,0,0,0,0,0,0,0.0,1.0,0.0,0.5
2024_07_22_israel-k-ndigt-gespr-che-mit-hamas-an,israelis,1,1,1,0,0,0,0,0,0,0,0,0,0,0,0,0,1.0,0.0,0.0,0.0
2024_07_22_israel-k-ndigt-gespr-che-mit-hamas-an,palestinians,1,1,1,0,0,0,0,0,0,0,0,0,0,0,0,0,1.0,0.0,0.0,0.0
2024_07_22_israels-brennende-botschaft-an-iran,general_journalists,2,2,0,0,0,1,0,0,0,0,0,0,0,0,0,0,0.0,0.0,0.5,0.0
2024_07_22_israels-brennende-botschaft-an-iran,israelis,9,9,6,0,0,2,0,0,0,0,0,0,0,0,0,0,0.6667,0.0,0.2222,0.0
2024_07_22_israels-brennende-botschaft-an-iran,palestinians,1,1,1,0,0,0,0,0,0,0,0,0,0,0,0,0,1.0,0.0,0.0,0.0
2024_07_22_nachrichten-vom-22-juli-2024,israelis,2,2,1,0,0,0,0,0,0,0,0,0,0,0,0,0,0.5,0.0,0.0,0.0
2024_07_22_sprengkopf-solidarit-t,israelis,3,3,2,0,0,0,0,0,0,0,0,0,0,0,0,0,0.6667,0.0,0.0,0.0
2024_07_22_sprengkopf-solidarit-t,palestinians,3,3,2,0,0,0,0,0,0,0,0,0,0,0,0,0,0.6667,0.0,0.0,0.0
2024_07_22_wer-kann-joe-biden-beerben,palestinians,1,1,0,1,0,0,0,0,0,0,0,0,0,0,0,0,0.0,1.0,0.0,0.5
2024_07_22_zulasten-der-meinungsfreiheit,general_journalists,2,2,1,0,0,0,0,0,0,0,0,0,0,0,0,0,0.5,0.0,0.0,0.0
2024_07_22_zulasten-der-meinungsfreiheit,israelis,4,4,1,0,0,2,0,0,0,0,0,0,0,0,1,2,0.25,0.0,0.5,-1.5
2024_07_22_zulasten-der-meinungsfreiheit,palestinians,2,2,0,0,0,1,0,0,0,0,0,0,0,0,1,0,0.0,0.0,0.5,0.5
2024_07_23_der-spiegelvorhalter,palestinians,1,1,1,0,0,0,0,0,0,0,0,0,0,0,0,0,1.0,0.0,0.0,0.0
2024_07_23_die-pal-stinenser-schlie-en-untereinander-eine-art-frieden-immerhin-besser-als-n,general_journalists,1,1,1,0,0,0,0,0,0,0,0,0,0,0,0,0,1.0,0.0,0.0,0.0
2024_07_23_die-pal-stinenser-schlie-en-untereinander-eine-art-frieden-immerhin-besser-als-n,israelis,2,2,1,0,0,0,0,0,0,0,0,0,0,0,0,0,0.5,0.0,0.0,0.0
2024_07_23_die-pal-stinenser-schlie-en-untereinander-eine-art-frieden-immerhin-besser-als-n,palestinians,6,6,3,0,0,0,0,0,1,0,0,0,0,0,0,0,0.5,0.0,0.0,2.0
2024_07_23_flaschenpost-der-geschichte,israelis,7,7,5,0,0,1,0,0,0,0,0,0,0,0,0,0,0.7143,0.0,0.1429,0.0
2024_07_23_flaschenpost-der-geschichte,palestinians,2,2,2,0,0,0,0,0,0,0,0,0,0,0,0,2,1.0,0.0,0.0,-2.0
2024_07_23_harmonie-in-zeiten-des-hasses,general_journalists,1,1,0,0,0,0,0,0,0,0,0,0,0,0,0,0,0.0,0.0,0.0,0.0
2024_07_23_harmonie-in-zeiten-des-hasses,palestinians,1,1,0,0,0,0,0,0,0,0,0,0,0,0,0,0,0.0,0.0,0.0,0.0
2024_07_23_netanjahu-auf-heikler-mission,israelis,11,10,6,1,0,3,0,0,0,0,0,0,0,0,0,0,0.5455,0.0909,0.2727,0.5
2024_07_23_netanjahu-auf-heikler-mission,palestinians,2,2,0,0,0,1,0,0,0,0,0,0,0,0,0,0,0.0,0.0,0.5,0.0
2024_07_23_netanjahu-unter-druck-warum-er-in-die-usa-reist,israelis,1,1,0,0,0,0,0,0,0,0,0,0,0,0,0,0,0.0,0.0,0.0,0.0
2024_07_23_netanjahu-unter-druck-warum-er-in-die-usa-reist,palestinians,1,1,1,0,0,1,0,0,0,0,0,0,0,0,0,0,1.0,0.0,1.0,0.0
2024_07_23_paris-muss-alles-daf-r-tun-dass-es-nicht-zu-attentaten-auf-israelische-athleten-,israelis,17,15,6,3,0,3,0,0,0,0,0,0,0,0,0,0,0.3529,0.1765,0.1765,1.5
2024_07_23_paris-muss-alles-daf-r-tun-dass-es-nicht-zu-attentaten-auf-israelische-athleten-,palestinians,6,6,2,0,0,0,0,0,0,0,0,0,0,0,0,0,0.3333,0.0,0.0,0.0
2024_07_23_was-kann-joe-biden-jetzt-noch-ausrichten,israelis,1,1,0,1,0,0,0,0,0,0,0,0,0,0,0,0,0.0,1.0,0.0,0.5
2024_07_23_was-kann-joe-biden-jetzt-noch-ausrichten,palestinians,1,1,0,0,0,0,0,0,0,0,0,0,0,0,0,0,0.0,0.0,0.0,0.0
2024_07_23_wir-danken-allen-die-uns-aus-gaza-herausgeholfen-haben,israelis,3,3,1,0,0,0,0,0,0,0,0,0,0,0,0,0,0.3333,0.0,0.0,0.0
2024_07_23_wir-danken-allen-die-uns-aus-gaza-herausgeholfen-haben,palestinians,22,22,16,1,0,2,0,0,0,0,0,0,0,0,0,7,0.7273,0.0455,0.0909,-6.5
2024_07_24_andrea-kiewel-darf-nicht-mehr-mit-israel-kette-auftreten,general_journalists,1,1,1,0,0,0,0,0,0,0,0,0,0,0,0,0,1.0,0.0,0.0,0.0
2024_07_24_andrea-kiewel-darf-nicht-mehr-mit-israel-kette-auftreten,israelis,5,5,1,0,2,5,0,0,0,0,0,0,0,0,0,0,0.2,0.0,1.0,0.0
2024_07_24_andrea-kiewel-darf-nicht-mehr-mit-israel-kette-auftreten,palestinians,1,1,0,0,0,1,0,0,0,0,0,0,0,0,0,0,0.0,0.0,1.0,0.0
2024_07_24_china-will-pal-stinenser-geeint-haben,general_journalists,1,1,1,0,0,0,0,0,0,0,0,0,0,0,0,0,1.0,0.0,0.0,0.0
2024_07_24_china-will-pal-stinenser-geeint-haben,israelis,8,7,3,0,0,0,0,0,0,0,0,0,0,0,0,0,0.375,0.0,0.0,0.0
2024_07_24_china-will-pal-stinenser-geeint-haben,palestinians,8,7,5,0,0,1,0,0,0,0,0,0,0,0,0,0,0.625,0.0,0.125,0.0
2024_07_24_eine-koalition-mit-der-hamas,general_journalists,1,1,1,0,0,0,0,0,0,0,0,0,0,0,0,0,1.0,0.0,0.0,0.0
2024_07_24_eine-koalition-mit-der-hamas,israelis,2,2,1,0,0,0,0,0,0,0,0,0,0,0,0,0,0.5,0.0,0.0,0.0
2024_07_24_eine-koalition-mit-der-hamas,palestinians,5,5,2,0,0,0,0,0,0,0,0,0,0,0,0,0,0.4,0.0,0.0,0.0
2024_07_24_israels-athleten-brauchen-schutz,israelis,11,10,2,1,0,2,0,0,0,0,0,0,0,0,0,0,0.1818,0.0909,0.1818,0.5
2024_07_24_israels-athleten-brauchen-schutz,palestinians,6,6,2,0,0,0,0,0,0,0,0,0,0,0,0,0,0.3333,0.0,0.0,0.0
2024_07_24_man-hat-immer-das-gef-hl-er-schreibt-ber-mich,israelis,3,3,1,0,0,1,0,0,0,0,0,0,0,0,0,0,0.3333,0.0,0.3333,0.0
2024_07_24_man-hat-immer-das-gef-hl-er-schreibt-ber-mich,palestinians,1,1,0,0,0,1,0,0,0,0,0,0,0,0,0,0,0.0,0.0,1.0,0.0
2024_07_24_netanjahu-skizziert-zukunft-f-r-gaza-bleibt-aber-vage,israelis,1,1,0,0,0,0,0,0,0,0,0,0,0,0,0,0,0.0,0.0,0.0,0.0
2024_07_24_netanjahu-skizziert-zukunft-f-r-gaza-bleibt-aber-vage,palestinians,2,2,1,0,0,0,0,0,0,0,0,0,0,0,0,0,0.5,0.0,0.0,0.0
2024_07_24_wir-werden-gehasst-weil-wir-das-richtige-machen,israelis,7,7,3,0,0,2,0,0,0,0,0,0,0,0,0,1,0.4286,0.0,0.2857,-1.0
2024_07_24_wir-werden-gehasst-weil-wir-das-richtige-machen,palestinians,6,6,2,0,0,3,0,0,0,0,0,0,0,0,0,0,0.3333,0.0,0.5,0.0
2024_07_25_das-gef-hrliche-geschw-tz-vom-genozid-in-gaza,israelis,3,3,1,0,0,1,0,0,0,0,0,0,0,0,0,0,0.3333,0.0,0.3333,0.0
2024_07_25_das-gef-hrliche-geschw-tz-vom-genozid-in-gaza,palestinians,2,2,0,0,0,2,0,0,0,0,0,0,0,0,0,0,0.0,0.0,1.0,0.0
2024_07_25_in-washington-zeigt-netanjahu-wieder-all-seine-schw-chen-er-bringt-so-auch-sein-,israelis,5,5,1,0,0,1,0,0,0,0,0,0,0,0,0,0,0.2,0.0,0.2,0.0
2024_07_25_in-washington-zeigt-netanjahu-wieder-all-seine-schw-chen-er-bringt-so-auch-sein-,palestinians,2,2,1,0,0,0,0,0,0,0,0,0,0,0,0,0,0.5,0.0,0.0,0.0
2024_07_25_netanjahu-dankt-biden-f-r-50-jahre-unterst-tzung-geiselfamilien-hoffen-auf-deal,israelis,4,4,2,1,0,0,0,0,0,0,0,0,0,0,0,0,0.5,0.25,0.0,0.5
2024_07_25_unsere-feinde-sind-eure-feinde-unser-sieg-ist-euer-sieg,israelis,17,15,12,0,0,12,0,0,0,0,0,0,0,0,0,0,0.7059,0.0,0.7059,0.0
2024_07_25_unsere-feinde-sind-eure-feinde-unser-sieg-ist-euer-sieg,palestinians,5,5,1,0,0,5,0,0,0,0,0,0,0,0,0,0,0.2,0.0,1.0,0.0
2024_07_25_weg-ist-das-ziel,general_journalists,2,2,1,0,0,0,0,0,0,0,0,0,0,0,0,0,0.5,0.0,0.0,0.0
2024_07_25_weg-ist-das-ziel,israelis,1,1,0,0,0,0,0,0,0,0,0,0,0,0,0,0,0.0,0.0,0.0,0.0
2024_07_25_weg-ist-das-ziel,palestinians,3,3,1,0,0,0,0,0,0,0,0,0,0,0,0,0,0.3333,0.0,0.0,0.0
2024_07_26_es-ist-an-der-zeit-diesen-krieg-zu-beenden,general_journalists,1,1,1,0,0,0,0,0,0,0,0,0,0,0,0,0,1.0,0.0,0.0,0.0
2024_07_26_es-ist-an-der-zeit-diesen-krieg-zu-beenden,israelis,9,7,5,1,0,2,0,0,0,0,0,0,0,0,0,0,0.5556,0.1111,0.2222,0.5
2024_07_26_es-ist-an-der-zeit-diesen-krieg-zu-beenden,palestinians,2,2,1,0,0,1,0,0,0,0,0,0,0,0,0,2,0.5,0.0,0.5,-2.0
2024_07_26_gef-hrliche-spielchen,israelis,4,4,1,0,0,1,0,0,0,0,0,0,0,0,0,0,0.25,0.0,0.25,0.0
2024_07_26_gef-hrliche-spielchen,palestinians,2,2,1,0,0,0,0,0,0,0,0,0,0,0,0,0,0.5,0.0,0.0,0.0
2024_07_26_mit-harris-wird-alles-gut-oder,israelis,1,1,0,0,0,0,0,0,0,0,0,0,0,0,1,0,0.0,0.0,0.0,0.5
2024_07_26_mit-harris-wird-alles-gut-oder,palestinians,1,1,1,0,0,0,0,0,0,0,0,0,0,0,1,0,1.0,0.0,0.0,0.5
2024_07_26_nachrichten-am-26-juli-2024,palestinians,1,1,0,0,2,1,0,0,0,0,0,0,0,0,0,0,0.0,0.0,1.0,0.0
2024_07_26_sie-sollen-ihren-ort-verlassen-aber-sie-wissen-nicht-wohin,israelis,3,3,2,1,0,1,0,0,0,0,0,0,0,0,0,1,0.6667,0.3333,0.3333,-0.5
2024_07_26_sie-sollen-ihren-ort-verlassen-aber-sie-wissen-nicht-wohin,palestinians,3,3,0,0,0,0,0,0,0,0,0,0,0,0,0,0,0.0,0.0,0.0,0.0
2024_07_26_sind-sie-ein-trump-versteher-herr-spahn,general_journalists,1,1,0,0,0,1,0,0,0,0,0,0,0,0,0,0,0.0,0.0,1.0,0.0
2024_07_26_sind-sie-ein-trump-versteher-herr-spahn,israelis,1,1,1,0,0,1,0,0,0,0,0,0,0,0,0,0,1.0,0.0,1.0,0.0
2024_07_26_unser-feind-euer-feind,israelis,14,13,11,0,0,10,0,0,0,0,0,0,0,0,0,0,0.7857,0.0,0.7143,0.0
2024_07_26_unser-feind-euer-feind,palestinians,7,7,1,0,0,4,0,0,0,0,0,0,0,0,1,0,0.1429,0.0,0.5714,0.5
2024_07_26_wie-ginge-es-weiter-wenn-die-waffen-ruhten,israelis,13,13,11,0,0,2,0,0,0,0,0,0,0,0,0,0,0.8462,0.0,0.1538,0.0
2024_07_26_wie-ginge-es-weiter-wenn-die-waffen-ruhten,palestinians,14,13,5,2,0,0,0,0,0,0,0,0,0,0,0,2,0.3571,0.1429,0.0,-1.0
2024_07_27_aus-schutt-und-asche,israelis,14,14,11,0,0,2,0,0,0,0,0,0,0,0,0,0,0.7857,0.0,0.1429,0.0
2024_07_27_aus-schutt-und-asche,palestinians,12,11,5,1,0,0,0,0,0,0,0,0,0,0,0,0,0.4167,0.0833,0.0,0.5
2024_07_27_licht-und-laser,israelis,1,1,0,0,0,0,0,0,0,0,0,0,0,0,0,0,0.0,0.0,0.0,0.0
2024_07_27_usa-dr-ngen-netanjahu,palestinians,1,1,1,0,0,1,0,0,0,0,0,0,0,0,0,0,1.0,0.0,1.0,0.0
2024_07_27_wohin,israelis,3,3,2,1,0,1,0,0,0,0,0,0,0,0,0,1,0.6667,0.3333,0.3333,-0.5
2024_07_27_wohin,palestinians,1,1,0,0,0,0,0,0,0,0,0,0,0,0,0,0,0.0,0.0,0.0,0.0
2024_07_27_zeit-den-krieg-zu-beenden,general_journalists,1,1,1,0,0,0,0,0,0,0,0,0,0,0,0,0,1.0,0.0,0.0,0.0
2024_07_27_zeit-den-krieg-zu-beenden,israelis,8,6,7,1,0,2,0,0,0,0,0,0,0,0,0,0,0.875,0.125,0.25,0.5
2024_07_27_zeit-den-krieg-zu-beenden,palestinians,1,1,0,0,0,1,0,0,0,0,0,0,0,0,0,0,0.0,0.0,1.0,0.0
2024_07_28_die-angst-vor-einem-fl-chenbrand-w-chst,general_journalists,2,2,1,1,0,0,0,0,0,0,0,0,0,0,0,0,0.5,0.5,0.0,0.5
2024_07_28_die-angst-vor-einem-fl-chenbrand-w-chst,israelis,13,10,6,0,0,1,0,0,0,0,0,0,0,0,0,0,0.4615,0.0,0.0769,0.0
2024_07_28_die-angst-vor-einem-fl-chenbrand-w-chst,palestinians,1,1,0,0,0,0,0,0,0,0,0,0,0,0,0,0,0.0,0.0,0.0,0.0
2024_07_28_eine-federleichte-mondscheing-ttin,palestinians,1,1,0,0,0,0,0,0,0,0,0,0,0,0,0,0,0.0,0.0,0.0,0.0
2024_07_28_erdo-an-droht-israel-mit-milit-rischer-einmischung,israelis,3,3,1,0,0,0,0,0,0,0,0,0,0,0,0,0,0.3333,0.0,0.0,0.0
2024_07_28_erdo-an-droht-israel-mit-milit-rischer-einmischung,palestinians,1,1,0,0,0,0,0,0,0,0,0,0,0,0,0,0,0.0,0.0,0.0,0.0
2024_07_29_ausstellungen,palestinians,1,1,1,0,0,0,0,0,0,0,0,0,0,0,0,0,1.0,0.0,0.0,0.0
2024_07_29_israel-und-die-hisbollah-wie-wahrscheinlich-ist-ein-krieg,israelis,11,7,6,1,0,2,0,0,0,0,0,0,0,0,0,5,0.5455,0.0909,0.1818,-4.5
2024_07_29_jerusalem-kann-einen-mehr-fronten-krieg-nicht-gewinnen,israelis,9,9,7,2,0,0,0,0,0,0,0,0,0,0,0,0,0.7778,0.2222,0.0,1.0
2024_07_29_jerusalem-kann-einen-mehr-fronten-krieg-nicht-gewinnen,palestinians,1,1,0,0,0,0,0,0,0,0,0,0,0,0,0,0,0.0,0.0,0.0,0.0
2024_07_29_warum-erdo-an-mit-dem-eingreifen-droht,israelis,15,14,10,2,0,1,0,0,0,0,0,0,0,0,0,3,0.6667,0.1333,0.0667,-2.0
2024_07_29_warum-erdo-an-mit-dem-eingreifen-droht,palestinians,4,3,0,0,0,0,0,0,0,0,0,0,0,0,0,0,0.0,0.0,0.0,0.0
2024_07_30_alles-ganz-normal-t-dlich,general_journalists,1,1,0,1,0,0,0,0,0,0,0,0,0,0,0,0,0.0,1.0,0.0,0.5
2024_07_30_alles-ganz-normal-t-dlich,israelis,3,3,3,0,0,0,0,0,0,0,0,0,0,0,0,0,1.0,0.0,0.0,0.0
2024_07_30_alles-ganz-normal-t-dlich,palestinians,2,2,1,0,0,0,0,0,0,0,0,0,0,0,0,0,0.5,0.0,0.0,0.0
2024_07_30_die-uhr-l-uft,israelis,16,15,10,3,0,1,0,0,0,0,0,0,0,0,0,3,0.625,0.1875,0.0625,-1.5
2024_07_30_die-uhr-l-uft,palestinians,4,3,0,0,0,0,0,0,0,0,0,0,0,0,0,0,0.0,0.0,0.0,0.0
2024_07_30_israel-kann-nicht-siegen,israelis,10,10,8,2,0,0,0,0,0,0,0,0,0,0,0,0,0.8,0.2,0.0,1.0
2024_07_30_israel-kann-nicht-siegen,palestinians,1,1,0,0,0,0,0,0,0,0,0,0,0,0,0,0,0.0,0.0,0.0,0.0
2024_07_30_ist-nicht-mein-krieg,israelis,32,29,14,2,0,3,0,0,0,0,0,0,0,0,0,3,0.4375,0.0625,0.0938,-2.0
2024_07_30_ist-nicht-mein-krieg,palestinians,8,7,2,1,0,1,0,0,1,0,0,0,0,0,0,0,0.25,0.125,0.125,2.5
2024_07_30_sturm-auf-milit-rbasen-spaltet-netanjahus-koalition,israelis,9,9,8,0,0,4,0,0,0,0,0,0,0,0,0,2,0.8889,0.0,0.4444,-2.0
2024_07_30_sturm-auf-milit-rbasen-spaltet-netanjahus-koalition,palestinians,2,2,1,0,0,2,0,0,0,0,1,0,0,0,0,0,0.5,0.0,1.0,2.5
2024_07_30_wer-wissen-will-was-schiefl-uft-in-libanon-der-schaue-auf-diesen-mann,israelis,3,3,1,0,0,1,0,0,0,0,0,0,0,0,0,0,0.3333,0.0,0.3333,0.0
2024_07_30_wer-wissen-will-was-schiefl-uft-in-libanon-der-schaue-auf-diesen-mann,palestinians,1,1,1,0,0,0,0,0,0,0,0,0,0,0,0,0,1.0,0.0,0.0,0.0
2024_07_31_chameneis-mann,israelis,1,1,1,0,0,0,0,0,0,0,0,0,0,0,0,0,1.0,0.0,0.0,0.0
2024_07_31_chameneis-mann,palestinians,2,2,1,0,0,0,0,0,0,0,0,0,0,0,1,1,0.5,0.0,0.0,-0.5
2024_07_31_der-terrorist-im-exil,israelis,6,6,4,1,0,0,0,0,0,0,0,0,0,0,0,0,0.6667,0.1667,0.0,0.5
2024_07_31_der-terrorist-im-exil,palestinians,6,6,2,0,0,0,0,0,0,0,0,0,0,0,0,1,0.3333,0.0,0.0,-1.0
2024_07_31_die-letzten-stunden-des-ismail-hanija,israelis,26,23,11,2,0,2,0,0,0,0,0,0,0,0,0,0,0.4231,0.0769,0.0769,1.0
2024_07_31_die-letzten-stunden-des-ismail-hanija,palestinians,24,21,9,0,0,6,0,0,2,0,0,0,0,0,0,3,0.375,0.0,0.25,1.0
2024_07_31_ein-schlag-ins-herz-der-hamas,israelis,11,10,7,3,0,1,0,0,0,0,0,0,0,0,0,2,0.6364,0.2727,0.0909,-0.5
2024_07_31_ein-schlag-ins-herz-der-hamas,palestinians,7,7,1,0,0,1,0,0,0,0,0,0,0,0,0,2,0.1429,0.0,0.1429,-2.0
2024_07_31_irgendwann-macht-eine-seite-den-einen-fehler-zu-viel,israelis,11,11,6,3,0,0,0,0,0,0,0,0,0,0,0,0,0.5455,0.2727,0.0,1.5
2024_07_31_irgendwann-macht-eine-seite-den-einen-fehler-zu-viel,palestinians,2,2,2,0,0,0,0,0,1,0,0,0,0,0,0,0,1.0,0.0,0.0,2.0
2024_07_31_israel-blamiert-die-f-hrung-in-teheran,israelis,19,19,10,2,0,0,0,0,0,0,0,0,0,0,0,0,0.5263,0.1053,0.0,1.0
2024_07_31_israel-blamiert-die-f-hrung-in-teheran,palestinians,5,4,1,1,0,0,0,0,0,0,0,0,0,0,0,0,0.2,0.2,0.0,0.5
2024_07_31_israel-nimmt-rache,general_journalists,1,1,1,1,0,0,0,0,0,0,0,0,0,0,0,0,1.0,1.0,0.0,0.5
2024_07_31_israel-nimmt-rache,israelis,16,16,11,0,0,0,0,0,0,0,0,0,0,0,0,0,0.6875,0.0,0.0,0.0
2024_07_31_minister-gegen-armee,israelis,6,6,6,0,0,3,0,0,0,0,0,0,0,0,0,2,1.0,0.0,0.5,-2.0
2024_07_31_minister-gegen-armee,palestinians,2,2,1,0,0,2,0,0,0,0,1,0,0,0,0,0,0.5,0.0,1.0,2.5
2024_07_31_nadschib-mikati,israelis,2,2,0,0,0,0,0,0,0,0,0,0,0,0,0,0,0.0,0.0,0.0,0.0
2024_07_31_nadschib-mikati,palestinians,1,1,1,0,0,0,0,0,0,0,0,0,0,0,0,0,1.0,0.0,0.0,0.0
2024_08_01_das-sterben-geht-weiter,israelis,1,1,1,1,0,0,0,0,0,0,0,0,0,0,0,0,1.0,1.0,0.0,0.5
2024_08_01_das-sterben-geht-weiter,palestinians,6,6,1,0,0,0,0,0,0,0,0,0,0,0,0,0,0.1667,0.0,0.0,0.0
2024_08_01_der-letzte-tag-des-ismail-hanija,israelis,26,23,10,2,0,2,0,0,0,0,0,0,0,0,0,0,0.3846,0.0769,0.0769,1.0
2024_08_01_der-letzte-tag-des-ismail-hanija,palestinians,24,21,9,0,0,6,0,0,2,0,0,0,0,0,0,3,0.375,0.0,0.25,1.0
2024_08_01_israel-erkl-rt-hamas-milit-rchef-f-r-tot,israelis,5,4,2,1,0,0,0,0,0,0,0,0,0,0,0,0,0.4,0.2,0.0,0.5
2024_08_01_israel-erkl-rt-hamas-milit-rchef-f-r-tot,palestinians,1,1,1,0,0,0,0,0,0,0,0,0,0,0,0,0,1.0,0.0,0.0,0.0
2024_08_01_terrorist-im-exil,israelis,6,6,4,1,0,0,0,0,0,0,0,0,0,0,0,0,0.6667,0.1667,0.0,0.5
2024_08_01_terrorist-im-exil,palestinians,7,6,2,0,0,0,0,0,0,0,0,0,0,0,0,1,0.2857,0.0,0.0,-1.0
2024_08_01_voll-auf-risiko,israelis,18,18,10,2,0,0,0,0,0,0,0,0,0,0,0,0,0.5556,0.1111,0.0,1.0
2024_08_01_voll-auf-risiko,palestinians,6,5,2,2,0,0,0,0,0,0,0,0,0,0,0,0,0.3333,0.3333,0.0,1.0
2024_08_01_zug-um-zug,israelis,10,10,5,3,0,0,0,0,0,0,0,0,0,0,0,0,0.5,0.3,0.0,1.5
2024_08_01_zug-um-zug,palestinians,2,2,2,0,0,0,0,0,1,0,0,0,0,0,0,0,1.0,0.0,0.0,2.0
2024_08_02_brandanschlag-auf-pro-pal-stina-camp-in-m-nchen,palestinians,2,2,2,0,0,2,0,0,0,0,0,0,0,0,0,0,1.0,0.0,1.0,0.0
2024_08_02_gro-er-krieg-oder-kleine-vergeltung,general_journalists,1,1,1,1,0,0,0,0,0,0,0,0,0,0,0,0,1.0,1.0,0.0,0.5
2024_08_02_gro-er-krieg-oder-kleine-vergeltung,israelis,10,9,5,0,0,4,0,0,0,0,0,0,0,0,0,0,0.5,0.0,0.4,0.0
2024_08_02_gro-er-krieg-oder-kleine-vergeltung,palestinians,5,5,2,0,0,1,0,0,0,0,0,0,0,0,0,0,0.4,0.0,0.2,0.0
2024_08_02_israel-erkl-rt-deif-f-r-tot,israelis,3,2,2,0,0,0,0,0,0,0,0,0,0,0,0,0,0.6667,0.0,0.0,0.0
2024_08_02_israel-erkl-rt-deif-f-r-tot,palestinians,1,1,1,0,0,0,0,0,0,0,0,0,0,0,0,0,1.0,0.0,0.0,0.0
2024_08_02_usa-bereiten-sich-auf-verst-rkung-ihrer-truppen-in-nahost-vor,israelis,1,1,1,0,0,0,0,0,0,0,0,0,0,0,0,0,1.0,0.0,0.0,0.0
2024_08_02_wir-m-ssen-raus-aus-diesem-freund-feind-schema,general_journalists,1,1,0,0,0,0,0,0,0,0,0,0,0,0,0,0,0.0,0.0,0.0,0.0
2024_08_02_wir-m-ssen-raus-aus-diesem-freund-feind-schema,israelis,8,8,2,0,0,0,0,0,0,0,0,0,0,0,0,4,0.25,0.0,0.0,-4.0
2024_08_02_wir-m-ssen-raus-aus-diesem-freund-feind-schema,palestinians,1,1,0,0,0,0,0,0,0,0,0,0,0,0,0,0,0.0,0.0,0.0,0.0
2024_08_03_brandanschlag-auf-pal-stina-camp,palestinians,2,2,1,0,0,2,0,0,0,0,0,0,0,0,0,0,0.5,0.0,1.0,0.0
2024_08_03_geiselfrust-und-kriegsgefahr,general_journalists,3,3,2,0,0,1,0,0,0,0,0,0,0,0,0,0,0.6667,0.0,0.3333,0.0
2024_08_03_geiselfrust-und-kriegsgefahr,israelis,15,14,9,0,0,4,0,0,0,0,0,0,0,0,0,2,0.6,0.0,0.2667,-2.0
2024_08_03_geiselfrust-und-kriegsgefahr,palestinians,2,2,0,0,0,1,0,0,0,0,0,0,0,0,0,1,0.0,0.0,0.5,-1.0
2024_08_03_mitten-in-einem-ring-aus-feuer,israelis,7,7,5,0,0,2,0,0,0,0,0,0,0,0,0,0,0.7143,0.0,0.2857,0.0
2024_08_03_wirklich-verletzt,general_journalists,1,1,0,0,0,0,0,0,0,0,0,0,0,0,0,0,0.0,0.0,0.0,0.0
2024_08_03_wirklich-verletzt,israelis,8,8,2,0,0,0,0,0,0,0,0,0,0,0,0,4,0.25,0.0,0.0,-4.0
2024_08_03_wirklich-verletzt,palestinians,1,1,0,0,0,0,0,0,0,0,0,0,0,0,0,0,0.0,0.0,0.0,0.0
2024_08_04_apocalypse-sudan,palestinians,3,3,0,0,0,0,0,0,0,0,0,0,0,0,0,0,0.0,0.0,0.0,0.0
2024_08_04_die-berlebenschancen-der-geiseln-in-gaza-sinken-t-glich-netanjahu-wird-seiner-ve,israelis,3,3,1,0,0,0,0,0,0,0,0,0,0,0,0,0,0.3333,0.0,0.0,0.0
2024_08_04_die-berlebenschancen-der-geiseln-in-gaza-sinken-t-glich-netanjahu-wird-seiner-ve,palestinians,4,4,3,0,0,0,0,0,0,0,0,0,0,0,0,0,0.75,0.0,0.0,0.0
2024_08_04_f-r-iran-ist-der-tod-ismail-hanijas-in-teheran-vor-allem-eine-peinlichkeit-ein-z,israelis,4,4,3,0,0,1,0,1,0,0,0,0,0,0,0,0,0.75,0.0,0.25,1.5
2024_08_04_f-r-iran-ist-der-tod-ismail-hanijas-in-teheran-vor-allem-eine-peinlichkeit-ein-z,palestinians,3,3,1,0,0,1,0,0,0,0,0,0,0,0,0,0,0.3333,0.0,0.3333,0.0
2024_08_04_hisbollah-feuert-dutzende-raketen-auf-norden-israels,israelis,2,2,0,0,2,1,0,0,0,0,0,0,0,0,0,0,0.0,0.0,0.5,0.0
2024_08_04_ich-will-nicht-dass-er-in-gaza-bleibt-an-diesem-ort-des-b-sen,general_journalists,3,3,2,0,0,1,0,0,0,0,0,0,0,0,0,0,0.6667,0.0,0.3333,0.0
2024_08_04_ich-will-nicht-dass-er-in-gaza-bleibt-an-diesem-ort-des-b-sen,israelis,14,13,8,0,0,4,0,0,0,0,0,0,0,0,0,0,0.5714,0.0,0.2857,0.0
2024_08_04_ich-will-nicht-dass-er-in-gaza-bleibt-an-diesem-ort-des-b-sen,palestinians,3,3,0,0,0,2,0,0,0,0,0,0,0,0,0,1,0.0,0.0,0.6667,-1.0
2024_08_04_vernichtung-der-besonnenheit,israelis,13,12,6,1,0,8,0,0,0,0,0,0,0,0,0,0,0.4615,0.0769,0.6154,0.5
2024_08_04_vernichtung-der-besonnenheit,palestinians,4,4,2,0,0,4,0,0,0,0,0,0,0,0,0,0,0.5,0.0,1.0,0.0
2024_08_05_als-der-staat-israel-versagte,israelis,11,10,6,0,0,5,0,0,0,0,0,0,0,0,0,0,0.5455,0.0,0.4545,0.0
2024_08_05_als-der-staat-israel-versagte,palestinians,4,4,2,0,0,3,0,0,0,0,0,0,0,0,0,0,0.5,0.0,0.75,0.0
2024_08_05_antike-f-r-bescheidwisser,palestinians,1,1,0,0,0,1,0,0,0,0,0,0,0,0,0,0,0.0,0.0,1.0,0.0
2024_08_05_eher-eine-peinlichkeit,israelis,4,4,3,0,0,1,0,1,0,0,0,0,0,0,0,0,0.75,0.0,0.25,1.5
2024_08_05_eher-eine-peinlichkeit,palestinians,3,3,1,0,0,1,0,0,0,0,0,0,0,0,0,0,0.3333,0.0,0.3333,0.0
2024_08_05_eine-debatte-die-an-das-selbstverst-ndnis-des-goethe-instituts-r-hrt,general_journalists,1,1,0,0,0,0,0,0,0,0,0,0,0,0,0,0,0.0,0.0,0.0,0.0
2024_08_05_ich-rede-oft-mit-j-dischen-menschen-und-frage-erlebt-ihr-antisemitismus-die-antw,general_journalists,2,2,0,0,0,0,0,0,0,0,0,0,0,0,0,0,0.0,0.0,0.0,0.0
2024_08_05_ich-rede-oft-mit-j-dischen-menschen-und-frage-erlebt-ihr-antisemitismus-die-antw,israelis,9,9,4,0,0,0,0,0,0,0,0,0,0,0,0,0,0.4444,0.0,0.0,0.0
2024_08_05_ich-rede-oft-mit-j-dischen-menschen-und-frage-erlebt-ihr-antisemitismus-die-antw,palestinians,6,6,2,1,0,0,0,0,0,0,0,0,0,0,0,6,0.3333,0.1667,0.0,-5.5
2024_08_05_ich-will-nicht-dass-er-in-gaza-bleibt,general_journalists,3,3,2,0,0,1,0,0,0,0,0,0,0,0,0,0,0.6667,0.0,0.3333,0.0
2024_08_05_ich-will-nicht-dass-er-in-gaza-bleibt,israelis,14,13,8,0,0,5,0,0,0,0,0,0,0,0,0,0,0.5714,0.0,0.3571,0.0
2024_08_05_ich-will-nicht-dass-er-in-gaza-bleibt,palestinians,3,3,0,1,0,2,0,0,0,0,0,0,0,0,0,1,0.0,0.3333,0.6667,-0.5
2024_08_05_lage-in-nahost-weiter-angespannt,israelis,2,2,1,0,0,0,0,0,0,0,0,0,0,0,0,0,0.5,0.0,0.0,0.0
2024_08_05_lage-in-nahost-weiter-angespannt,palestinians,1,1,1,0,0,0,0,0,0,0,0,0,0,0,0,0,1.0,0.0,0.0,0.0
2024_08_05_polizei-berwacht-pro-pal-stina-camp-wieder,general_journalists,3,3,3,0,0,0,0,0,0,0,0,0,0,0,0,0,1.0,0.0,0.0,0.0
2024_08_05_polizei-berwacht-pro-pal-stina-camp-wieder,palestinians,1,1,1,0,0,0,0,0,0,0,0,0,0,0,0,0,1.0,0.0,0.0,0.0
2024_08_05_t-dlicher-realismus,israelis,1,1,1,0,0,0,0,0,0,0,0,0,0,0,0,0,1.0,0.0,0.0,0.0
2024_08_05_t-dlicher-realismus,palestinians,2,2,1,0,0,0,0,0,0,0,0,0,0,0,0,0,0.5,0.0,0.0,0.0
2024_08_06_apokalypse-sudan,palestinians,2,2,0,0,0,0,0,0,0,0,0,0,0,0,0,0,0.0,0.0,0.0,0.0
2024_08_06_camp-wird-wieder-berwacht,general_journalists,2,2,2,0,0,0,0,0,0,0,0,0,0,0,0,0,1.0,0.0,0.0,0.0
2024_08_06_camp-wird-wieder-berwacht,palestinians,1,1,1,0,0,0,0,0,0,0,0,0,0,0,0,0,1.0,0.0,0.0,0.0
2024_08_06_erlebt-ihr-antisemitismus-die-antwort-ist-nein,general_journalists,2,2,0,0,0,0,0,0,0,0,0,0,0,0,0,0,0.0,0.0,0.0,0.0
2024_08_06_erlebt-ihr-antisemitismus-die-antwort-ist-nein,israelis,12,11,5,0,0,1,0,0,2,0,0,0,0,0,0,0,0.4167,0.0,0.0833,4.0
2024_08_06_erlebt-ihr-antisemitismus-die-antwort-ist-nein,palestinians,7,7,2,1,0,0,0,0,1,0,0,0,0,0,0,6,0.2857,0.1429,0.0,-3.5
2024_08_06_goethes-neue-welt,general_journalists,1,1,0,0,0,0,0,0,0,0,0,0,0,0,0,0,0.0,0.0,0.0,0.0
2024_08_06_verhandlungen-mit-diesem-mann-scheinen-ausgeschlossen,israelis,10,10,6,0,0,1,0,0,1,0,0,0,0,0,0,0,0.6,0.0,0.1,2.0
2024_08_06_verhandlungen-mit-diesem-mann-scheinen-ausgeschlossen,palestinians,16,14,7,0,0,2,0,0,1,0,0,0,0,0,0,0,0.4375,0.0,0.125,2.0
2024_08_07_ein-internationaler-haftbefehl-gegen-netanjahu-muss-kommen-der-deutsche-einspruc,israelis,9,8,3,1,0,0,0,0,0,0,0,0,0,0,0,0,0.3333,0.1111,0.0,0.5
2024_08_07_ein-internationaler-haftbefehl-gegen-netanjahu-muss-kommen-der-deutsche-einspruc,palestinians,3,3,2,0,0,0,0,0,0,0,0,0,0,0,0,2,0.6667,0.0,0.0,-2.0
2024_08_07_einw-nde-gegen-haftbefehl,israelis,15,13,9,3,0,5,0,0,0,0,0,0,0,0,0,1,0.6,0.2,0.3333,0.5
2024_08_07_einw-nde-gegen-haftbefehl,palestinians,3,2,3,1,0,3,0,0,0,0,0,0,0,0,0,0,1.0,0.3333,1.0,0.5
2024_08_07_verhandlungen-mit-diesem-mann-erscheinen-ausgeschlossen,israelis,11,11,7,0,0,2,0,0,1,0,0,0,0,0,0,0,0.6364,0.0,0.1818,2.0
2024_08_07_verhandlungen-mit-diesem-mann-erscheinen-ausgeschlossen,palestinians,17,15,8,0,0,2,0,0,1,0,0,0,0,0,0,0,0.4706,0.0,0.1176,2.0
2024_08_08_ein-seltsamer-einspruch,israelis,6,6,2,0,0,0,0,0,0,0,0,0,0,0,0,0,0.3333,0.0,0.0,0.0
2024_08_08_ein-seltsamer-einspruch,palestinians,2,2,1,0,0,0,0,0,0,0,0,0,0,0,0,2,0.5,0.0,0.0,-2.0
2024_08_08_frieden-in-nahost-r-ckt-in-weite-ferne,israelis,9,9,6,0,0,2,0,0,0,0,0,0,0,0,0,0,0.6667,0.0,0.2222,0.0
2024_08_08_frieden-in-nahost-r-ckt-in-weite-ferne,palestinians,11,9,6,0,0,2,0,0,0,0,0,0,0,0,0,0,0.5455,0.0,0.1818,0.0
2024_08_08_sagen-und-meinen,israelis,4,4,4,0,0,1,0,0,0,0,0,0,0,0,0,4,1.0,0.0,0.25,-4.0
2024_08_08_sagen-und-meinen,palestinians,4,4,2,0,0,1,0,0,1,0,0,0,0,0,0,0,0.5,0.0,0.25,2.0
2024_08_09_der-krieg-brennt-in-den-herzen-von-sehr-vielen-ostdeutschen,palestinians,1,1,0,0,0,0,0,0,0,0,0,0,0,0,0,0,0.0,0.0,0.0,0.0
2024_08_09_moralischer-bankrott,general_journalists,1,1,0,0,0,1,0,0,0,0,0,0,0,0,0,0,0.0,0.0,1.0,0.0
2024_08_09_moralischer-bankrott,palestinians,1,1,1,0,0,1,0,0,0,0,0,0,0,0,0,0,1.0,0.0,1.0,0.0
2024_08_10_auf-den-luftangriff-folgt-der-kampf-um-die-deutungshoheit,general_journalists,4,4,1,0,0,0,0,0,0,0,0,0,0,0,1,1,0.25,0.0,0.0,-0.5
2024_08_10_auf-den-luftangriff-folgt-der-kampf-um-die-deutungshoheit,israelis,11,11,8,0,0,2,0,0,0,0,0,0,0,0,0,0,0.7273,0.0,0.1818,0.0
2024_08_10_auf-den-luftangriff-folgt-der-kampf-um-die-deutungshoheit,palestinians,6,6,6,2,0,0,0,0,0,0,0,0,0,0,0,0,1.0,0.3333,0.0,1.0
2024_08_10_hamas-meldet-dutzende-tote-bei-angriff-auf-schule,israelis,1,1,0,0,0,0,0,0,0,0,0,0,0,0,0,0,0.0,0.0,0.0,0.0
2024_08_10_hamas-meldet-dutzende-tote-bei-angriff-auf-schule,palestinians,1,1,1,0,0,0,0,0,0,0,0,0,0,0,1,0,1.0,0.0,0.0,0.5
2024_08_10_krieg-und-krisen,palestinians,1,1,0,0,0,0,0,0,0,0,0,0,0,0,0,0,0.0,0.0,0.0,0.0
2024_08_11_es-ist-eine-farce-wenn-israel-jetzt-von-einem-pr-zisionsangriff-spricht,israelis,4,4,2,0,0,0,0,0,0,0,0,0,0,0,0,0,0.5,0.0,0.0,0.0
2024_08_11_es-ist-eine-farce-wenn-israel-jetzt-von-einem-pr-zisionsangriff-spricht,palestinians,3,3,1,0,0,0,0,0,1,0,0,0,0,0,1,0,0.3333,0.0,0.0,2.5
2024_08_11_reedereien-sagen-kreuzfahrten-im-roten-meer-ab,israelis,3,3,1,0,0,0,0,0,0,0,0,0,0,0,0,0,0.3333,0.0,0.0,0.0
2024_08_12_auf-den-angriff-folgt-der-kampf-um-die-deutung,general_journalists,4,4,1,0,0,0,0,0,0,0,0,0,0,0,1,1,0.25,0.0,0.0,-0.5
2024_08_12_auf-den-angriff-folgt-der-kampf-um-die-deutung,israelis,8,8,6,0,0,2,0,0,0,0,0,0,0,0,0,0,0.75,0.0,0.25,0.0
2024_08_12_auf-den-angriff-folgt-der-kampf-um-die-deutung,palestinians,5,5,5,2,0,0,0,0,0,0,0,0,0,0,0,0,1.0,0.4,0.0,1.0
2024_08_12_die-kriegsherren-opfern-sie-die-welt-vergisst-sie,palestinians,1,1,0,0,0,0,0,0,0,0,0,0,0,0,0,0,0.0,0.0,0.0,0.0
2024_08_12_die-situation-ist-brandgef-hrlich,israelis,2,2,0,0,0,1,0,0,0,0,0,0,0,0,0,0,0.0,0.0,0.5,0.0
2024_08_12_einer-demokratie-unw-rdig,israelis,5,4,3,0,0,0,0,0,0,0,0,0,0,0,0,0,0.6,0.0,0.0,0.0
2024_08_12_einer-demokratie-unw-rdig,palestinians,7,6,3,0,0,1,0,0,0,0,0,0,0,0,0,2,0.4286,0.0,0.1429,-2.0
2024_08_12_gute-laune-allein-reicht-nicht,israelis,1,1,0,0,0,0,0,0,0,0,0,0,0,0,0,0,0.0,0.0,0.0,0.0
2024_08_12_macht-bitte-wieder-mit,general_journalists,1,1,1,0,0,0,0,0,0,0,0,0,0,0,0,0,1.0,0.0,0.0,0.0
2024_08_12_macht-bitte-wieder-mit,palestinians,1,1,0,0,0,0,0,0,0,0,0,0,0,0,0,0,0.0,0.0,0.0,0.0
2024_08_12_massaker-bleibt-massaker,israelis,3,3,1,0,0,0,0,0,0,0,0,0,0,0,0,0,0.3333,0.0,0.0,0.0
2024_08_12_massaker-bleibt-massaker,palestinians,4,4,1,0,0,0,0,0,1,0,0,0,0,0,1,0,0.25,0.0,0.0,2.5
2024_08_12_mit-dem-richtigen-buch-am-richtigen-ort,israelis,2,2,1,0,0,0,0,0,0,0,0,0,0,0,0,0,0.5,0.0,0.0,0.0
2024_08_12_mit-dem-richtigen-buch-am-richtigen-ort,palestinians,2,2,1,0,0,0,0,0,0,0,0,0,0,0,0,0,0.5,0.0,0.0,0.0
2024_08_12_usa-schicken-weiteres-atom-u-boot,israelis,3,3,2,0,0,1,0,0,0,0,0,0,0,0,0,0,0.6667,0.0,0.3333,0.0
2024_08_12_viele-tote-nach-angriff-auf-gaza,israelis,2,2,1,0,0,0,0,0,0,0,0,0,0,0,0,0,0.5,0.0,0.0,0.0
2024_08_12_viele-tote-nach-angriff-auf-gaza,palestinians,3,3,1,1,0,0,0,0,0,0,0,0,0,0,0,0,0.3333,0.3333,0.0,0.5
2024_08_13_brandgef-hrlich,israelis,2,2,0,0,0,1,0,0,0,0,0,0,0,0,0,0,0.0,0.0,0.5,0.0
2024_08_13_da-unten-im-sudan,palestinians,1,1,0,0,0,0,0,0,0,0,0,0,0,0,0,0,0.0,0.0,0.0,0.0
2024_08_13_die-mullahs-spielen-mit-der-spannung,general_journalists,1,1,0,0,0,0,0,0,0,0,0,0,0,0,0,0,0.0,0.0,0.0,0.0
2024_08_13_die-mullahs-spielen-mit-der-spannung,israelis,14,14,8,1,0,2,0,0,0,0,0,0,0,0,0,0,0.5714,0.0714,0.1429,0.5
2024_08_13_die-mullahs-spielen-mit-der-spannung,palestinians,3,3,2,0,0,0,0,0,0,0,0,0,0,0,0,0,0.6667,0.0,0.0,0.0
2024_08_13_jordaniens-au-enminister-sucht-den-frieden-und-ist-der-mann-zwischen-allen-st-hl,israelis,13,12,7,2,0,2,0,0,0,0,0,0,0,0,0,0,0.5385,0.1538,0.1538,1.0
2024_08_13_jordaniens-au-enminister-sucht-den-frieden-und-ist-der-mann-zwischen-allen-st-hl,palestinians,3,2,1,0,0,3,0,0,0,0,0,0,0,0,0,0,0.3333,0.0,1.0,0.0
2024_08_13_usa-entsenden-weiteres-u-boot,israelis,3,3,2,0,0,1,0,0,0,0,0,0,0,0,0,0,0.6667,0.0,0.3333,0.0
2024_08_13_von-den-kriegsherren-geopfert-von-der-welt-vergessen,palestinians,1,1,0,0,0,0,0,0,0,0,0,0,0,0,0,0,0.0,0.0,0.0,0.0
2024_08_14_ayman-safadi,israelis,11,10,6,2,0,2,0,0,0,0,0,0,0,0,0,0,0.5455,0.1818,0.1818,1.0
2024_08_14_ayman-safadi,palestinians,2,1,1,0,0,2,0,0,0,0,0,0,0,0,0,0,0.5,0.0,1.0,0.0
2024_08_14_das-kriegskalk-l-der-mullahs,general_journalists,1,1,0,0,0,0,0,0,0,0,0,0,0,0,0,0,0.0,0.0,0.0,0.0
2024_08_14_das-kriegskalk-l-der-mullahs,israelis,14,14,8,1,0,2,0,0,0,0,0,0,0,0,0,0,0.5714,0.0714,0.1429,0.5
2024_08_14_das-kriegskalk-l-der-mullahs,palestinians,3,3,2,0,0,0,0,0,0,0,0,0,0,0,0,0,0.6667,0.0,0.0,0.0
2024_08_14_drohen-warnen-hoffen,israelis,12,12,8,1,0,4,0,0,0,0,0,0,0,0,0,0,0.6667,0.0833,0.3333,0.5
2024_08_14_drohen-warnen-hoffen,palestinians,3,3,1,0,0,2,0,0,0,0,0,0,0,0,0,0,0.3333,0.0,0.6667,0.0
2024_08_15_der-taubenmann,israelis,2,2,2,0,0,0,0,0,0,0,0,0,0,0,0,0,1.0,0.0,0.0,0.0
2024_08_15_der-taubenmann,palestinians,1,1,1,0,0,0,0,0,0,0,0,0,0,0,0,0,1.0,0.0,0.0,0.0
2024_08_15_in-gaza-begann-diese-krise-nur-in-gaza-wird-sie-enden-k-nnen,israelis,16,15,6,2,0,0,0,0,0,0,0,0,0,0,0,0,0.375,0.125,0.0,1.0
2024_08_15_in-gaza-begann-diese-krise-nur-in-gaza-wird-sie-enden-k-nnen,palestinians,16,13,8,0,0,0,0,0,0,0,0,0,0,0,1,0,0.5,0.0,0.0,0.5
2024_08_15_reichsb-rger-und-verschw-rungsideologen-treffen-sich-in-m-nchen,palestinians,1,1,1,0,0,1,0,0,0,0,0,0,0,0,0,0,1.0,0.0,1.0,0.0
2024_08_15_verhandeln-bangen-hoffen,israelis,8,8,3,1,0,0,0,0,0,0,0,0,0,0,0,0,0.375,0.125,0.0,0.5
2024_08_16_fortschritte-bei-gespr-chen-in-doha,israelis,2,2,1,0,0,0,0,0,0,0,0,0,0,0,0,0,0.5,0.0,0.0,0.0
2024_08_16_frieden-vielleicht,israelis,16,15,5,2,0,0,0,0,0,0,0,0,0,0,0,0,0.3125,0.125,0.0,1.0
2024_08_16_frieden-vielleicht,palestinians,13,11,6,0,0,0,0,0,0,0,0,0,0,0,1,0,0.4615,0.0,0.0,0.5
2024_08_16_m-nchen-als-hotspot-der-rechten-szene,palestinians,1,1,1,0,0,1,0,0,0,0,0,0,0,0,0,0,1.0,0.0,1.0,0.0
2024_08_16_neuer-plan-f-r-waffenruhe-in-gaza,israelis,1,1,1,0,0,0,0,0,0,0,0,0,0,0,0,0,1.0,0.0,0.0,0.0
2024_08_16_neuer-plan-f-r-waffenruhe-in-gaza,palestinians,1,1,0,0,0,0,0,0,0,0,0,0,0,0,0,0,0.0,0.0,0.0,0.0
2024_08_16_siedler-die-terroristen-sind-m-ssen-als-terroristen-behandelt-werden,israelis,2,2,2,0,0,0,0,0,0,0,0,0,0,0,0,0,1.0,0.0,0.0,0.0
2024_08_16_siedler-die-terroristen-sind-m-ssen-als-terroristen-behandelt-werden,palestinians,1,1,0,1,0,0,0,0,0,0,0,0,0,0,0,0,0.0,1.0,0.0,0.5
2024_08_17_fortschritte-in-doha,israelis,2,2,1,0,0,0,0,0,0,0,0,0,0,0,0,0,0.5,0.0,0.0,0.0
2024_08_17_ich-habe-mich-f-r-die-abscheulichen-taten-der-hamas-gesch-mt,general_journalists,4,4,2,0,0,0,0,0,0,0,0,0,0,0,0,0,0.5,0.0,0.0,0.0
2024_08_17_ich-habe-mich-f-r-die-abscheulichen-taten-der-hamas-gesch-mt,israelis,7,7,4,0,0,2,0,0,0,0,0,0,0,0,0,0,0.5714,0.0,0.2857,0.0
2024_08_17_ich-habe-mich-f-r-die-abscheulichen-taten-der-hamas-gesch-mt,palestinians,15,15,6,1,1,4,0,0,0,0,0,0,0,0,0,0,0.4,0.0667,0.2667,0.5
2024_08_17_im-land-der-einsamen,general_journalists,3,3,0,0,0,1,0,0,0,0,0,0,0,0,0,0,0.0,0.0,0.3333,0.0
2024_08_17_im-land-der-einsamen,israelis,2,2,1,0,0,1,0,0,0,0,0,0,0,0,0,0,0.5,0.0,0.5,0.0
2024_08_17_im-land-der-einsamen,palestinians,1,1,0,0,0,0,0,0,0,0,0,0,0,0,0,0,0.0,0.0,0.0,0.0
2024_08_17_plan-f-r-waffenruhe-in-gaza,israelis,1,1,1,0,0,0,0,0,0,0,0,0,0,0,0,0,1.0,0.0,0.0,0.0
2024_08_17_plan-f-r-waffenruhe-in-gaza,palestinians,1,1,0,0,0,0,0,0,0,0,0,0,0,0,0,0,0.0,0.0,0.0,0.0
2024_08_17_terroristen,israelis,2,2,2,0,0,0,0,0,0,0,0,0,0,0,0,0,1.0,0.0,0.0,0.0
2024_08_17_terroristen,palestinians,1,1,0,1,0,0,0,0,0,0,0,0,0,0,0,0,0.0,1.0,0.0,0.5
2024_08_17_wie-man-warlords-vor-gericht-bringt,general_journalists,2,2,0,0,0,0,0,0,0,0,0,0,0,0,0,0,0.0,0.0,0.0,0.0
2024_08_17_wie-man-warlords-vor-gericht-bringt,israelis,3,3,1,1,0,1,0,0,0,0,0,0,0,0,0,0,0.3333,0.3333,0.3333,0.5
2024_08_17_wie-man-warlords-vor-gericht-bringt,palestinians,5,5,2,1,0,1,0,0,1,0,0,0,0,0,0,0,0.4,0.2,0.2,2.5
2024_08_18_hamas-lehnt-vorschl-ge-der-vergangenen-gaza-verhandlungsrunde-ab,israelis,2,2,0,0,0,0,0,0,0,0,0,0,0,0,0,0,0.0,0.0,0.0,0.0
2024_08_18_washington-setzt-netanjahu-unter-druck,israelis,11,10,4,1,0,1,0,0,0,0,0,0,0,0,0,0,0.3636,0.0909,0.0909,0.5
2024_08_18_washington-setzt-netanjahu-unter-druck,palestinians,2,2,1,1,0,0,0,0,0,0,0,0,0,0,0,0,0.5,0.5,0.0,0.5
2024_08_19_druck-auf-netanjahu,israelis,10,10,5,1,0,1,0,0,0,0,0,0,0,0,0,2,0.5,0.1,0.1,-1.5
2024_08_19_druck-auf-netanjahu,palestinians,5,5,4,1,0,0,0,0,0,0,0,0,0,0,0,4,0.8,0.2,0.0,-3.5
2024_08_19_nun-wird-sie-umschw-rmt,israelis,1,1,0,0,0,0,0,0,0,0,0,0,0,0,0,0,0.0,0.0,0.0,0.0
2024_08_19_seid-fruchtbar-und-mehret-euch-und-was-wenn-nicht,israelis,20,20,7,0,0,3,0,0,0,0,0,0,0,0,0,0,0.35,0.0,0.15,0.0
2024_08_19_seid-fruchtbar-und-mehret-euch-und-was-wenn-nicht,palestinians,1,1,1,0,0,0,0,0,0,0,0,0,0,0,0,0,1.0,0.0,0.0,0.0
2024_08_19_ukraine-hilfen-will-die-ampel-hier-wirklich-sparen,israelis,1,1,0,0,0,0,0,0,0,0,0,0,0,0,0,0,0.0,0.0,0.0,0.0
2024_08_19_ukraine-hilfen-will-die-ampel-hier-wirklich-sparen,palestinians,1,1,0,0,0,0,0,0,0,0,0,0,0,0,0,0,0.0,0.0,0.0,0.0
2024_08_19_wenn-kulturelle-aneignung-den-dialog-f-rdert,israelis,7,7,2,0,0,1,0,0,0,0,0,0,0,0,0,0,0.2857,0.0,0.1429,0.0
2024_08_19_zentralrat-der-juden-kritisiert-bsw,israelis,3,2,2,0,0,0,0,0,0,0,0,0,0,0,0,0,0.6667,0.0,0.0,0.0
2024_08_19_zentralrat-der-juden-kritisiert-bsw,palestinians,2,2,1,0,0,0,0,0,0,0,0,0,0,0,0,0,0.5,0.0,0.0,0.0
2024_08_20_blinken-israel-unterst-tzt-geisel-deal,israelis,2,2,2,0,0,0,0,0,0,0,0,0,0,0,0,0,1.0,0.0,0.0,0.0
2024_08_20_der-neue-orientalismus,israelis,16,15,9,1,0,6,0,0,1,0,0,0,0,0,1,0,0.5625,0.0625,0.375,3.0
2024_08_20_der-neue-orientalismus,palestinians,21,20,11,1,0,4,1,0,7,0,0,0,0,0,1,0,0.5238,0.0476,0.1905,17.0
2024_08_20_familientreffen-statt-party,israelis,3,3,3,0,0,0,0,0,0,0,0,0,0,0,0,0,1.0,0.0,0.0,0.0
2024_08_20_gaza-waffenruhe-was-kann-der-us-au-enminister-erreichen,israelis,2,2,0,0,0,0,0,0,0,0,0,0,0,0,0,0,0.0,0.0,0.0,0.0
2024_08_20_hier-wird-nicht-geschossen-nur-geweint,israelis,21,19,13,0,0,4,0,0,1,0,0,0,0,0,0,0,0.619,0.0,0.1905,2.0
2024_08_20_hier-wird-nicht-geschossen-nur-geweint,palestinians,5,4,1,0,0,2,0,0,0,0,0,0,0,0,0,0,0.2,0.0,0.4,0.0
2024_08_20_israels-armee-dutzende-tote-terroristen-bei-gefechten-in-rafah,israelis,1,1,0,0,0,0,0,0,0,0,0,0,0,0,0,0,0.0,0.0,0.0,0.0
2024_08_20_israels-armee-dutzende-tote-terroristen-bei-gefechten-in-rafah,palestinians,1,1,1,0,0,0,0,0,0,0,0,0,0,0,0,0,1.0,0.0,0.0,0.0
2024_08_20_mehret-euch,israelis,18,18,6,0,0,3,0,0,0,0,0,0,0,0,0,0,0.3333,0.0,0.1667,0.0
2024_08_20_mehret-euch,palestinians,1,1,1,0,0,0,0,0,0,0,0,0,0,0,0,0,1.0,0.0,0.0,0.0
2024_08_20_pro-pal-stina-camp-bleibt-bestehen,israelis,3,3,1,0,0,0,0,0,0,0,0,0,0,0,0,0,0.3333,0.0,0.0,0.0
2024_08_20_usa-dringen-auf-abkommen-im-nahost-konflikt,general_journalists,1,1,1,0,0,0,0,0,0,0,0,0,0,0,0,0,1.0,0.0,0.0,0.0
2024_08_20_usa-dringen-auf-abkommen-im-nahost-konflikt,israelis,7,7,3,0,0,0,0,0,0,0,0,0,0,0,0,0,0.4286,0.0,0.0,0.0
2024_08_20_usa-dringen-auf-abkommen-im-nahost-konflikt,palestinians,4,3,2,1,0,0,0,0,0,0,0,0,0,0,0,0,0.5,0.25,0.0,0.5
2024_08_20_zentralrat-kritisiert-bsw,israelis,2,2,1,0,0,0,0,0,0,0,0,0,0,0,0,0,0.5,0.0,0.0,0.0
2024_08_20_zentralrat-kritisiert-bsw,palestinians,2,2,1,0,0,0,0,0,0,0,0,0,0,0,0,0,0.5,0.0,0.0,0.0
2024_08_21_bisheriger-chef-des-milit-rgeheimdienstes-entschuldigt-sich-bei-amts-bergabe,israelis,1,1,1,0,0,1,0,0,0,0,0,0,0,0,0,0,1.0,0.0,1.0,0.0
2024_08_21_blinken-sieht-letzte-chance-f-r-geisel-deal,israelis,11,11,7,0,0,3,0,0,0,0,0,0,0,0,0,0,0.6364,0.0,0.2727,0.0
2024_08_21_blinken-sieht-letzte-chance-f-r-geisel-deal,palestinians,2,2,1,0,0,1,0,0,0,0,0,0,0,0,0,0,0.5,0.0,0.5,0.0
2024_08_22_armee-leichen-von-geiseln-zeigen-spuren-von-schusswunden,israelis,1,1,1,0,0,0,0,0,0,0,0,0,0,0,0,0,1.0,0.0,0.0,0.0
2024_08_22_der-rausch,general_journalists,2,2,2,1,0,0,0,0,0,0,0,0,0,0,0,0,1.0,0.5,0.0,0.5
2024_08_22_der-rausch,israelis,1,1,0,0,0,0,0,0,0,0,0,0,0,0,0,0,0.0,0.0,0.0,0.0
2024_08_22_der-rausch,palestinians,1,1,0,0,0,0,0,0,0,0,0,0,0,0,0,0,0.0,0.0,0.0,0.0
2024_08_23_eine-gem-igte-stimme-aus-gaza,general_journalists,3,3,2,0,0,0,0,0,0,0,0,0,0,0,0,0,0.6667,0.0,0.0,0.0
2024_08_23_eine-gem-igte-stimme-aus-gaza,israelis,7,7,4,0,0,2,0,0,0,0,0,0,0,0,0,0,0.5714,0.0,0.2857,0.0
2024_08_23_eine-gem-igte-stimme-aus-gaza,palestinians,14,14,5,0,1,4,0,0,0,0,0,0,0,0,0,0,0.3571,0.0,0.2857,0.0
2024_08_23_gewerkschaften-wollen-sich-den-antikriegstag-nicht-wegnehmen-lassen,israelis,1,1,0,0,0,1,0,0,0,0,0,0,0,0,0,0,0.0,0.0,1.0,0.0
2024_08_23_gewerkschaften-wollen-sich-den-antikriegstag-nicht-wegnehmen-lassen,palestinians,2,2,1,0,0,1,0,0,0,0,0,0,0,0,0,0,0.5,0.0,0.5,0.0
2024_08_23_schnell-rendite-machen-mit-gold-so-einfach-ist-es-nicht,palestinians,1,1,0,0,0,0,0,0,0,0,0,0,0,0,0,0,0.0,0.0,0.0,0.0
2024_08_23_unb-ndige-trauer-wachsende-wut,general_journalists,1,1,0,0,0,0,0,0,0,0,0,0,0,0,0,0,0.0,0.0,0.0,0.0
2024_08_23_unb-ndige-trauer-wachsende-wut,israelis,4,3,2,0,0,0,0,0,0,0,0,0,0,0,0,2,0.5,0.0,0.0,-2.0
2024_08_23_unb-ndige-trauer-wachsende-wut,palestinians,5,5,4,1,0,0,0,0,0,0,0,0,0,0,0,2,0.8,0.2,0.0,-1.5
2024_08_23_verhandlungen-zwischen-israel-und-der-hamas-die-lage-im-berblick,israelis,3,3,1,0,0,0,0,0,0,0,0,0,0,0,0,0,0.3333,0.0,0.0,0.0
2024_08_23_verhandlungen-zwischen-israel-und-der-hamas-die-lage-im-berblick,palestinians,1,1,1,0,0,0,0,0,0,0,0,0,0,0,0,0,1.0,0.0,0.0,0.0
2024_08_23_wenn-der-vermittler-den-erfolg-mehr-will-als-die-kontrahenten,israelis,6,4,3,0,0,0,0,0,0,0,0,0,0,0,0,0,0.5,0.0,0.0,0.0
2024_08_23_wenn-der-vermittler-den-erfolg-mehr-will-als-die-kontrahenten,palestinians,3,3,2,0,0,0,0,0,0,0,0,0,0,0,0,0,0.6667,0.0,0.0,0.0
2024_08_24_gl-nzend-oder-gef-hrlich,palestinians,1,1,0,0,0,0,0,0,0,0,0,0,0,0,0,0,0.0,0.0,0.0,0.0
2024_08_24_islamischer-staat-bernimmt-verantwortung-f-r-messerangriff-von-solingen,israelis,1,1,1,0,0,1,0,0,0,0,0,0,0,0,0,0,1.0,0.0,1.0,0.0
2024_08_24_islamischer-staat-bernimmt-verantwortung-f-r-messerangriff-von-solingen,palestinians,4,4,3,0,0,3,0,0,0,0,0,0,0,0,0,0,0.75,0.0,0.75,0.0
2024_08_24_speeddating-in-festlaune,israelis,1,1,0,0,0,0,0,0,0,0,0,0,0,0,0,0,0.0,0.0,0.0,0.0
2024_08_24_speeddating-in-festlaune,palestinians,1,1,0,0,0,0,0,0,0,0,0,0,0,0,0,0,0.0,0.0,0.0,0.0
2024_08_24_was-soll-man-da-vermitteln,israelis,6,4,3,0,0,0,0,0,0,0,0,0,0,0,0,0,0.5,0.0,0.0,0.0
2024_08_24_was-soll-man-da-vermitteln,palestinians,3,3,2,0,0,0,0,0,0,0,0,0,0,0,0,0,0.6667,0.0,0.0,0.0
2024_08_24_zum-antikriegstag,israelis,1,1,0,0,0,1,0,0,0,0,0,0,0,0,0,0,0.0,0.0,1.0,0.0
2024_08_24_zum-antikriegstag,palestinians,2,2,1,0,0,1,0,0,0,0,0,0,0,0,0,0,0.5,0.0,0.5,0.0
2024_08_25_anschlag-auf-synagoge,general_journalists,1,1,0,0,0,1,0,0,0,0,0,0,0,0,0,0,0.0,0.0,1.0,0.0
2024_08_25_anschlag-auf-synagoge,israelis,1,1,0,0,0,0,0,0,0,0,0,0,0,0,0,0,0.0,0.0,0.0,0.0
2024_08_25_anschlag-auf-synagoge,palestinians,2,2,2,0,0,0,0,0,0,0,0,0,0,0,0,0,1.0,0.0,0.0,0.0
2024_08_25_besuchen-sie-europa-solang-es-noch-geht,palestinians,1,1,0,0,0,0,0,0,0,0,0,0,0,0,0,0,0.0,0.0,0.0,0.0
2024_08_25_der-erfolg-der-israelis-sagt-wenig-dar-ber-aus-wie-es-weitergeht,israelis,10,10,6,0,0,0,0,1,0,0,0,0,0,0,0,0,0.6,0.0,0.0,1.5
2024_08_25_der-erfolg-der-israelis-sagt-wenig-dar-ber-aus-wie-es-weitergeht,palestinians,4,4,1,0,0,0,0,0,0,0,0,0,0,0,0,0,0.25,0.0,0.0,0.0
2024_08_25_nachrichten-vom-25-august-2024,general_journalists,1,1,0,0,0,0,0,0,0,0,0,0,0,0,0,0,0.0,0.0,0.0,0.0
2024_08_25_nachrichten-vom-25-august-2024,israelis,2,2,2,0,0,0,0,0,0,0,0,0,0,0,0,0,1.0,0.0,0.0,0.0
2024_08_26_anschlag-auf-das-j-dische-frankreich,general_journalists,1,1,0,0,0,1,0,0,0,0,0,0,0,0,0,0,0.0,0.0,1.0,0.0
2024_08_26_anschlag-auf-das-j-dische-frankreich,israelis,1,1,0,0,0,0,0,0,0,0,0,0,0,0,0,0,0.0,0.0,0.0,0.0
2024_08_26_anschlag-auf-das-j-dische-frankreich,palestinians,2,2,2,0,0,0,0,0,0,0,0,0,0,0,0,0,1.0,0.0,0.0,0.0
2024_08_26_besuchen-sie-europa,palestinians,1,1,0,0,0,0,0,0,0,0,0,0,0,0,0,0,0.0,0.0,0.0,0.0
2024_08_26_blick-in-den-abgrund,general_journalists,1,1,0,1,0,0,0,0,0,0,0,0,0,0,0,0,0.0,1.0,0.0,0.5
2024_08_26_blick-in-den-abgrund,israelis,17,16,12,3,0,4,0,0,0,0,0,0,0,0,0,0,0.7059,0.1765,0.2353,1.5
2024_08_26_blick-in-den-abgrund,palestinians,2,2,1,0,0,0,0,0,0,0,0,0,0,0,0,0,0.5,0.0,0.0,0.0
2024_08_26_das-drohen-geht-weiter,israelis,21,21,12,0,0,6,0,0,0,0,0,0,0,0,0,0,0.5714,0.0,0.2857,0.0
2024_08_26_das-drohen-geht-weiter,palestinians,2,2,1,0,0,1,0,0,0,0,0,0,0,0,0,0,0.5,0.0,0.5,0.0
2024_08_26_die-kulisse-gaza,israelis,10,10,6,0,0,0,0,1,0,0,0,0,0,0,0,0,0.6,0.0,0.0,1.5
2024_08_26_die-kulisse-gaza,palestinians,3,3,1,0,0,0,0,0,0,0,0,0,0,0,0,0,0.3333,0.0,0.0,0.0
2024_08_26_krieg-anders-denken,general_journalists,3,3,0,0,0,0,0,0,0,0,0,0,0,0,0,0,0.0,0.0,0.0,0.0
2024_08_26_krieg-anders-denken,palestinians,1,1,0,0,0,0,0,0,0,0,0,0,0,0,0,0,0.0,0.0,0.0,0.0
2024_08_26_polio,palestinians,2,2,1,0,0,0,0,0,0,0,0,0,0,0,0,0,0.5,0.0,0.0,0.0
2024_08_26_usa-besorgt-ber-gro-en-krieg-im-nahen-osten,israelis,2,2,1,0,0,0,0,0,0,0,0,0,0,0,0,0,0.5,0.0,0.0,0.0
2024_08_26_usa-besorgt-nach-aussetzung-der-waffenruhe-gespr-che,israelis,1,1,1,0,0,0,0,0,0,0,0,0,0,0,0,0,1.0,0.0,0.0,0.0
2024_08_26_usa-besorgt-nach-aussetzung-der-waffenruhe-gespr-che,palestinians,1,1,1,1,0,0,0,0,0,0,0,0,0,0,0,0,1.0,1.0,0.0,0.5
2024_08_26_vergeltungsschlag-der-hisbollah,israelis,7,7,2,1,0,1,0,0,0,0,0,0,0,0,0,0,0.2857,0.1429,0.1429,0.5
2024_08_27_der-zentralrat-der-juden-in-deutschland-hat-recht-mit-seiner-kritik-an-sahra-wag,israelis,3,3,3,0,0,2,0,0,1,0,0,0,0,0,0,0,1.0,0.0,0.6667,2.0
2024_08_27_der-zentralrat-der-juden-in-deutschland-hat-recht-mit-seiner-kritik-an-sahra-wag,palestinians,2,2,0,0,0,1,0,0,1,0,0,0,0,0,0,0,0.0,0.0,0.5,2.0
2024_08_27_israel-weitere-hamas-geisel-im-gazastreifen-befreit,israelis,3,3,2,0,0,0,0,0,0,0,0,0,0,0,0,0,0.6667,0.0,0.0,0.0
2024_08_27_leiterin-des-m-nchner-kunstvereins-bittet-um-entschuldigung-f-r-social-media-lik,general_journalists,2,2,1,0,0,0,0,0,0,0,0,0,0,0,0,0,0.5,0.0,0.0,0.0
2024_08_27_leiterin-des-m-nchner-kunstvereins-bittet-um-entschuldigung-f-r-social-media-lik,israelis,1,1,0,0,0,0,0,0,0,0,0,0,0,0,0,0,0.0,0.0,0.0,0.0
2024_08_27_leiterin-des-m-nchner-kunstvereins-bittet-um-entschuldigung-f-r-social-media-lik,palestinians,2,1,1,0,0,2,0,0,0,0,0,0,0,0,0,0,0.5,0.0,1.0,0.0
2024_08_28_die-scharfmacher-auf-beiden-seiten-tun-alles-um-auch-im-westjordanland-die-lage-,israelis,3,3,3,0,0,0,0,0,0,0,0,0,0,0,0,0,1.0,0.0,0.0,0.0
2024_08_28_die-scharfmacher-auf-beiden-seiten-tun-alles-um-auch-im-westjordanland-die-lage-,palestinians,2,2,2,1,0,0,0,0,0,0,0,0,0,0,0,0,1.0,0.5,0.0,0.5
2024_08_28_hamas-geisel-befreit,general_journalists,3,2,2,1,0,0,0,0,0,0,0,0,0,0,0,0,0.6667,0.3333,0.0,0.5
2024_08_28_hamas-geisel-befreit,israelis,1,1,1,0,0,0,0,0,0,0,0,0,0,0,0,0,1.0,0.0,0.0,0.0
2024_08_28_hamas-geisel-befreit,palestinians,2,2,1,0,0,0,0,0,0,0,0,0,0,0,0,0,0.5,0.0,0.0,0.0
2024_08_28_israel-startet-offensive-im-westjordanland,israelis,6,4,2,1,0,0,0,0,0,0,0,0,0,0,0,0,0.3333,0.1667,0.0,0.5
2024_08_28_israel-startet-offensive-im-westjordanland,palestinians,1,1,0,0,0,0,0,0,0,0,0,0,0,0,0,0,0.0,0.0,0.0,0.0
2024_08_28_leiterin-des-m-nchner-kunstvereins-bittet-um-entschuldigung,general_journalists,1,1,1,0,0,0,0,0,0,0,0,0,0,0,0,0,1.0,0.0,0.0,0.0
2024_08_28_leiterin-des-m-nchner-kunstvereins-bittet-um-entschuldigung,israelis,1,1,0,0,0,0,0,0,0,0,0,0,0,0,0,0,0.0,0.0,0.0,0.0
2024_08_28_leiterin-des-m-nchner-kunstvereins-bittet-um-entschuldigung,palestinians,2,1,1,0,0,2,0,0,0,0,0,0,0,0,0,0,0.5,0.0,1.0,0.0
2024_08_28_wir-m-ssen-eine-revolte-organisieren,palestinians,1,1,0,0,0,1,0,0,0,0,0,0,0,0,0,0,0.0,0.0,1.0,0.0
2024_08_29_eine-revolte-organisieren,palestinians,1,1,0,0,0,1,0,0,0,0,0,0,0,0,0,0,0.0,0.0,1.0,0.0
2024_08_29_explosionen-der-gewalt,israelis,2,2,2,0,0,0,0,0,0,0,0,0,0,0,0,0,1.0,0.0,0.0,0.0
2024_08_29_explosionen-der-gewalt,palestinians,2,2,2,1,0,0,0,0,0,0,0,0,0,0,0,0,1.0,0.5,0.0,0.5
2024_08_29_offensive-im-westjordanland,israelis,4,2,1,1,0,0,0,0,0,0,0,0,0,0,0,0,0.25,0.25,0.0,0.5
2024_08_29_offensive-im-westjordanland,palestinians,2,2,0,0,0,0,0,0,0,0,0,0,0,0,0,0,0.0,0.0,0.0,0.0
2024_08_29_un-kritisieren-h-rte-des-einsatzes-im-westjordanland,general_journalists,1,1,0,0,0,1,0,0,0,0,0,0,0,0,0,0,0.0,0.0,1.0,0.0
2024_08_29_un-kritisieren-h-rte-des-einsatzes-im-westjordanland,israelis,6,6,6,0,0,1,0,0,0,0,0,0,0,0,0,0,1.0,0.0,0.1667,0.0
2024_08_29_un-kritisieren-h-rte-des-einsatzes-im-westjordanland,palestinians,10,9,2,1,0,1,0,0,2,0,0,0,0,0,0,0,0.2,0.1,0.1,4.5
2024_08_30_der-papst-vor-seiner-l-ngsten-reise,general_journalists,1,1,0,0,0,0,0,0,0,0,0,0,0,0,0,0,0.0,0.0,0.0,0.0
2024_08_30_der-papst-vor-seiner-l-ngsten-reise,palestinians,1,1,1,0,0,0,0,0,0,0,0,0,0,0,0,0,1.0,0.0,0.0,0.0
2024_08_30_die-dritte-front,general_journalists,1,1,1,0,0,1,0,0,0,0,0,0,0,0,0,0,1.0,0.0,1.0,0.0
2024_08_30_die-dritte-front,israelis,5,5,5,0,0,2,0,0,0,0,0,0,0,0,0,0,1.0,0.0,0.4,0.0
2024_08_30_die-dritte-front,palestinians,9,8,2,1,0,1,0,0,2,0,0,0,0,0,0,0,0.2222,0.1111,0.1111,4.5
2024_08_30_lasst-uns-die-gelegenheit-nutzen-trotz-aller-unstimmigkeiten-zusammen-zu-weinen,israelis,6,6,3,0,0,3,0,0,0,0,0,0,0,0,0,0,0.5,0.0,0.5,0.0
2024_08_30_lasst-uns-die-gelegenheit-nutzen-trotz-aller-unstimmigkeiten-zusammen-zu-weinen,palestinians,1,1,1,0,0,0,0,0,0,0,0,0,0,0,0,0,1.0,0.0,0.0,0.0
2024_08_30_olaf-scholz-legt-keine-hosen-raus,general_journalists,3,3,2,1,0,1,0,0,0,0,0,0,0,0,0,0,0.6667,0.3333,0.3333,0.5
2024_08_30_olaf-scholz-legt-keine-hosen-raus,palestinians,1,1,0,0,0,0,0,0,0,0,0,0,0,0,0,0,0.0,0.0,0.0,0.0
2024_08_30_sechs-israelische-geiseln-get-tet,israelis,2,2,0,0,0,0,0,0,0,0,0,0,0,0,0,0,0.0,0.0,0.0,0.0
2024_08_30_sechs-israelische-geiseln-get-tet,palestinians,1,1,1,0,0,0,0,0,0,0,0,0,0,0,0,0,1.0,0.0,0.0,0.0
2024_08_30_was-wenn-wir-unrecht-haben,general_journalists,11,11,4,0,0,1,0,0,0,0,0,0,0,0,0,0,0.3636,0.0,0.0909,0.0
2024_08_30_was-wenn-wir-unrecht-haben,israelis,1,1,0,0,0,0,0,0,0,0,0,0,0,0,0,0,0.0,0.0,0.0,0.0
2024_08_30_was-wenn-wir-unrecht-haben,palestinians,2,2,1,0,0,0,0,0,0,0,0,0,0,0,0,0,0.5,0.0,0.0,0.0
2024_08_30_wir-haben-kein-mitgef-hl-mit-den-pal-stinensern,general_journalists,3,3,2,0,0,0,0,0,0,0,0,0,0,0,0,0,0.6667,0.0,0.0,0.0
2024_08_30_wir-haben-kein-mitgef-hl-mit-den-pal-stinensern,israelis,12,11,7,0,0,4,0,0,0,0,0,0,0,0,0,1,0.5833,0.0,0.3333,-1.0
2024_08_30_wir-haben-kein-mitgef-hl-mit-den-pal-stinensern,palestinians,10,10,7,0,0,5,0,0,0,0,0,0,0,0,0,0,0.7,0.0,0.5,0.0
2024_08_30_wir-sind-mehr-als-nur-muslime,israelis,1,1,0,0,0,0,0,0,0,0,0,0,0,0,0,0,0.0,0.0,0.0,0.0
2024_08_30_wir-sind-mehr-als-nur-muslime,palestinians,1,1,0,0,0,0,0,0,0,0,0,0,0,0,0,0,0.0,0.0,0.0,0.0
2024_08_31_das-licht-am-ende-des-tunnels-sehe-ich-nicht,israelis,5,4,3,0,0,0,0,0,0,0,0,0,0,0,0,0,0.6,0.0,0.0,0.0
2024_08_31_das-licht-am-ende-des-tunnels-sehe-ich-nicht,palestinians,14,14,7,1,0,2,0,0,0,0,0,0,0,0,0,10,0.5,0.0714,0.1429,-9.5
2024_08_31_der-papst-vor-seiner-l-ngsten-auslandsreise,general_journalists,1,1,0,0,0,0,0,0,0,0,0,0,0,0,0,0,0.0,0.0,0.0,0.0
2024_08_31_der-papst-vor-seiner-l-ngsten-auslandsreise,palestinians,1,1,1,0,0,0,0,0,0,0,0,0,0,0,0,0,1.0,0.0,0.0,0.0
2024_08_31_einer-von-50-000,general_journalists,1,1,0,0,0,0,0,0,0,0,0,0,0,0,0,0,0.0,0.0,0.0,0.0
2024_08_31_einer-von-50-000,israelis,1,1,1,0,0,0,0,0,0,0,0,0,0,0,0,2,1.0,0.0,0.0,-2.0
2024_08_31_einer-von-50-000,palestinians,2,2,0,0,0,2,0,0,0,0,0,0,0,0,0,2,0.0,0.0,1.0,-2.0
2024_08_31_es-muss-und-es-wird-frieden-geben,general_journalists,1,1,0,0,0,0,0,0,0,0,0,0,0,0,0,0,0.0,0.0,0.0,0.0
2024_08_31_es-muss-und-es-wird-frieden-geben,israelis,24,23,12,2,0,0,0,0,0,0,0,0,0,0,0,2,0.5,0.0833,0.0,-1.0
2024_08_31_es-muss-und-es-wird-frieden-geben,palestinians,1,1,0,1,0,0,0,0,0,0,0,0,0,0,0,0,0.0,1.0,0.0,0.5
2024_08_31_idan-amedi,israelis,5,5,3,0,0,2,0,0,0,0,0,0,0,0,0,0,0.6,0.0,0.4,0.0
2024_08_31_idan-amedi,palestinians,1,1,1,0,0,0,0,0,0,0,0,0,0,0,0,0,1.0,0.0,0.0,0.0
2024_08_31_impfaktion-im-gazastreifen,palestinians,1,1,0,0,0,0,0,0,0,0,0,0,0,0,0,0,0.0,0.0,0.0,0.0
2024_08_31_scholz-legt-keine-hosen-raus,general_journalists,3,3,2,1,0,1,0,0,0,0,0,0,0,0,0,0,0.6667,0.3333,0.3333,0.5
2024_08_31_scholz-legt-keine-hosen-raus,palestinians,1,1,0,0,0,0,0,0,0,0,0,0,0,0,0,0,0.0,0.0,0.0,0.0
2024_09_01_impfungen-im-gazastreifen-haben-begonnen,israelis,1,1,0,0,0,0,0,0,0,0,0,0,0,0,0,0,0.0,0.0,0.0,0.0
2024_09_01_impfungen-im-gazastreifen-haben-begonnen,palestinians,2,2,1,0,0,1,0,0,0,0,0,0,0,0,0,0,0.5,0.0,0.5,0.0
2024_09_02_die-proteste-in-israel-k-nnten-joe-biden-helfen-netanjahu-zu-einem-waffenstillst,israelis,4,4,3,0,0,0,0,0,0,0,0,0,0,0,0,0,0.75,0.0,0.0,0.0
2024_09_02_die-proteste-in-israel-k-nnten-joe-biden-helfen-netanjahu-zu-einem-waffenstillst,palestinians,4,4,2,0,0,0,0,0,0,0,0,0,0,0,0,0,0.5,0.0,0.0,0.0
2024_09_02_generalstreik-gegen-netanjahu,israelis,3,3,3,0,0,0,0,0,0,0,0,0,0,0,0,2,1.0,0.0,0.0,-2.0
2024_09_02_generalstreik-gegen-netanjahu,palestinians,1,1,0,0,0,0,0,0,0,0,0,0,0,0,0,0,0.0,0.0,0.0,0.0
2024_09_02_impfungen-im-gazastreifen,israelis,1,1,0,0,0,0,0,0,0,0,0,0,0,0,0,0,0.0,0.0,0.0,0.0
2024_09_02_impfungen-im-gazastreifen,palestinians,2,2,1,0,0,1,0,0,0,0,0,0,0,0,0,0,0.5,0.0,0.5,0.0
2024_09_02_viele-wollen-rache-ben,general_journalists,2,2,1,0,0,0,0,0,0,0,0,0,0,0,0,0,0.5,0.0,0.0,0.0
2024_09_02_viele-wollen-rache-ben,israelis,13,11,8,0,0,6,0,0,0,0,0,0,0,0,0,2,0.6154,0.0,0.4615,-2.0
2024_09_02_viele-wollen-rache-ben,palestinians,7,7,4,0,0,2,0,0,0,0,0,0,0,0,0,0,0.5714,0.0,0.2857,0.0
2024_09_03_gro-britannien-unterbindet-lieferung-von-waffenteilen-an-israel,israelis,11,10,9,2,0,4,0,0,0,0,0,0,0,0,0,0,0.8182,0.1818,0.3636,1.0
2024_09_03_gro-britannien-unterbindet-lieferung-von-waffenteilen-an-israel,palestinians,2,2,2,0,0,1,0,0,0,0,0,0,0,0,0,0,1.0,0.0,0.5,0.0
2024_09_03_hilft-biden-oder-schadet-er,israelis,1,1,0,0,0,0,0,0,0,0,0,0,0,0,0,0,0.0,0.0,0.0,0.0
2024_09_03_hilft-biden-oder-schadet-er,palestinians,1,1,0,0,0,0,0,0,0,0,0,0,0,0,0,0,0.0,0.0,0.0,0.0
2024_09_03_ich-habe-ja-die-gleiche-angst-vor-extremisten-wie-die-anderen,palestinians,2,2,2,1,0,0,0,0,0,0,0,0,0,0,0,0,1.0,0.5,0.0,0.5
2024_09_03_impfungen-in-gaza,palestinians,2,1,0,0,0,0,0,0,0,0,0,0,0,0,0,0,0.0,0.0,0.0,0.0
2024_09_03_und-noch-ein-anlauf,israelis,3,3,1,0,0,0,0,0,0,0,0,0,0,0,0,0,0.3333,0.0,0.0,0.0
2024_09_03_und-noch-ein-anlauf,palestinians,3,3,1,0,0,0,0,0,0,0,0,0,0,0,0,0,0.3333,0.0,0.0,0.0
2024_09_03_wie-extrem-ist-die-propal-stinensische-bewegung,general_journalists,8,7,6,1,0,5,0,0,0,0,0,0,0,0,0,0,0.75,0.125,0.625,0.5
2024_09_03_wie-extrem-ist-die-propal-stinensische-bewegung,israelis,9,8,4,1,0,4,0,0,0,0,0,0,0,0,0,0,0.4444,0.1111,0.4444,0.5
2024_09_03_wie-extrem-ist-die-propal-stinensische-bewegung,palestinians,13,12,3,0,0,8,0,0,0,0,0,0,0,0,0,1,0.2308,0.0,0.6154,-1.0
2024_09_03_wut-in-der-luft,israelis,4,4,3,0,0,1,0,0,0,0,0,0,0,0,0,0,0.75,0.0,0.25,0.0
2024_09_03_wut-in-der-luft,palestinians,1,1,1,0,0,0,0,0,0,0,0,0,0,0,0,0,1.0,0.0,0.0,0.0
2024_09_04_angst-vor-islamfeindlichen-bergriffen-w-chst,palestinians,2,2,2,1,0,0,0,0,0,0,0,0,0,0,0,0,1.0,0.5,0.0,0.5
2024_09_04_der-albtraum-der-erinnerungspolitik,general_journalists,1,1,0,0,0,0,0,0,0,0,0,0,0,0,0,0,0.0,0.0,0.0,0.0
2024_09_04_der-albtraum-der-erinnerungspolitik,israelis,2,2,1,1,0,1,0,0,0,0,0,0,0,0,0,0,0.5,0.5,0.5,0.5
2024_09_04_der-albtraum-der-erinnerungspolitik,palestinians,1,1,0,0,0,0,0,0,0,0,0,0,0,0,0,2,0.0,0.0,0.0,-2.0
2024_09_04_eine-extremistische-bewegung,general_journalists,8,8,5,1,0,5,0,0,0,0,0,0,0,0,0,0,0.625,0.125,0.625,0.5
2024_09_04_eine-extremistische-bewegung,israelis,9,8,4,1,0,4,0,0,0,0,0,0,0,0,0,0,0.4444,0.1111,0.4444,0.5
2024_09_04_eine-extremistische-bewegung,palestinians,13,12,3,0,0,8,0,0,0,0,0,0,0,0,0,1,0.2308,0.0,0.6154,-1.0
2024_09_04_erdo-an-misstraut-dem-westen-aber-aufgeben-wird-er-ihn-nicht,israelis,2,2,1,0,0,0,0,0,0,0,0,0,0,0,0,0,0.5,0.0,0.0,0.0
2024_09_04_franziskus-warnt-in-indonesien-vor-religi-sem-extremismus,israelis,1,1,0,0,0,0,0,0,0,0,0,0,0,0,0,0,0.0,0.0,0.0,0.0
2024_09_04_franziskus-warnt-in-indonesien-vor-religi-sem-extremismus,palestinians,2,2,1,0,0,1,0,0,0,0,0,0,0,0,0,0,0.5,0.0,0.5,0.0
2024_09_04_hilft-oder-schadet-er,israelis,1,1,0,0,0,0,0,0,0,0,0,0,0,0,0,0,0.0,0.0,0.0,0.0
2024_09_04_hilft-oder-schadet-er,palestinians,1,1,0,0,0,0,0,0,0,0,0,0,0,0,0,0,0.0,0.0,0.0,0.0
2024_09_04_nachrichten-am-4-september-2024,palestinians,1,1,0,0,0,0,0,0,0,0,0,0,0,0,0,0,0.0,0.0,0.0,0.0
2024_09_04_verzeihe-uns-niemals-niemals-niemals,israelis,8,8,1,0,0,0,0,0,0,0,0,0,0,0,0,0,0.125,0.0,0.0,0.0
2024_09_04_verzeihe-uns-niemals-niemals-niemals,palestinians,3,3,3,0,0,0,0,0,0,0,0,0,0,0,0,0,1.0,0.0,0.0,0.0
2024_09_04_waffenexport-f-r-israel-beschr-nkt,israelis,9,8,6,2,0,3,0,0,0,0,0,0,0,0,0,0,0.6667,0.2222,0.3333,1.0
2024_09_04_waffenexport-f-r-israel-beschr-nkt,palestinians,1,1,1,0,0,1,0,0,0,0,0,0,0,0,0,0,1.0,0.0,1.0,0.0
2024_09_04_wo-noch-hoffnung-ist,israelis,9,9,6,0,0,0,0,0,0,0,0,0,0,0,0,2,0.6667,0.0,0.0,-2.0
2024_09_04_wo-noch-hoffnung-ist,palestinians,3,3,1,1,0,0,0,0,0,0,0,0,0,0,0,0,0.3333,0.3333,0.0,0.5
2024_09_05_b-cher-f-r-den-nachsommer,palestinians,1,1,1,0,0,0,0,0,0,0,0,0,0,0,0,0,1.0,0.0,0.0,0.0
2024_09_05_die-festplatte-berschreiben,israelis,6,6,1,0,0,2,0,0,0,0,0,0,0,0,0,4,0.1667,0.0,0.3333,-4.0
2024_09_05_die-festplatte-berschreiben,palestinians,6,6,1,0,0,2,0,0,0,0,0,0,0,0,0,4,0.1667,0.0,0.3333,-4.0
2024_09_05_franziskus-warnt-vor-extremismus,israelis,1,1,0,0,0,0,0,0,0,0,0,0,0,0,0,0,0.0,0.0,0.0,0.0
2024_09_05_franziskus-warnt-vor-extremismus,palestinians,3,3,1,0,0,1,0,0,0,0,0,0,0,0,0,0,0.3333,0.0,0.3333,0.0
2024_09_05_reden-mit-allen,israelis,2,2,1,0,0,0,0,0,0,0,0,0,0,0,0,0,0.5,0.0,0.0,0.0
2024_09_06_baerbock-hat-in-israel-die-hohe-zahl-der-toten-in-gaza-ger-gt-und-so-das-bestm-g,israelis,4,4,1,0,0,0,0,0,0,0,0,0,0,0,0,0,0.25,0.0,0.0,0.0
2024_09_06_baerbock-hat-in-israel-die-hohe-zahl-der-toten-in-gaza-ger-gt-und-so-das-bestm-g,palestinians,4,3,3,0,0,0,0,0,0,0,0,0,0,0,0,0,0.75,0.0,0.0,0.0
2024_09_06_zum-elften-mal-in-elf-monaten,israelis,16,16,11,0,0,1,0,0,1,0,0,0,0,0,0,2,0.6875,0.0,0.0625,0.0
2024_09_06_zum-elften-mal-in-elf-monaten,palestinians,7,7,1,0,0,1,0,0,2,0,0,0,0,0,0,2,0.1429,0.0,0.1429,2.0
2024_09_07_das-m-gliche,israelis,3,3,1,0,0,0,0,0,0,0,0,0,0,0,0,0,0.3333,0.0,0.0,0.0
2024_09_07_das-m-gliche,palestinians,3,2,3,0,0,0,0,0,0,0,0,0,0,0,0,0,1.0,0.0,0.0,0.0
2024_09_08_drei-tote-bei-angriff-an-grenz-bergang,israelis,2,2,1,0,0,0,0,0,0,0,0,0,0,0,0,0,0.5,0.0,0.0,0.0
2024_09_08_ich-habe-deutsch-mit-npd-plakaten-gelernt,israelis,1,1,0,0,0,0,0,0,0,0,0,0,0,0,0,0,0.0,0.0,0.0,0.0
2024_09_08_ich-habe-deutsch-mit-npd-plakaten-gelernt,palestinians,2,1,2,0,0,0,0,0,2,0,0,0,0,0,0,0,1.0,0.0,0.0,4.0
2024_09_08_massenproteste-und-ein-anschlag-an-der-grenze-zum-westjordanland,general_journalists,3,3,2,1,0,0,0,0,0,0,0,0,0,0,0,0,0.6667,0.3333,0.0,0.5
2024_09_08_massenproteste-und-ein-anschlag-an-der-grenze-zum-westjordanland,israelis,7,6,6,0,0,1,0,0,0,0,0,0,0,0,0,0,0.8571,0.0,0.1429,0.0
2024_09_08_massenproteste-und-ein-anschlag-an-der-grenze-zum-westjordanland,palestinians,1,1,0,0,0,0,0,0,0,0,0,0,0,0,0,0,0.0,0.0,0.0,0.0
2024_09_09_demonstration-f-r-geisel-vertrag,general_journalists,2,2,1,0,0,0,0,0,0,0,0,0,0,0,0,0,0.5,0.0,0.0,0.0
2024_09_09_demonstration-f-r-geisel-vertrag,israelis,5,5,4,0,0,1,0,0,0,0,0,0,0,0,0,0,0.8,0.0,0.2,0.0
2024_09_09_demonstration-f-r-geisel-vertrag,palestinians,1,1,0,0,0,0,0,0,0,0,0,0,0,0,0,0,0.0,0.0,0.0,0.0
2024_09_09_tote-bei-luftangriff,israelis,6,5,5,0,0,0,0,0,0,0,0,0,0,0,0,0,0.8333,0.0,0.0,0.0
2024_09_09_tote-bei-luftangriff,palestinians,1,1,0,0,0,0,0,0,0,0,0,0,0,0,0,0,0.0,0.0,0.0,0.0
2024_09_09_trump-und-harris-zwischen-l-rm-und-substanz,palestinians,1,1,1,0,0,0,0,0,0,0,0,0,0,0,0,0,1.0,0.0,0.0,0.0
2024_09_09_verd-chtig-auf-den-ersten-blick,israelis,1,1,0,0,0,0,0,0,0,0,0,0,0,0,0,0,0.0,0.0,0.0,0.0
2024_09_09_verd-chtig-auf-den-ersten-blick,palestinians,2,1,2,0,0,0,0,0,2,0,0,0,0,0,0,0,1.0,0.0,0.0,4.0
2024_09_10_gefl-chtete-an-grenze-abweisen-darf-die-ampel-das,palestinians,1,1,0,0,0,0,0,0,0,0,0,0,0,0,0,0,0.0,0.0,0.0,0.0
2024_09_10_humanit-re-zone,israelis,2,2,0,0,0,0,0,0,0,0,0,0,0,0,0,0,0.0,0.0,0.0,0.0
2024_09_10_humanit-re-zone,palestinians,1,1,0,0,0,0,0,0,0,0,0,0,0,0,0,0,0.0,0.0,0.0,0.0
2024_09_10_israel-l-uft-gefahr-sich-selbst-moralisch-zu-zerst-ren,israelis,6,6,6,1,0,0,0,0,0,0,0,0,0,0,0,2,1.0,0.1667,0.0,-1.5
2024_09_10_israel-l-uft-gefahr-sich-selbst-moralisch-zu-zerst-ren,palestinians,5,5,1,1,0,0,0,0,0,0,0,0,0,0,1,2,0.2,0.2,0.0,-1.0
2024_09_10_tote-bei-luftangriff-in-syrien,israelis,2,2,2,0,0,0,0,0,0,0,0,0,0,0,0,0,1.0,0.0,0.0,0.0
2024_09_10_tote-bei-luftangriff-in-syrien,palestinians,1,1,0,0,0,0,0,0,0,0,0,0,0,0,0,0,0.0,0.0,0.0,0.0
2024_09_10_zwischen-l-rm-und-substanz,palestinians,1,1,1,0,0,0,0,0,0,0,0,0,0,0,0,0,1.0,0.0,0.0,0.0
2024_09_11_blinken-fordert-fundamentale-nderungen-von-israels-milit-r-im-westjordanland,palestinians,1,1,0,0,0,0,0,0,0,0,0,0,0,0,0,0,0.0,0.0,0.0,0.0
2024_09_11_bomben-auf-die-humanit-re-zone,israelis,11,10,8,0,0,3,0,1,0,0,0,0,0,0,0,0,0.7273,0.0,0.2727,1.5
2024_09_11_bomben-auf-die-humanit-re-zone,palestinians,4,4,1,1,0,0,0,0,0,0,0,0,0,0,1,0,0.25,0.25,0.0,1.0
2024_09_11_wieder-sind-zivilisten-opfer,israelis,5,5,5,1,0,0,0,0,0,0,0,0,0,0,0,2,1.0,0.2,0.0,-1.5
2024_09_11_wieder-sind-zivilisten-opfer,palestinians,5,5,1,1,0,0,0,0,0,0,0,0,0,0,2,2,0.2,0.2,0.0,-0.5
2024_09_12_besuch-beim-krisengewinner,israelis,2,2,0,0,0,1,0,0,0,0,0,0,0,0,0,0,0.0,0.0,0.5,0.0
2024_09_12_besuch-beim-krisengewinner,palestinians,7,7,5,0,0,1,0,0,0,0,0,0,0,0,0,0,0.7143,0.0,0.1429,0.0
2024_09_12_ihr-seid-vollidioten,israelis,1,1,1,0,0,0,0,0,0,0,0,0,0,0,0,2,1.0,0.0,0.0,-2.0
2024_09_12_ihr-seid-vollidioten,palestinians,4,4,2,1,0,1,0,0,0,2,0,0,0,0,0,2,0.5,0.25,0.25,2.5
2024_09_13_es-trifft-den-kern-des-deutschen-gesch-ftsmodells,israelis,1,1,0,0,0,0,0,0,0,0,0,0,0,0,0,0,0.0,0.0,0.0,0.0
2024_09_13_es-trifft-den-kern-des-deutschen-gesch-ftsmodells,palestinians,1,1,0,0,0,0,0,0,0,0,0,0,0,0,0,0,0.0,0.0,0.0,0.0
2024_09_13_who-erste-polio-impf-runde-im-gazastreifen-beendet,israelis,1,1,1,0,0,0,0,0,0,0,0,0,0,0,0,0,1.0,0.0,0.0,0.0
2024_09_14_die-problemzonen-der-industrie,israelis,1,1,0,0,0,0,0,0,0,0,0,0,0,0,0,0,0.0,0.0,0.0,0.0
2024_09_14_die-problemzonen-der-industrie,palestinians,1,1,0,0,0,0,0,0,0,0,0,0,0,0,0,0,0.0,0.0,0.0,0.0
2024_09_14_es-war-als-w-rde-ein-teil-von-mir-auf-eis-gelegt-werden,general_journalists,1,1,0,0,0,0,0,0,0,0,0,0,0,0,0,0,0.0,0.0,0.0,0.0
2024_09_14_es-war-als-w-rde-ein-teil-von-mir-auf-eis-gelegt-werden,israelis,1,1,0,0,0,0,0,0,0,0,0,0,0,0,0,0,0.0,0.0,0.0,0.0
2024_09_14_es-war-als-w-rde-ein-teil-von-mir-auf-eis-gelegt-werden,palestinians,2,2,0,0,0,0,0,0,0,0,0,0,0,0,0,0,0.0,0.0,0.0,0.0
2024_09_14_unerschrocken-ber-den-atlantik,general_journalists,1,1,1,0,0,0,0,0,0,0,0,0,0,0,0,0,1.0,0.0,0.0,0.0
2024_09_14_unerschrocken-ber-den-atlantik,palestinians,1,1,1,0,0,0,0,0,0,0,0,0,0,0,0,0,1.0,0.0,0.0,0.0
2024_09_14_vorerst-weiter-vorsichtig,general_journalists,2,2,2,1,0,1,0,0,0,0,0,0,0,0,0,0,1.0,0.5,0.5,0.5
2024_09_14_vorerst-weiter-vorsichtig,palestinians,1,1,1,0,0,0,0,0,0,0,0,0,0,0,0,0,1.0,0.0,0.0,0.0
2024_09_14_wer-geht-f-r-mich-auf-die-stra-e,palestinians,1,1,0,0,0,0,0,0,0,0,0,0,0,0,0,0,0.0,0.0,0.0,0.0
2024_09_15_huthi-miliz-feuert-rakete-auf-israel,israelis,4,4,1,0,0,0,0,0,0,0,0,0,0,0,0,0,0.25,0.0,0.0,0.0
2024_09_16_achtung-linker-faschismus,palestinians,2,2,0,0,0,1,0,0,0,0,0,0,0,0,0,1,0.0,0.0,0.5,-1.0
2024_09_16_angriff-auf-ehemalige-schule,israelis,3,3,3,0,0,0,0,0,0,0,0,0,0,0,0,0,1.0,0.0,0.0,0.0
2024_09_16_angriff-auf-ehemalige-schule,palestinians,2,2,1,0,0,0,0,0,0,0,0,0,0,0,0,0,0.5,0.0,0.0,0.0
2024_09_16_der-schlimmste-albtraum-eines-jeden-zeitungsredakteurs,general_journalists,7,7,3,0,0,2,0,0,0,0,0,0,0,0,0,0,0.4286,0.0,0.2857,0.0
2024_09_16_der-schlimmste-albtraum-eines-jeden-zeitungsredakteurs,israelis,2,2,2,0,0,0,0,0,0,0,0,0,0,0,0,0,1.0,0.0,0.0,0.0
2024_09_16_der-schlimmste-albtraum-eines-jeden-zeitungsredakteurs,palestinians,2,2,2,0,0,1,0,0,0,0,0,0,0,0,0,0,1.0,0.0,0.5,0.0
2024_09_16_hamas-im-norden-gazas-angeblich-am-wiedererstarken,israelis,4,4,2,0,0,0,0,0,0,0,0,0,0,0,0,0,0.5,0.0,0.0,0.0
2024_09_16_hamas-im-norden-gazas-angeblich-am-wiedererstarken,palestinians,1,1,0,0,0,0,0,0,0,0,0,0,0,0,0,0,0.0,0.0,0.0,0.0
2024_09_16_wieso-um-teile-von-z-rich-bald-ein-faden-gespannt-sein-wird,israelis,1,1,1,0,0,1,0,0,0,0,0,0,0,0,0,0,1.0,0.0,1.0,0.0
2024_09_16_wieso-um-teile-von-z-rich-bald-ein-faden-gespannt-sein-wird,palestinians,1,1,0,0,0,1,0,0,0,0,0,0,0,0,1,0,0.0,0.0,1.0,0.5
2024_09_17_albtraum,general_journalists,6,6,3,0,0,3,0,0,0,0,0,0,0,0,0,0,0.5,0.0,0.5,0.0
2024_09_17_albtraum,israelis,2,2,2,0,0,0,0,0,0,0,0,0,0,0,0,0,1.0,0.0,0.0,0.0
2024_09_17_albtraum,palestinians,2,2,2,0,0,1,0,0,0,0,0,0,0,0,0,0,1.0,0.0,0.5,0.0
2024_09_17_digital-vorbereitet,israelis,1,1,0,0,0,0,0,0,0,0,0,0,0,0,0,0,0.0,0.0,0.0,0.0
2024_09_17_digital-vorbereitet,palestinians,1,1,0,0,0,0,0,0,0,0,0,0,0,0,0,0,0.0,0.0,0.0,0.0
2024_09_17_ein-faden-als-religi-ser-kniff,israelis,1,1,1,0,0,1,0,0,0,0,0,0,0,0,0,0,1.0,0.0,1.0,0.0
2024_09_17_ein-faden-als-religi-ser-kniff,palestinians,1,1,0,0,0,1,0,0,0,0,0,0,0,0,1,0,0.0,0.0,1.0,0.5
2024_09_17_offener-brief-an-israel-und-gypten,general_journalists,8,7,6,0,0,2,0,0,0,0,0,0,0,0,0,0,0.75,0.0,0.25,0.0
2024_09_17_offener-brief-an-israel-und-gypten,israelis,2,2,2,0,0,0,0,0,0,0,0,0,0,0,0,0,1.0,0.0,0.0,0.0
2024_09_17_offener-brief-deutscher-medien-an-israel-und-gypten,general_journalists,6,6,3,0,0,0,0,0,0,0,0,0,0,0,0,0,0.5,0.0,0.0,0.0
2024_09_17_offener-brief-deutscher-medien-an-israel-und-gypten,israelis,3,3,1,0,0,0,0,0,0,0,0,0,0,0,0,0,0.3333,0.0,0.0,0.0
2024_09_17_offener-brief-deutscher-medien-an-israel-und-gypten,palestinians,1,1,1,0,0,0,0,0,0,0,0,0,0,0,0,0,1.0,0.0,0.0,0.0
2024_09_17_viele-gehen-f-lschlicherweise-davon-aus-dass-f-r-lehrer-ein-neutralit-tsgebot-gi,general_journalists,1,1,0,0,0,0,0,0,0,0,0,0,0,0,0,0,0.0,0.0,0.0,0.0
2024_09_17_viele-gehen-f-lschlicherweise-davon-aus-dass-f-r-lehrer-ein-neutralit-tsgebot-gi,palestinians,1,1,1,0,0,0,0,0,0,0,0,0,0,0,0,0,1.0,0.0,0.0,0.0
2024_09_17_wiedererstarken-der-hamas,israelis,2,2,0,0,0,0,0,0,0,0,0,0,0,0,0,0,0.0,0.0,0.0,0.0
2024_09_17_wiedererstarken-der-hamas,palestinians,1,1,0,0,0,0,0,0,0,0,0,0,0,0,0,0,0.0,0.0,0.0,0.0
2024_09_18_diese-angriffe-auf-die-hisbollah-sind-wohl-nur-ein-auftakt,israelis,6,6,5,2,0,0,0,0,0,0,0,0,0,0,0,0,0.8333,0.3333,0.0,1.0
2024_09_18_diese-angriffe-auf-die-hisbollah-sind-wohl-nur-ein-auftakt,palestinians,1,1,0,0,0,0,0,0,0,0,0,0,0,0,0,0,0.0,0.0,0.0,0.0
2024_09_18_lesungen-die-den-blick-weiten,israelis,1,1,1,0,0,0,0,0,0,0,0,0,0,0,0,0,1.0,0.0,0.0,0.0
2024_09_18_lesungen-die-den-blick-weiten,palestinians,1,1,0,0,0,0,0,0,0,0,0,0,0,0,0,0,0.0,0.0,0.0,0.0
2024_09_18_was-bisher-ber-die-pager-explosionen-in-libanon-bekannt-ist,general_journalists,1,1,1,0,0,0,0,0,0,0,0,0,0,0,0,0,1.0,0.0,0.0,0.0
2024_09_18_was-bisher-ber-die-pager-explosionen-in-libanon-bekannt-ist,israelis,5,5,4,0,0,1,0,0,0,0,0,0,0,0,0,0,0.8,0.0,0.2,0.0
2024_09_18_was-bisher-ber-die-pager-explosionen-in-libanon-bekannt-ist,palestinians,1,1,1,0,0,1,0,0,0,0,0,0,0,0,0,0,1.0,0.0,1.0,0.0
2024_09_19_17-9-2024-tag-null,israelis,4,4,3,0,0,1,0,0,0,0,0,0,0,0,0,0,0.75,0.0,0.25,0.0
2024_09_19_17-9-2024-tag-null,palestinians,1,1,1,0,0,0,0,0,0,0,0,0,0,0,0,0,1.0,0.0,0.0,0.0
2024_09_19_bei-anruf-tod,general_journalists,1,1,0,0,0,0,0,0,0,0,0,0,0,0,0,0,0.0,0.0,0.0,0.0
2024_09_19_bei-anruf-tod,israelis,9,8,6,0,0,2,0,0,0,0,0,0,0,0,0,1,0.6667,0.0,0.2222,-1.0
2024_09_19_bei-anruf-tod,palestinians,1,1,0,0,0,0,0,0,0,0,0,0,0,0,0,0,0.0,0.0,0.0,0.0
2024_09_19_den-blick-nach-oben-richten,israelis,1,1,1,0,0,0,0,0,0,0,0,0,0,0,0,0,1.0,0.0,0.0,0.0
2024_09_19_den-blick-nach-oben-richten,palestinians,1,1,0,0,0,1,0,0,0,0,0,0,0,0,0,0,0.0,0.0,1.0,0.0
2024_09_19_schattenkrieg-n-chste-stufe,israelis,6,6,5,2,0,0,0,0,0,0,0,0,0,0,0,0,0.8333,0.3333,0.0,1.0
2024_09_19_schattenkrieg-n-chste-stufe,palestinians,1,1,0,0,0,0,0,0,0,0,0,0,0,0,0,0,0.0,0.0,0.0,0.0
2024_09_19_zuerst-dachte-ich-es-w-ren-lauter-unf-lle,general_journalists,1,1,1,0,0,0,0,0,0,0,0,0,0,0,0,0,1.0,0.0,0.0,0.0
2024_09_19_zuerst-dachte-ich-es-w-ren-lauter-unf-lle,israelis,5,5,2,0,0,0,0,0,1,0,0,0,0,0,0,0,0.4,0.0,0.0,2.0
2024_09_19_zuerst-dachte-ich-es-w-ren-lauter-unf-lle,palestinians,2,2,1,0,0,0,0,0,0,0,0,0,0,0,0,0,0.5,0.0,0.0,0.0
2024_09_20_das-dilemma-mit-israel-versch-rft-sich,israelis,11,10,5,0,0,1,0,0,0,0,0,0,0,0,1,0,0.4545,0.0,0.0909,0.5
2024_09_20_das-dilemma-mit-israel-versch-rft-sich,palestinians,2,2,1,0,0,0,0,0,0,0,0,0,0,0,0,0,0.5,0.0,0.0,0.0
2024_09_20_der-feind-in-meiner-hand,israelis,29,27,22,2,0,5,0,0,1,0,0,0,0,0,0,0,0.7586,0.069,0.1724,3.0
2024_09_20_der-feind-in-meiner-hand,palestinians,4,4,3,0,0,0,0,0,0,0,0,0,0,0,0,0,0.75,0.0,0.0,0.0
2024_09_20_die-jugend-entdeckt-den-zweifel,general_journalists,6,6,4,0,0,0,0,0,0,0,0,0,0,0,0,2,0.6667,0.0,0.0,-2.0
2024_09_20_die-jugend-entdeckt-den-zweifel,palestinians,1,1,0,0,0,0,0,0,0,0,0,0,0,0,0,2,0.0,0.0,0.0,-2.0
2024_09_20_im-teufelskreis-von-leid-und-widerstand,israelis,20,20,9,1,0,4,0,0,0,0,0,0,0,0,0,2,0.45,0.05,0.2,-1.5
2024_09_20_im-teufelskreis-von-leid-und-widerstand,palestinians,10,9,5,0,0,0,0,0,3,0,1,0,0,0,0,0,0.5,0.0,0.0,8.5
2024_09_21_wer-s-glaubt,general_journalists,5,5,3,0,2,1,0,0,0,0,0,0,0,0,0,2,0.6,0.0,0.2,-2.0
2024_09_21_wer-s-glaubt,palestinians,1,1,0,0,0,0,0,0,0,0,0,0,0,0,0,2,0.0,0.0,0.0,-2.0
2024_09_22_die-letzten-bauern-von-margaliot,israelis,8,8,4,0,0,1,0,0,0,0,0,0,0,0,0,0,0.5,0.0,0.125,0.0
2024_09_22_die-letzten-bauern-von-margaliot,palestinians,3,3,1,0,0,1,0,0,0,0,0,0,0,0,0,0,0.3333,0.0,0.3333,0.0
2024_09_22_h-lfte-der-geiseln-im-gazastreifen-laut-netanjahu-noch-am-leben,israelis,1,1,1,0,0,0,0,0,0,0,0,0,0,0,0,0,1.0,0.0,0.0,0.0
2024_09_23_beim-schlafen-bleibt-ein-auge-offen,israelis,6,6,2,0,0,3,0,0,0,0,0,0,0,0,0,0,0.3333,0.0,0.5,0.0
2024_09_23_beim-schlafen-bleibt-ein-auge-offen,palestinians,1,1,1,0,0,1,0,0,0,0,0,0,0,0,0,0,1.0,0.0,1.0,0.0
2024_09_23_ich-ducke-mich-nicht-weg,israelis,4,4,2,0,0,0,0,0,0,0,0,0,0,0,0,0,0.5,0.0,0.0,0.0
2024_09_23_ich-ducke-mich-nicht-weg,palestinians,2,2,0,0,0,0,0,0,0,0,0,0,0,0,0,0,0.0,0.0,0.0,0.0
2024_09_23_unter-beschuss-in-margaliot,israelis,8,8,4,0,0,1,0,0,0,0,0,0,0,0,0,0,0.5,0.0,0.125,0.0
2024_09_23_unter-beschuss-in-margaliot,palestinians,3,3,1,0,0,1,0,0,0,0,0,0,0,0,0,0,0.3333,0.0,0.3333,0.0
2024_09_24_beim-schlafen-bleibt-ein-auge-auf,israelis,5,5,1,0,0,4,0,0,0,0,0,0,0,0,0,0,0.2,0.0,0.8,0.0
2024_09_24_beim-schlafen-bleibt-ein-auge-auf,palestinians,1,1,1,0,0,1,0,0,0,0,0,0,0,0,0,0,1.0,0.0,1.0,0.0
2024_09_24_bomben-f-r-den-frieden,israelis,18,18,13,0,0,2,0,1,1,0,0,0,0,0,0,0,0.7222,0.0,0.1111,3.5
2024_09_24_bomben-f-r-den-frieden,palestinians,5,4,3,0,0,0,0,0,1,0,0,0,0,0,0,0,0.6,0.0,0.0,2.0
2024_09_24_israels-vorgehen-l-sst-sich-durchaus-rechtfertigen,general_journalists,1,1,0,0,0,0,0,0,0,0,0,0,0,0,0,0,0.0,0.0,0.0,0.0
2024_09_24_israels-vorgehen-l-sst-sich-durchaus-rechtfertigen,israelis,4,4,4,1,0,0,0,0,0,0,0,0,0,0,0,0,1.0,0.25,0.0,0.5
2024_09_24_israels-vorgehen-l-sst-sich-durchaus-rechtfertigen,palestinians,3,3,0,1,0,0,0,0,0,0,0,0,0,0,0,0,0.0,0.3333,0.0,0.5
2024_09_25_augsburger-bischof-kritisiert-israel,israelis,3,3,1,0,0,1,0,0,0,0,0,0,0,0,0,0,0.3333,0.0,0.3333,0.0
2024_09_25_augsburger-bischof-kritisiert-israel,palestinians,1,1,0,0,0,0,0,0,0,0,0,0,0,0,0,0,0.0,0.0,0.0,0.0
2024_09_25_ein-letztes-farewell,israelis,2,2,2,1,0,0,0,0,0,0,0,0,0,0,0,0,1.0,0.5,0.0,0.5
2024_09_25_ein-letztes-farewell,palestinians,3,3,2,0,0,1,0,0,0,0,0,0,0,0,0,1,0.6667,0.0,0.3333,-1.0
2024_09_25_ein-pulverfass-das-die-welt-in-brand-zu-setzen-droht,israelis,6,6,1,0,0,1,0,0,0,0,0,0,0,0,0,0,0.1667,0.0,0.1667,0.0
2024_09_25_ein-pulverfass-das-die-welt-in-brand-zu-setzen-droht,palestinians,2,2,2,0,0,0,0,0,1,0,0,0,0,0,0,0,1.0,0.0,0.0,2.0
2024_09_25_eskalation-zur-deeskalation,general_journalists,1,1,0,0,0,0,0,0,0,0,0,0,0,0,0,0,0.0,0.0,0.0,0.0
2024_09_25_eskalation-zur-deeskalation,israelis,5,5,4,1,0,0,0,0,0,0,0,0,0,0,0,0,0.8,0.2,0.0,0.5
2024_09_25_eskalation-zur-deeskalation,palestinians,3,3,0,1,0,0,0,0,0,0,0,0,0,0,0,0,0.0,0.3333,0.0,0.5
2024_09_25_israel-setzt-angriffe-in-libanon-fort,israelis,14,14,7,2,0,4,0,0,0,0,0,1,0,0,0,2,0.5,0.1429,0.2857,1.5
2024_09_25_israel-setzt-angriffe-in-libanon-fort,palestinians,2,2,1,0,0,1,0,0,0,0,0,0,0,0,0,0,0.5,0.0,0.5,0.0
2024_09_25_israel-will-nur-frieden-zu-seinen-eigenen-bedingungen,general_journalists,1,1,1,1,0,0,0,0,0,0,0,0,0,0,0,0,1.0,1.0,0.0,0.5
2024_09_25_israel-will-nur-frieden-zu-seinen-eigenen-bedingungen,israelis,34,29,26,5,0,1,1,0,0,0,0,0,0,0,0,1,0.7647,0.1471,0.0294,3.5
2024_09_25_israel-will-nur-frieden-zu-seinen-eigenen-bedingungen,palestinians,1,1,0,0,0,0,0,0,0,0,0,0,0,0,0,0,0.0,0.0,0.0,0.0
2024_09_25_keir-starmer-braucht-jetzt-eine-steile-lernkurve,general_journalists,2,2,2,0,0,0,0,0,0,0,0,0,0,0,0,0,1.0,0.0,0.0,0.0
2024_09_25_keir-starmer-braucht-jetzt-eine-steile-lernkurve,palestinians,1,1,1,0,0,0,0,0,0,0,0,0,0,0,0,0,1.0,0.0,0.0,0.0
2024_09_25_l-rm-in-labourland,general_journalists,3,2,3,0,0,1,0,0,0,0,0,0,0,0,0,0,1.0,0.0,0.3333,0.0
2024_09_25_l-rm-in-labourland,palestinians,1,1,1,1,0,1,0,0,0,0,0,0,0,0,0,0,1.0,1.0,1.0,0.5
2024_09_26_angst-und-aggression,israelis,5,5,1,0,0,1,0,0,0,0,0,0,0,0,0,0,0.2,0.0,0.2,0.0
2024_09_26_angst-und-aggression,palestinians,2,2,2,0,0,0,0,0,1,0,0,0,0,0,0,0,1.0,0.0,0.0,2.0
2024_09_26_beh-rden-fast-100-tote-nach-erneuten-angriffen-in-libanon,israelis,1,1,0,0,0,0,0,0,0,0,0,0,0,0,0,0,0.0,0.0,0.0,0.0
2024_09_26_israel-will-frieden-zu-seinen-bedingungen,general_journalists,1,1,1,1,0,0,0,0,0,0,0,0,0,0,0,0,1.0,1.0,0.0,0.5
2024_09_26_israel-will-frieden-zu-seinen-bedingungen,israelis,33,28,23,6,0,1,1,0,0,0,0,0,0,0,0,1,0.697,0.1818,0.0303,4.0
2024_09_26_israel-will-frieden-zu-seinen-bedingungen,palestinians,1,1,0,0,0,0,0,0,0,0,0,0,0,0,0,0,0.0,0.0,0.0,0.0
2024_09_26_lernen-lernen-lernen,general_journalists,2,2,2,0,0,0,0,0,0,0,0,0,0,0,0,0,1.0,0.0,0.0,0.0
2024_09_26_lernen-lernen-lernen,palestinians,1,1,1,0,0,0,0,0,0,0,0,0,0,0,0,0,1.0,0.0,0.0,0.0
2024_09_26_wie-j-dische-siedler-im-westjordanland-pal-stinenser-terrorisieren,israelis,6,6,4,0,0,0,0,0,0,0,0,0,0,0,0,0,0.6667,0.0,0.0,0.0
2024_09_26_wie-j-dische-siedler-im-westjordanland-pal-stinenser-terrorisieren,palestinians,10,10,7,0,0,0,0,0,4,0,0,0,0,0,0,0,0.7,0.0,0.0,8.0
2024_09_27_das-ist-es-was-die-rechten-nicht-wollen,israelis,1,1,0,0,0,0,0,0,0,0,0,0,0,0,0,0,0.0,0.0,0.0,0.0
2024_09_27_das-ist-es-was-die-rechten-nicht-wollen,palestinians,3,2,1,0,0,2,0,0,0,0,0,0,0,0,0,0,0.3333,0.0,0.6667,0.0
2024_09_27_israel-muss-sich-fragen-ob-es-wirklich-so-sein-will-als-staat,israelis,21,21,14,2,0,0,0,0,2,0,0,1,0,0,2,0,0.6667,0.0952,0.0,8.5
2024_09_27_israel-muss-sich-fragen-ob-es-wirklich-so-sein-will-als-staat,palestinians,6,4,3,4,0,0,0,0,6,0,0,0,0,0,0,0,0.5,0.6667,0.0,14.0
2024_09_27_krisendiplomatie-im-zeitraffer,israelis,13,13,6,1,0,1,0,0,0,0,0,0,0,0,0,0,0.4615,0.0769,0.0769,0.5
2024_09_27_unter-feinden,israelis,7,7,5,0,0,0,0,0,0,0,0,0,0,0,0,0,0.7143,0.0,0.0,0.0
2024_09_27_unter-feinden,palestinians,10,10,7,0,0,0,0,0,4,0,0,0,0,0,0,0,0.7,0.0,0.0,8.0
2024_09_27_wom-glich-dutzende-tote-nach-angriff-auf-hauptquartier-der-hisbollah,israelis,1,1,0,0,0,0,0,0,0,0,0,0,0,0,0,0,0.0,0.0,0.0,0.0
2024_09_28_au-enministerin-baerbock-warnt-vor-absoluter-gewaltspirale,israelis,1,1,1,0,0,0,0,0,0,0,0,0,0,0,0,0,1.0,0.0,0.0,0.0
2024_09_28_euren-hass-filme-ich,general_journalists,2,2,1,0,0,0,0,0,0,0,0,0,0,0,0,0,0.5,0.0,0.0,0.0
2024_09_28_euren-hass-filme-ich,israelis,1,1,1,0,0,0,0,0,0,0,0,0,0,0,0,0,1.0,0.0,0.0,0.0
2024_09_28_euren-hass-filme-ich,palestinians,1,1,1,0,0,0,0,0,0,0,0,0,0,0,0,0,1.0,0.0,0.0,0.0
2024_09_28_netanjahu-und-seine-botschaft-f-r-die-tyrannen,general_journalists,1,1,1,0,0,0,0,0,0,0,0,0,0,0,0,0,1.0,0.0,0.0,0.0
2024_09_28_netanjahu-und-seine-botschaft-f-r-die-tyrannen,israelis,17,17,13,3,0,4,0,0,0,0,0,0,0,0,0,0,0.7647,0.1765,0.2353,1.5
2024_09_28_netanjahu-und-seine-botschaft-f-r-die-tyrannen,palestinians,1,1,0,0,0,0,0,0,0,0,0,0,0,0,0,0,0.0,0.0,0.0,0.0
2024_09_28_nichts-als-gewalt,israelis,17,17,14,2,0,0,0,0,1,0,0,1,0,0,2,0,0.8235,0.1176,0.0,6.5
2024_09_28_nichts-als-gewalt,palestinians,6,4,4,4,0,0,0,0,5,0,0,0,0,0,0,0,0.6667,0.6667,0.0,12.0
2024_09_29_der-beste-freund-der-mullahs,israelis,17,17,11,0,0,3,0,0,0,0,0,0,0,0,0,0,0.6471,0.0,0.1765,0.0
2024_09_29_der-beste-freund-der-mullahs,palestinians,1,1,0,1,0,0,0,0,0,0,0,0,0,0,0,0,0.0,1.0,0.0,0.5
2024_09_29_israel-meldet-angriffe-in-jemen,israelis,3,3,2,0,0,0,0,0,0,0,0,0,0,0,1,0,0.6667,0.0,0.0,0.5
2024_09_29_nasrallah-ist-tot-und-netanjahu-muss-sich-entscheiden,israelis,5,5,5,1,0,0,0,1,0,0,0,0,0,0,0,0,1.0,0.2,0.0,2.0
2024_09_29_nasrallah-ist-tot-und-netanjahu-muss-sich-entscheiden,palestinians,1,1,1,0,0,0,0,0,0,0,0,0,0,0,0,0,1.0,0.0,0.0,0.0
2024_09_30_der-beste-freund,israelis,16,16,9,0,0,2,0,0,0,0,0,0,0,0,0,0,0.5625,0.0,0.125,0.0
2024_09_30_der-beste-freund,palestinians,1,1,0,1,0,0,0,0,0,0,0,0,0,0,0,0,0.0,1.0,0.0,0.5
2024_09_30_die-chance,israelis,5,5,5,1,0,0,0,1,0,0,0,0,0,0,0,0,1.0,0.2,0.0,2.0
2024_09_30_die-chance,palestinians,1,1,1,0,0,0,0,0,0,0,0,0,0,0,0,0,1.0,0.0,0.0,0.0
2024_09_30_warum-sterreich-nach-rechts-r-ckt,palestinians,1,1,0,0,0,1,0,0,0,0,0,0,0,0,0,0,0.0,0.0,1.0,0.0
2024_09_30_wir-wollen-dem-kult-des-todes-eine-kultur-des-lebens-entgegensetzen,general_journalists,2,2,1,0,0,0,0,0,0,0,0,0,0,0,0,0,0.5,0.0,0.0,0.0
2024_09_30_wir-wollen-dem-kult-des-todes-eine-kultur-des-lebens-entgegensetzen,israelis,3,3,2,0,0,0,0,0,0,0,0,0,0,0,0,0,0.6667,0.0,0.0,0.0
2024_09_30_wir-wollen-dem-kult-des-todes-eine-kultur-des-lebens-entgegensetzen,palestinians,3,3,2,0,0,0,0,0,0,0,0,0,0,0,0,0,0.6667,0.0,0.0,0.0
2024_10_01_527-f-lle-von-israelfeindlichem-judenhass-in-nur-sechs-monaten,israelis,4,4,2,1,0,1,0,0,0,0,0,0,0,0,1,0,0.5,0.25,0.25,1.0
2024_10_01_527-f-lle-von-israelfeindlichem-judenhass-in-nur-sechs-monaten,palestinians,2,2,1,1,0,1,0,0,0,0,0,0,0,0,0,0,0.5,0.5,0.5,0.5
2024_10_01_an-die-zukunft-zu-denken-ist-ein-luxus-den-wir-nicht-mehr-haben,israelis,9,9,5,0,0,0,0,0,0,0,0,0,0,0,0,0,0.5556,0.0,0.0,0.0
2024_10_01_an-die-zukunft-zu-denken-ist-ein-luxus-den-wir-nicht-mehr-haben,palestinians,3,3,2,0,0,0,0,0,1,0,0,0,0,0,0,2,0.6667,0.0,0.0,0.0
2024_10_01_das-programm-der-m-nchner-b-cherschau-steht-fest,palestinians,1,1,0,0,0,1,0,0,0,0,0,0,0,0,0,0,0.0,0.0,1.0,0.0
2024_10_02_90-minuten-des-grauens,general_journalists,1,1,1,0,0,1,0,0,0,0,0,0,0,0,0,0,1.0,0.0,1.0,0.0
2024_10_02_90-minuten-des-grauens,palestinians,1,1,1,0,0,0,0,0,0,0,0,0,0,0,0,0,1.0,0.0,0.0,0.0
2024_10_02_biden-lehnt-angriffe-auf-iranische-atomanlagen-ab,general_journalists,1,1,0,0,0,0,0,0,0,0,0,0,0,0,0,0,0.0,0.0,0.0,0.0
2024_10_02_biden-lehnt-angriffe-auf-iranische-atomanlagen-ab,israelis,1,1,1,0,0,0,0,0,0,0,0,0,0,0,0,0,1.0,0.0,0.0,0.0
2024_10_02_der-scheinriese-von-teheran,general_journalists,1,1,1,0,0,0,0,0,0,0,0,0,0,0,0,0,1.0,0.0,0.0,0.0
2024_10_02_der-scheinriese-von-teheran,israelis,10,10,6,1,0,0,0,0,0,0,0,0,0,0,0,0,0.6,0.1,0.0,0.5
2024_10_02_der-scheinriese-von-teheran,palestinians,3,3,1,0,0,1,0,0,0,0,0,0,0,0,1,0,0.3333,0.0,0.3333,0.5
2024_10_02_die-warnung-aus-teheran,general_journalists,1,1,1,0,0,1,0,0,0,0,0,0,0,0,0,0,1.0,0.0,1.0,0.0
2024_10_02_die-warnung-aus-teheran,israelis,25,23,17,1,0,1,0,0,0,0,0,0,0,0,0,2,0.68,0.04,0.04,-1.5
2024_10_02_die-warnung-aus-teheran,palestinians,2,2,2,0,0,0,0,0,0,0,0,0,0,0,0,0,1.0,0.0,0.0,0.0
2024_10_02_ein-fast-vergessener-terrorakt,israelis,3,3,1,0,0,1,0,0,0,0,0,0,0,0,0,0,0.3333,0.0,0.3333,0.0
2024_10_02_ein-v-f-r-vielfalt,palestinians,1,1,0,0,0,1,0,0,0,0,0,0,0,0,0,0,0.0,0.0,1.0,0.0
2024_10_02_eine-art-des-widerstands,general_journalists,2,2,1,0,0,0,0,0,0,0,0,0,0,0,0,0,0.5,0.0,0.0,0.0
2024_10_02_eine-art-des-widerstands,israelis,3,3,2,0,0,0,0,0,0,0,0,0,0,0,0,0,0.6667,0.0,0.0,0.0
2024_10_02_eine-art-des-widerstands,palestinians,3,3,2,0,0,0,0,0,0,0,0,0,0,0,0,0,0.6667,0.0,0.0,0.0
2024_10_02_ich-habe-angst-zu-sterben,israelis,8,8,5,0,0,0,0,0,0,0,0,0,0,0,0,1,0.625,0.0,0.0,-1.0
2024_10_02_ich-habe-angst-zu-sterben,palestinians,3,3,2,0,0,0,0,0,1,0,0,0,0,0,0,2,0.6667,0.0,0.0,0.0
2024_10_02_ohnmacht-ratlosigkeit-und-die-staatsr-son,israelis,12,12,5,0,0,4,0,0,0,0,0,0,0,0,0,0,0.4167,0.0,0.3333,0.0
2024_10_02_ohnmacht-ratlosigkeit-und-die-staatsr-son,palestinians,2,1,1,0,0,0,0,0,0,0,0,0,0,0,0,0,0.5,0.0,0.0,0.0
2024_10_02_starmer-hofft-die-eu-r-tselt,general_journalists,2,2,1,0,0,0,0,0,0,0,0,0,0,0,0,0,0.5,0.0,0.0,0.0
2024_10_02_starmer-hofft-die-eu-r-tselt,palestinians,1,1,0,0,0,1,0,0,0,0,0,0,0,0,0,0,0.0,0.0,1.0,0.0
2024_10_02_vom-ende-eines-traums,israelis,9,9,2,1,0,2,0,0,0,0,0,0,0,0,0,0,0.2222,0.1111,0.2222,0.5
2024_10_02_vom-ende-eines-traums,palestinians,2,2,2,0,0,0,0,0,0,0,0,0,0,0,0,0,1.0,0.0,0.0,0.0
2024_10_03_biden-israel-k-nne-iranische-lanlagen-angreifen,israelis,2,2,1,0,0,0,0,0,0,0,0,0,0,0,0,0,0.5,0.0,0.0,0.0
2024_10_03_die-solidarit-t-wurde-schnell-br-chig,israelis,12,9,5,0,0,0,0,0,0,0,0,0,0,0,0,2,0.4167,0.0,0.0,-2.0
2024_10_03_die-solidarit-t-wurde-schnell-br-chig,palestinians,1,1,0,0,0,0,0,0,0,0,0,0,0,0,0,0,0.0,0.0,0.0,0.0
2024_10_03_iran-schlug-zu-weil-es-um-seine-macht-f-rchtet,israelis,5,5,2,0,0,0,0,0,0,0,0,0,0,0,0,0,0.4,0.0,0.0,0.0
2024_10_03_iran-schlug-zu-weil-es-um-seine-macht-f-rchtet,palestinians,2,1,0,0,0,0,0,0,0,0,0,0,0,0,0,0,0.0,0.0,0.0,0.0
2024_10_03_joe-bidens-verzweifelte-suche-nach-frieden,israelis,19,18,14,1,0,7,1,0,0,0,0,0,0,0,0,2,0.7368,0.0526,0.3684,0.5
2024_10_03_joe-bidens-verzweifelte-suche-nach-frieden,palestinians,1,1,0,0,0,0,0,0,0,0,0,0,0,0,0,0,0.0,0.0,0.0,0.0
2024_10_03_meine-liebe-mama,general_journalists,2,2,2,0,0,0,0,0,0,0,0,0,0,0,0,0,1.0,0.0,0.0,0.0
2024_10_03_meine-liebe-mama,israelis,6,6,3,1,1,0,0,0,0,0,0,0,0,0,0,2,0.5,0.1667,0.0,-1.5
2024_10_03_meine-liebe-mama,palestinians,7,6,4,1,0,0,0,0,0,0,0,0,0,0,0,2,0.5714,0.1429,0.0,-1.5
2024_10_03_stell-dir-vor-es-ist-krieg-und-europa-sorgt-sich-um-ladekabel-und-lieferketten,israelis,1,1,0,0,0,0,0,0,0,0,0,0,0,0,0,0,0.0,0.0,0.0,0.0
2024_10_03_stell-dir-vor-es-ist-krieg-und-europa-sorgt-sich-um-ladekabel-und-lieferketten,palestinians,1,1,0,0,0,0,0,0,0,0,0,0,0,0,0,0,0.0,0.0,0.0,0.0
2024_10_03_treffen-sich-drei-antisemiten,general_journalists,3,3,1,0,0,2,0,0,0,0,0,0,0,0,0,1,0.3333,0.0,0.6667,-1.0
2024_10_03_treffen-sich-drei-antisemiten,israelis,8,8,5,0,0,1,0,0,0,0,0,0,0,0,0,1,0.625,0.0,0.125,-1.0
2024_10_03_treffen-sich-drei-antisemiten,palestinians,3,2,1,0,0,2,0,0,0,0,0,0,0,0,0,0,0.3333,0.0,0.6667,0.0
2024_10_03_vers-hnungskirche-ruft-zur-teilnahme-an-demonstration-auf,israelis,1,1,0,0,0,0,0,0,0,0,0,0,0,0,0,2,0.0,0.0,0.0,-2.0
2024_10_03_vers-hnungskirche-ruft-zur-teilnahme-an-demonstration-auf,palestinians,1,1,1,0,0,0,0,0,0,0,0,0,0,0,0,0,1.0,0.0,0.0,0.0
2024_10_03_viele-ziele-aber-kein-plan,israelis,17,17,13,2,0,0,0,0,0,0,0,0,0,0,0,3,0.7647,0.1176,0.0,-2.0
2024_10_03_viele-ziele-aber-kein-plan,palestinians,3,3,1,0,0,0,0,0,0,0,0,0,0,0,0,0,0.3333,0.0,0.0,0.0
2024_10_03_wie-behalten-sie-einen-k-hlen-kopf-sophie-von-der-tann,israelis,2,2,1,0,0,0,0,0,0,0,0,0,0,0,0,0,0.5,0.0,0.0,0.0
2024_10_03_wie-behalten-sie-einen-k-hlen-kopf-sophie-von-der-tann,palestinians,1,1,0,0,0,0,0,0,0,0,0,0,0,0,0,0,0.0,0.0,0.0,0.0
2024_10_04_bidens-verzweifelte-suche-nach-frieden,israelis,17,16,13,2,0,8,1,0,0,0,0,0,0,0,0,2,0.7647,0.1176,0.4706,1.0
2024_10_04_bidens-verzweifelte-suche-nach-frieden,palestinians,1,1,0,0,0,0,0,0,0,0,0,0,0,0,0,0,0.0,0.0,0.0,0.0
2024_10_04_sophie-von-der-tann,israelis,3,3,1,0,0,0,0,0,0,0,0,0,0,0,0,0,0.3333,0.0,0.0,0.0
2024_10_04_sophie-von-der-tann,palestinians,1,1,0,0,0,0,0,0,0,0,0,0,0,0,0,0,0.0,0.0,0.0,0.0
2024_10_04_vers-hnungskirche-ruft-zu-demo-auf,israelis,1,1,0,0,0,0,0,0,0,0,0,0,0,0,0,2,0.0,0.0,0.0,-2.0
2024_10_04_vers-hnungskirche-ruft-zu-demo-auf,palestinians,1,1,1,0,0,0,0,0,0,0,0,0,0,0,0,0,1.0,0.0,0.0,0.0
